Hash,MalwareFamily,Arch
01c313fd8c0a2633e96fc77fd823565925e3a293853313d24ffb6f34554a924a,DarkNexus,arm
0b865f5ae480fe31058cb993b9ff2201410554ce504424e17d1358986d6e8526,DarkNexus,arm
11573492dc283467377178c19e872dbc04f70326e03133fe1416432475f5c246,DarkNexus,arm
16b54c499c2fa1033d9fa6c7820e74cbbfde3979f6a676de7e2a358f4d210d5d,DarkNexus,arm
1927e229e67cf9baa80e4cf0b9b6f043e842227742877efd97b1e5fa0cd73dad,DarkNexus,arm
199dd41fc405f18b51505b77ed23c25c221028072e0d1fdfd14ca8bb35a62940,DarkNexus,arm
1e23edbfd403a16b4dd6bb649ed4d6272a77bc3ed2f33acdad518169a06f6dc7,DarkNexus,arm
269626d27c46b3c1c18257539b1f58874eac508b39e2fd63911067df5e59cbab,DarkNexus,arm
284e29124f71528d38c61eaed24836cdf93b9d796558a7b7951b53f161bc3979,DarkNexus,arm
2ec57a2b5e60f4379fcfbaed74b0ded83ae0944432cfeb13bd263bf2a491afbb,DarkNexus,arm
34f2845292481c88416b3cf5c2b949ac59c703da926f066b4f9c312b92b80281,DarkNexus,arm
37088967ac20691b7a4a8fd04fd9bb9ed0018ab0f14a5ddc6ea4b17efff071ad,DarkNexus,arm
3ae9926fc56b10f33fa0ee4b9899a9c4b9246e6ff4c2f5b3a156946a2e5581bb,DarkNexus,arm
3fd1594822f9844239b9184e837188e7822ba010472e0888ee7128fb706af4b0,DarkNexus,arm
4104d39f014534002d3504607eb612a910d09f055cbe30f27163f5e884a7bd89,DarkNexus,arm
410da34b3374d4ef9d2aa1ce5bbfdca410b54db6c41b405d1e32b294a9658940,DarkNexus,arm
458d4361fc77df7434a5232c67998de4fcadb08da00e3784c0cb2517e218d836,DarkNexus,arm
45c8f4405bd961340e0192b2b984ce4ea037b7b53ce0c58d7241604355d09c57,DarkNexus,arm
4efe1e46dd4a05127cc82d5c0db99a60ec9e015bbbecbe91650c2fd882cf52c2,DarkNexus,arm
4fa6333171722fe91a9b8597318156b76ff808ccad3aea39f712ef908f7044da,DarkNexus,arm
540cba3ad79a126ea6d2a9cc57b7542e56bff1c28cec6140a481abea94c1855c,DarkNexus,arm
542fc6a70008392a64ee815af5608b405ba1e9aa553472a535ed4a339c5de6b7,DarkNexus,arm
560d2eefc9919c7b395b0c7fe7c51efa32a2a6bf2c87596cd1ba826f71b51626,DarkNexus,arm
5c1ddc83addb8abc775700e3902934f3da207e3f7f9ff957ebcb7ebc27c42eef,DarkNexus,arm
5cbb4c19f7792fd1de0a310f8414b0044c45851559f7c8d0690ddf1b16667758,DarkNexus,arm
5d7de7c86046104287850c9312974ad45fde10a46dfecacf2c1331c69cb12f0e,DarkNexus,arm
611d66611e40b4e805f55f30293852eeddbf6676bad46a8e9d0465cfc54248be,DarkNexus,arm
6d4151ca00945b5fae4465a6263f57975f652ab855adb2a1d94d4ae3db1e470e,DarkNexus,arm
6dfb594605d93a67a9d004158dcaa21300405879cb17be9971040a7549cf8b7b,DarkNexus,arm
75fda335f8d9c1b432989e2be16b8d50de6c08dbfadf6d4cad48c34021878296,DarkNexus,arm
76d9740d5960b7655c566447ca1ee0cb743c387dc1fc4835334902067435850a,DarkNexus,arm
779b90be281153ff6db21b5f67762cbcd0d682cebf19cb3e84e71fcbf015bbd4,DarkNexus,arm
7ec829e4dc5dc5bd75a21a902f987a7d7474c1bcd8ae1d3547467e483ed39891,DarkNexus,arm
81ba8cddb2d359e77443f2a480c293c0ab6e2a8a404294921c66193b968617b8,DarkNexus,arm
82997ad4eae28755d84ede6b0dce3ec2064bcada7ac49bfe3c4e175c4a9f8745,DarkNexus,arm
84ab777ea7c29cc82991f517c81e7154ae121e0cff0e8578d05c55c4a6a1094b,DarkNexus,arm
8703da7aff640e01ce1ae56d1ad15452c2b140cd632f9265f6f5ddad52d6931a,DarkNexus,arm
87bd612b41d5fee42a186f99038c11e375f1b5df13d25de3f7be1f46808eeaa5,DarkNexus,arm
8cdf00ad85c02e2bd5434585e30c59e5d3904e1ddc22c0f5d6ec95cd3716ebd4,DarkNexus,arm
8e7621fae5abcb742197a76737d36b1b3ed978c3003168521d50607a5bb37c03,DarkNexus,arm
8f7dd428518381cd0571283a51e2eedeb712df63a54e9be0de9e336ca6d8fd6f,DarkNexus,arm
926053b8f7328fdb53e3ebad32bc80a09d1650403d3705dc9a330c99002b3026,DarkNexus,arm
9559b5f23e17a6d44bed8c5a5164fbd4ae645838667d8b8cb57ba92a820a6f0e,DarkNexus,arm
996e10ae7e4e56e9e766383b6164326ff5c8dc45273bebaa1fa0df7e97e32d02,DarkNexus,arm
99e7a01ee0140fd10db400f214111128b8f7d9d0da04711ca27eef5c1fb7e625,DarkNexus,arm
a58c77e248552adb804042459c5882896447474f9c871de74253613b62b65f10,DarkNexus,arm
a7475e9390d2a5e54552f89c0fccd89b2ca62b97c0f1279db753a33fc6c17153,DarkNexus,arm
a8ee533132e623a76c455fea4783e6fb6eafc59afd4fc8bf29467bc5a253e07b,DarkNexus,arm
ab6cfa0c76c5880263490f20b7d220b3d12622ce835f0d13027b386ae7ee8f17,DarkNexus,arm
ac61c8d061654c3661de6ca7da18fa61943f3f12a8b139caa680358b5dbfb430,DarkNexus,arm
acb4dc2cb8b010b4914d4fc617adc0678089110e779b077d092c846e7f868081,DarkNexus,arm
b010245d80ca68cccc3af0cfe7254939afa6d8481f62d9e1cb40e3b5e2036dd4,DarkNexus,arm
b32c35b2be1319831330f6987f529591370d2039bc88f74226aa07b9efe98c16,DarkNexus,arm
b32f35b3570c741fcc0f6913d2bc7efa10fe7cb99260961e18758e0071a72bb8,DarkNexus,arm
b618aeafce649624d6a9cfc13ba682263c145067dcc2fda6f2d32283c22cf94e,DarkNexus,arm
b8d242ad054eb33c3c38cae7b5fc948c54d5dd4736feb1c82735cd1bc0f5d3cf,DarkNexus,arm
b8fc1a706b8c2e7e64291259f8934ef458f317faa44789f7571ad4d6a154f71b,DarkNexus,arm
bec093f5c06f0e942501cb54952b27b6de8e0fb7ca9b576209eb8f72c2b501f4,DarkNexus,arm
bffb32f7168bf8a0e57b4bca9f16ec569e0559ce3810e4329d4db570ad32dd2f,DarkNexus,arm
c2e930628fa2f2e2acc72d18776718ab0e37de28ba5a2fe4486dfa4144288f74,DarkNexus,arm
c3a77ecbfeb1e61f1209f96933ecc3acfbd085358170bc4d7926968e34ca1356,DarkNexus,arm
c59e576de11cffa74bb79d7b70162da48dacd6bb6d2f7adca21cbc3a13101b40,DarkNexus,arm
c6a991ca9b2653f1cf107f13c2bece17e4c1c43ab079bb7c52c93c57792fdf50,DarkNexus,arm
c731a8ccbbd2850f85e4171b48b767e79f9cea4927356fbcd422cec8c7e324a6,DarkNexus,arm
c98c2a8144d0edd43f6b636a2adc0f89821be92cb10a5979cbb97b6162fa0ac8,DarkNexus,arm
ce1f73ddc1929a6592102428d7c3b7ea831c0da9995a027744c53b214eb9a7f9,DarkNexus,arm
d011c72a913b3f7aa1be9afc488e604a968d805484add3771aa0589799aef575,DarkNexus,arm
d16ea208cf3e62cb6ed17f6889f9c4e9479f6908f6ee5c05ef1e9b36fe56cd0c,DarkNexus,arm
d6a9e3fb5208b31cfb8dc7ead0f6d1efd1b22e56ede51f851ca32942b1110e26,DarkNexus,arm
d87f4ae22941d84a3c1c07ac31f8342db422c1bd2f3c99b9a3d03a112731658c,DarkNexus,arm
d934fceace8c13eaf2ebf252ad293d0752762cead13f8c911a022feacdd8b44b,DarkNexus,arm
d935e9ab16739335feb943c225136fb5b6a0c07a5f82d34cf91b5e4e283e4de7,DarkNexus,arm
d9c86183b3d70398deb833cfffa35400ae6b71c28e53721d0eac28d103301ffa,DarkNexus,arm
de83c97e1d24c010aaf12247c1b6c68aad9d2267cec45baa39be50b471914e15,DarkNexus,arm
e1024347be70b2c26985e8c0ba6cd09a37231d459c3475322845cb802abfaa2a,DarkNexus,arm
e2a8cb51675272c5c4fe31c980a698589c8295c817ca1eaa48712b2431242c7c,DarkNexus,arm
e3549ffce0e1154081208114337fe1f4d85096299301a482e61729d0c266df1a,DarkNexus,arm
e87056fe1c0bc69b5b88598a76f532cc7b11ed5927b415e42983b85be3b36a2a,DarkNexus,arm
e8a791f09292d1c9a1f3db9935c867232350bdd27f6f8d4d0d6e38bf9c2ba212,DarkNexus,arm
ef28e3fb2199796b924da9fbcb0e012e1b97854b8affb24f014f702ede51cc88,DarkNexus,arm
ef5204d99bd8e4c82d6abcb534f697e1586235017710f3a3232793e23eb5967e,DarkNexus,arm
f06203142b06354cbdd8ea8b286557052b6fa5c9d309fb7ec10a07c460bf71b2,DarkNexus,arm
f2fe7895b4f1862aaa7261486a2ecd2e997ced53cad4a514c71f1412fa50af29,DarkNexus,arm
f50ab2583ba2f7d75f23245e583ddae202ccd53ceb152f212578f612fda4c31a,DarkNexus,arm
fab43f498f2ddd42ab9b5ce1ad5be16337fbf3a5a9aab7e262c6539a4cc22f70,DarkNexus,arm
fac0bb41bb1b6ade1e06990236613a1ba485152a1fd84ee5f12d3d199718fdb2,DarkNexus,arm
fd32e459160fba944f668928df489fe79483947e2ba2a42e6f5d9eb9b83f69b0,DarkNexus,arm
ffa6f504e63ab587cdd9e02679fd059bcc23902644b498f7c6eb2b699d9b3bff,DarkNexus,arm
003b259b6f830d298aee6b380471564fa37d9e222c6552d383a4138217e36dbf,Mirai,arm
0056f670e41008cb358364200ad4193b7171e31e873742af1c38bbf4d7052cfc,Mirai,arm
0082853c4089474ed3243efedb2c6e1cc933956e8d40b41fa9e66dc902845c2d,Mirai,arm
0089159fb49530f6e1b69db63442101becd4b6150d05c713d46031ce765e507e,Mirai,arm
0097031e0fa3355157de2b8bd10525e3ac20adbf1e2ef1bd4a1fc5304d176f75,Mirai,arm
00a104aef2ead69ce77eb3170c8bb8e272d8637f7ee3e7014df64b104c8536c7,Mirai,arm
00c7c61479bc7b1b8d437e28188b8e92947411769277ffbfc375d2bac329e210,Mirai,arm
00d7034ece3975dce42b88431ef88c075fbdf10dfd99fd5be24db38a4f5f0bf5,Mirai,arm
00dac832862a78fde01a555825a9ae532c916124a336c6f01f8edcbd9be99a2a,Mirai,arm
00e9707393047fe93a9420af26581e5508818016943f4b38c96bf6efee189cee,Mirai,arm
00ed53cef3499c5947e3b387dee128fa87927e9ed87d997ab1cb2e4ee5b9aa69,Mirai,arm
00f397cc82de22d6cbf5c70c65c5907e2b1d7d6894867a759faa0610884f4df3,Mirai,arm
00fcdbc1b94a7becd34961888340a2d57089209029dfe3309e28071f339de475,Mirai,arm
0112075ffecda6cdfdcd100b49c2a6275d9846a548bfd3b3e7a3a931b7559fb3,Mirai,arm
011d5bd24dc37acd841cf8947a9538362d84390672aa793740d62eea71796b22,Mirai,arm
015ed6aae875dfbf4620976eccadb5970f0de7984f7b9d56ee0a3ec7d6bca92a,Mirai,arm
016248f2adae50411d57dfd3462664d6738e6a35f226d8c97dfcfc2585c0ccaa,Mirai,arm
016cc2b1c1045f0058d7e6e06db92ae57db219a6d383f7529cb26f3d8bb1f718,Mirai,arm
018e851fd31ad0b574b22e92f2b62a9f7fd1302a94ff2e9a5d12b98815486ea3,Mirai,arm
01a1afc2be39d48063dd825eadfee3548b2be7f097bc26734f76e43afdb1c0c7,Mirai,arm
01b5e2e5bc35ce9d25ebb3461a55badc6d20eaf4f65a87aa0f087bac64e246d4,Mirai,arm
01c0b7dc4c8760d34905a00c3d2bd43e4e273a4e13248c8e138ec0136ac53520,Mirai,arm
01cbd6552a5075661c9f4037847e8957dfa0027ece605d37723c81fcdade078e,Mirai,arm
01f99b401ce56ccbd23596d61d268f8756adb7b4162769b0a798fc6bc348a854,Mirai,arm
01fb41d5ad39cac86460d9c2dc882fab29e0d5d5586b5ad446bdc3dd85976eab,Mirai,arm
02126788f76ad3550289d5f6391117513b1867cfa11ea20a0c1f1c1838511a8b,Mirai,arm
02149aacf1ba08f1f8204f47eb6357ba9c039f4ced2ac6e21a4e61dcb9658c2f,Mirai,arm
0227443279a3d41c6298efe55a67c26cde81f8445f72c65ff2ed0a124cbfb4e1,Mirai,arm
025b378f35a2bdba15bbf611dc3cc5cb62ac0ae922897983d10e060d4370a551,Mirai,arm
025ed47de95749019c00f5dca99b49e076fad2fb13b857697a14b7d6d6c304d5,Mirai,arm
027eca8214543c21f06835a554cb7e6adf91323713b2d9da6684293574118ff4,Mirai,arm
02877215649dd29d08bf4828d603f31450020a65206be3de98c70b470dc7d9c8,Mirai,arm
028b41614aa32b0fc94a1add45826b6a5691111676c422d7e48362c0e133b2d5,Mirai,arm
028f68a2c1173a0bac48fa2d0d7e83032d7d09cb3826e06bf4309ec6d1e94488,Mirai,arm
02aee3ec5de1ee58e43e75cb3b3c41fbb41830b8f5965a0536d239c6c6571dcc,Mirai,arm
02b180f850531e40d268a89e4c62844c0f4d643e070c654f142ad1eed57c04f3,Mirai,arm
02b768a225dba699f43c8da027603b327559375e94dca45f5708717eb03bd4b7,Mirai,arm
02e0fa88641d57267c228596eef22cbdbace31b49a593b1cb58632196327968e,Mirai,arm
02ecae9db2a41a75787d6702eac0977aa71a6e19e6c9c9ef16e50df6dd625378,Mirai,arm
03451da07c446396b54650f67f3935f38826f97f5113c09157645ac761e077e7,Mirai,arm
0348c4cfe6a3679bc850b919c1c75ae525b0924cf343018b0fdb44f6d90da488,Mirai,arm
03c14a6743087ba4b9e141f7cd15afb3643063a68d6751438bcb99d899e40ef9,Mirai,arm
03c5f68362ffbd72a192117f84a1bf4a9986ec33cbfc89fe8896b554f093df9d,Mirai,arm
03c9f5f5b74dbe36b90cd427b8583bce139c633a54197d18088d5010fc0fcbd0,Mirai,arm
03e30a286e4175968015223096c1f34bf58d1400d867d4b2d410aa0814fffea5,Mirai,arm
03ee82f89e0c891984573a2461ab2db85a23aa7b83898f14e82332c2e508d697,Mirai,arm
03f804fcd157bb7a4bb1b05cc55bd57a659d5994361510d8ef3d252d1516f312,Mirai,arm
0402a46b860a929f6b0065b260295b1141c2a45c02553c90b8a2f16b9165af13,Mirai,arm
043794c743900feb5ca8888a4d5adc01d0946948ccfdd3545f12608b68000b16,Mirai,arm
0469f29197278e543e5556174e354b6a0b86a22986d3b5ebef7f794accde65f4,Mirai,arm
048857c2f72518e49008e7ba73c943b983cd8c1f3e7cf74a0dded19ee8dde73d,Mirai,arm
04f4e972931fa3588aed350e1f0ca2f1d1791c6aefe838194c3306666a9caff5,Mirai,arm
050ad8c66b8604578700009f1248143dd879a332175962b7fab0603a6d87efda,Mirai,arm
050c83593879bb38a0b341dc450f0cce609ee5f24e1a69d91eda2a2dc80579f3,Mirai,arm
052ca9fbbb87a9d02192b33fa201058fbb2fc6437492b06a0c102b8066871a62,Mirai,arm
0583359d6f32dbe88dfa6d5cfb9a9319374d4b1b3a138595685192e92d195d7d,Mirai,arm
059963fe183c1df5a7d7ed0935b1527bd4e15b348f8b9e59517c8f56dfd7fd63,Mirai,arm
05a583328b0624df5cf1314c8f57cb403fdff96db950bc2833bc0a6b8a0c554a,Mirai,arm
05ab15dd7e7d70b8978672eaaf9dd14a18fb6f38e3a81e0e9a5bd2d2da95813e,Mirai,arm
05b3b38d08cd49908ce22099282d99b73e83261550574bc47e2cedfb2218032e,Mirai,arm
05bac2be75136a1817707623207c6de6bd1d3a660bfdaed70234d07ecd73c355,Mirai,arm
05bbea75b1313ccd485958f641dbbb21ffde58e814016ea26c3719bfe51069a7,Mirai,arm
05c855859da5c2ac97ef0903ae707a08a8d0d1712cafe547a0631384012467af,Mirai,arm
05f3128b23fe9f26d14199607bfe382479e59cccf66b9902e2edc87bbe9667e1,Mirai,arm
0601ec8df9236d20a24bd4f6b31715bf21f37fae735f8eabf10bf08b86654f06,Mirai,arm
061d5f9abd59efcd3f3426cab10a05401a9aebcc206bb0774aeb14da0c25aef2,Mirai,arm
0635051c628900216680b0f713cab57a3389e548c173180672d512fb61259d1c,Mirai,arm
065edcce583dc6bb0e16ac7e0f9d86d374ca669d5a7f0486cdca71d017132fa3,Mirai,arm
0670542720e8e84fee3b35fd0bd2779a75974678f918629c67aa320f8cc5a920,Mirai,arm
067965d354e54be67b8edb85f28883eeaaf796489721e3b04e4bc9fa62b97d90,Mirai,arm
0681c82e7d80bd4971d4bf0d85d9bb11ff700791dc6e235cd8b33048a1d58204,Mirai,arm
06f7a99c137b20930026e15d5a3c8c88f7c4570f371cd25f7b5b1a51fa4dbac8,Mirai,arm
070e5ade7a13b9220cd9c9de981edab0abfd87c9a29991209d3ac0a30e95fbdb,Mirai,arm
07216df5350130412f99bd3977cf2a6a9a5aa19a2c6dd2a470f78fb973eb87ff,Mirai,arm
0724beb7bd89312cb18674a916333cc56dab5e4806a60b7a8e9984d95b52f97a,Mirai,arm
072e141586f82f1fb6a5ba1a2393a2549791ef082bf3fa2f2aa7cacd3bc5b5f7,Mirai,arm
074a8e8b9f28fd31453a1edc9999aa7bb868f16537f47181581033fec3fa6894,Mirai,arm
0768d7ff082f64fb97cb1508294fe3444ca2759f25ca7e51797ed1579c8830c3,Mirai,arm
076c9ddc2515d214a8160053f9d5a17899ecb21cf14d4185d10bb1c475b99d6e,Mirai,arm
077597e9d440b6070a05e437a80e91abee40cc950a97f6fe0179930c27ca6282,Mirai,arm
07a4b34295f340803b89b1e1deb9e48c8f4e25ee5f8a750ac8c41ff32b111f71,Mirai,arm
07aeeaf87d81736e5cf4599c13a8ac850cbc7584c5c55b953d91657b3163b9c5,Mirai,arm
07b3083bbfaab392abd85e04a07bd200fcd658793fa73473128df229edd35913,Mirai,arm
07d42c5d05fa6e3d01955334ab08f92a0838f7387023c162b000c92ac403d8ca,Mirai,arm
07e4f8bddc7834292efa9c2f657cd9d42a056b1cc4f46533146f82fef14b5ed7,Mirai,arm
0800bce0357efaa7f5e54f4d343cc6c6cc50e4285260c1023598e1bb4bc18d3f,Mirai,arm
082344235e61affc569f486b51988c8f8bbfd76fa3cad2421530dfcf4bac96a7,Mirai,arm
082f7a63e551c2eac189df0998270b6c0e65c60629cd49a6912bd793db8f4a09,Mirai,arm
08365bee46cb6501d14aac374033b48da69a4853079390bfb55e546c8e2cc595,Mirai,arm
0839d6d1bb3d17793c646274d8bc0df9c3d9d4328450fec93947bfc6a59f61d8,Mirai,arm
083cf99498ad0ea2f0a92467842d8d9a3cc67e171c4085c7adf38d89dba26df0,Mirai,arm
0840b09b8b7668f09b34e66673fab2e60c44785f9d1e55786f6038dbf56d921f,Mirai,arm
085820fe727f79068b857ab3f3ad6a1f4e10dde4dc1b26780dc2cb8a3fe3e858,Mirai,arm
088f93011170ca5dbca68b1af2b57cb398c8966adf12b60e530c045804d2fe18,Mirai,arm
0891c82b81894ee4392280c5ec2e7bab4c9c3c0973dfe71b7847031bbcc7b3da,Mirai,arm
08a4d2eabc40301c3485a1bf4ba7691f9cf9347e327632d7f756489eebc0369e,Mirai,arm
08bf9e8cc37fe17c28db5a8d9b71282632f4ecc8e1eea2da5141cb531d6945fc,Mirai,arm
08dba59f30ddaf53ec6c9dee80d26ed08b693ceff942f6880c19caec64cb34f6,Mirai,arm
08e65d85f69e592860a8b83406a0d12fa24e27fa05f46e7489843365111b96ba,Mirai,arm
08eff21810e46fb0989bb39a6cdd812f32e064f2f038e7a0a6411e79e356b7eb,Mirai,arm
0910798c68dc3952559979687dddbc35bed5fd9cf1b076c61f9cc6bc4cc04ffa,Mirai,arm
0938411985b5d2eeeb82d0360f00e40914fe6f435a2b52000931bc3fba25bf8c,Mirai,arm
095d4974aa14bd2cc8cc5a789886e7176e686bdaabcb6b50de99ad833beebb77,Mirai,arm
097058f32efa303849cd63966ef8c3c265a1031508fda8d1803cf69f56d83beb,Mirai,arm
098067fe1a67cd2b91eb04a683cf9337eeaf9ed2b900d1c11603b59f7acc766f,Mirai,arm
098872cb29e0b0b3b70f9090452a4e0a267b5446b529535387e9b187bbe8131d,Mirai,arm
099a6ca4087e63a8e1cef710b8c0958d46280ad1443711f1e41ecb8531a58c13,Mirai,arm
09a237104d38ad499c789f981e5fec61dae9bad50312c8de9b4ab0942e829d50,Mirai,arm
09b1df04f09dbf22e53c147a415ca0efad63c40710df0fbd1179e767b304e912,Mirai,arm
09cabf691f7960fc20771648f2db6593e5ee221b177bab050bc1d41b97408c37,Mirai,arm
09dc062c32558aeb62ba83b029bc6fbe4445336b2260cdbc5610cb27b65bc87d,Mirai,arm
09e055a57ad9ef9380607208135b349400a2b349ff6a1359ad0d9dab8bd375cf,Mirai,arm
09fa19c5f37c2c00864b85cb04e6cd7d023ebe4972b4d10ff39729eed41af6b1,Mirai,arm
0a12a1108e3de47f4602d6c1ec3169bb0a520200d9401ed2d285168ae2416d59,Mirai,arm
0a183cb2d8c9e52daf8437c80c67d8e3727c9e0704bd6c055cdb83193926f02f,Mirai,arm
0a2c2d206c1f219e0258b1097cbe7a2ec5b34326d270434887fe9b8269645ac4,Mirai,arm
0a3d7cb15e74343a06b20fc54ebfe047d23946385688cd7558c73083a8300896,Mirai,arm
0a4d30f7f3658b79beed620b447c067476e4c6e2a3f726b8a5e85374f999297f,Mirai,arm
0a5b558d4bd5bcb627a9bb2dbb51f4e633272442938fb2fc9100b4c84d107219,Mirai,arm
0a5f50a92282bcedd3ca8058d868656ef67e721c551aa751b93d501de083b477,Mirai,arm
0a816b8618bc2207911606f1db27a38cabf98766ffdcf990b33d71fa399b5e68,Mirai,arm
0a84513024492f9959098a163a1bcee00c2a5cb344ad2c85c400e31ad4ba874d,Mirai,arm
0a8a5595f9f68dea7690d45ce0ce7029153ff4ba47d3a96b7e93da4dc7a23ca8,Mirai,arm
0a9939d9e7b6155af31ede480dff704fe7edd021ead2906a55d5768c454e730c,Mirai,arm
0a9a9c01904c1a04492942b7c25f24f11c57a7a4233e8003cb11638b2714f639,Mirai,arm
0aab816c661b4462d420b9df265325f89b76b4294c9710be5552bb46b3fd10b5,Mirai,arm
0ab1bc09eb8aa35cf6f8f2b33a85b087f34d932b108245bfab0d5b418dd1436f,Mirai,arm
0abb551602157a6861ebda107fd4e7724ac867c7c31f997aa51c46e2b86d20a1,Mirai,arm
0acaa33638903c239fbee06931d8b02ca463e3534c699f798582bc19a2519121,Mirai,arm
0ad3d4a06538deea6d219797a5a93ce4f329aae7ab7172096bce66f282dfe6ce,Mirai,arm
0ad4ac0456922e09c01fd8628637120e7ceb05ccc89f95d429b85a2631569402,Mirai,arm
0b184ae22bb7c8972e1d7de8c05d3c9543fdaa9545bf2539b047ff362ce3979a,Mirai,arm
0b23bcb274f9547f692a977721ccf400e36a52cfb6a42ef5a44d010356d77692,Mirai,arm
0b481add10d41afb3b845fafb4e7bf617092dada8effa2bbddb3f64a8479d486,Mirai,arm
0b4b18fe286d8d32ba992911eecce578898885436b218ece830ce110905ae3da,Mirai,arm
0ba5d3fa6a313f766a41718f28d7a631e45f064ae3cb9b789985ffd4b519e10b,Mirai,arm
0bcb2e59b1a73ea6a80877369facf3ad9430072af39cc918f6a1599c47b038d5,Mirai,arm
0be23ed307ad3b6fa96b3fc5f80cc2958498d1456e4209b5f0faf6dd45b1a376,Mirai,arm
0be25873244a93ec215063b61089d64c48817215f4269a9389ba9751893e5512,Mirai,arm
0be63ee9204cc1d63389539f917e1c53b2baf154a23298c4428b3b52da0ba5f7,Mirai,arm
0bf9189cf002f219da7570849492a73ee46580ffd5eef98be4e05e4c61cb72d0,Mirai,arm
0bfb95207864c7496a8283cdcf3321231dc44a006290458f56c245077bced9bf,Mirai,arm
0c01e0cdd0ace5a1f3b6c139460a52c3935945026049d47621c324fc4b18f640,Mirai,arm
0c0f7009c84bcbd186eaa7fbbef2a34007484d83d62fa4ea76f3825a77d7fdc5,Mirai,arm
0c1f6d0d21689d29b66c958efc83d3d68317e8d29e7a50c8e45b7d65f87e4c76,Mirai,arm
0c28bcbddf57195da57353cbbcf0e12b9a0e6d26526e4a28536a1ebb808d230b,Mirai,arm
0c4f9bb951bb0778630c2fbb3c02490e3ebd45f38fd44ed6ac4c17a51a801c4f,Mirai,arm
0c50374b856ffa6137531387da7201059f80e3d7a2d30aa42292fd1aac0d9956,Mirai,arm
0c5723b33f25c748e9a3722f0307aefb385cac2a490f4d62e164746b4d94650d,Mirai,arm
0c6622a3a947315c7b50da2a3bf9f39277236c08e2054ed2cd44f3faf63d928f,Mirai,arm
0c6be867bbb3130d7d5350f2074e19ad7716107473012ea79ea5e0c92ac7b4fb,Mirai,arm
0c7a90c27eeb3ff038997aa56b2b61d3cf962c88684b8606c5925d979edc11ba,Mirai,arm
0c895dfee16bfba1d23e9f35eefd14d7b7c21804c8b455c4ff226b87fe3818a5,Mirai,arm
0cd7ba7b8cba00226bad8671d03dc10dfd4a548c1752c9820627b74fcb3911b6,Mirai,arm
0ce1925fca4e656957cbfd47c919572fb677a76d726773ee528451d3c3654878,Mirai,arm
0d06f618dca957bd841f78717683047f5446d0a56ba05903f7e2af4c8391f9d2,Mirai,arm
0d31f12224dc63a9cb686f01abf0a4a711c9f5c70ce5668c03f94b525e6f70d2,Mirai,arm
0d37fd2fab1ce1fa7b0a9d901f4b2b6b1cd0ede4339410e5381907209f730722,Mirai,arm
0d44b29b5d0856ff80cffe882c449063d7411c73c5c4dd9f6470d572c32c3b50,Mirai,arm
0d53bcc3cce817902c95c4216582c8f56a205f892baa4f9271f4cc82482d760a,Mirai,arm
0d63de3148dc3037625b4e0a3a69c24c56aca458076e96f3249463a3c51e0c1c,Mirai,arm
0d6cc353c3030c949abff73a9d8aec82ef5d3365fee3717a24de215b2eb79342,Mirai,arm
0d70be4159d90f62331e05fe5e3ea6c557e28f33da329ae2334183270c611655,Mirai,arm
0d915e4fd561e41afd60bb8c503903a6646d857a40ebfb374d84e4f5f0ecade8,Mirai,arm
0d9569a7a9fc01f8686f3e5698a99508521707a4d36bc4f90a636918e1009ed6,Mirai,arm
0daf67754ff6d029165852e0c30952894f637c8fcd4f47c9099f67b0cd34115c,Mirai,arm
0df8ab7c8c217ba8947539d8ed6693ad7586e427b8b0aed6ef0d4310241cc6df,Mirai,arm
0e04a538329fc568e58eb389eebdce0e588165c4312fe4a1246cba4902d8f405,Mirai,arm
0e17347460d19fa7cbc5eb0cb84b5bd9fddd15f2998e0d0b3b62206905f37184,Mirai,arm
0e3c5cb4681afdd86e21f3d80859d78fa075b364ef85f58da5bfd83a6f5471e0,Mirai,arm
0e54bbba5f9d9c3a234a32c5204b267f14988b9aa0e3af0966a6262a1e0e0ce7,Mirai,arm
0e5779bef0118e9dc6b205ff5c7a8c91a6e563e546f695d19a99470da2915339,Mirai,arm
0e663685983364ca515359b1a0e866cd2d8a022791498cfc2dad502cdb911c22,Mirai,arm
0e98e3c8efa1181282c9e6089bb8e1303ea8dc8b340a686979dc9ce43da680a8,Mirai,arm
0e9d0a4b47cb579ac5d52411e9bf3541ad8ceda9195693b800c90b23fd1b7a95,Mirai,arm
0ed0c779efe2b8f08daa185340e2920b43c852cc420f0edb8c367cb18107f222,Mirai,arm
0ee66ea81a8b1cb15ef5bed1d327be784ce7e2a1ead4b02e5c3ae1e90f3dc4d1,Mirai,arm
0ef7ac6385a7b559c3233ae1df92fbc7d33c968dce9221c51b466fbb41f0f460,Mirai,arm
0f01d31c9b0a17e56c37a9fb78e6df18a2268f6dd859c50ccf567fa20039cbec,Mirai,arm
0f13603ae8a9e41384a649651ddefca309f9d509848f131d80cbbc4bd1f396ee,Mirai,arm
0f2a7374f4e26887d54ecdc74f8599b8ecd005e2f2d71c33dafc5c2d0959d466,Mirai,arm
0f2c3c0b25bb81b862c2313cc633d35aef383eaf2e121011e6f76429d626bc80,Mirai,arm
0f2f69522c29f38ea1224fdcf58ea91c597c8f2eaa944968e46d57c2131511c0,Mirai,arm
0f737aa2f27d93a4055cad12fc84c7fd4eddadf39f3606ebc893b53309380969,Mirai,arm
0f8a2b76a6b12159cc006a8594d49e2c75b1cc67e57fd700e1ae0f2d849e821a,Mirai,arm
0fa55971639d8d3f9c4011b22acd882bdf58524db33761b833fc7ced6aca680b,Mirai,arm
0fa8b62ee9469ea73dd5602f588b33b68951df59ed35dbe197ae4e9b3977c440,Mirai,arm
103ea4beebceb09e1853f39c629af1ba3a0cbf4f634d626b1a116675e2752ba4,Mirai,arm
1043bd65f82b242edb0c7214d5cf31736492f25fc0d46252b5253ff162f5a584,Mirai,arm
10572fd4546cf3bea392ef5ea9987defbd309e4073510b37d8bdf2b17cda548f,Mirai,arm
108c0cd17b1e7e83fc8f9ca155d3a78ba11b988e29413cef91b620bce001c37b,Mirai,arm
1090f6fe0a01963fc0e7c8baa9de91e0a8b8fe9fe768315198a22cb8b2707544,Mirai,arm
10be7a699d88657a89c0714275ae43a2c432c20cda0c8c51d135983cae581e57,Mirai,arm
10dae59aeb20e4b3206bdab9e7a800396aff8617828bc8e20cb4e8579f7766f3,Mirai,arm
10f71de858c8695dd3da2f0d9fc5903e0d801d00f4c2b003e7f6a03867ab05dc,Mirai,arm
1120068586f7fa4dabf8691c903b8e8da47f3b78f3d6a95ca40e89f679a12dec,Mirai,arm
112406af83b8d3241ac9a6f927dcd3a9ec824c2d1bccf43cbeae351f33e2dde5,Mirai,arm
114079564b932a3ec9edcae3f37f60ec5f7ff95d20e17d895fa17e5ab94f732c,Mirai,arm
118bc38e70801d84e0c6339943afab14a6e501a1580ba61a623fe1e12a2ba4a5,Mirai,arm
11d60d2d78e7cf50ae61ed6a8cfb31f4d68a1fbf53d014de1f202c9419c79c0f,Mirai,arm
11d660c769df458657750c6519604229b5da3db757b7bfe674a81869fc9b58f6,Mirai,arm
12013662c71da69de977c04cd7021f13a70cf7bed4ca6c82acbc100464d4b0ef,Mirai,arm
120315cf407bc38363e8575e0c947c3a4478e9a7e79013cd61920ec335816d40,Mirai,arm
121a5c126a3350d74e100f1133c55cedd78cac0c251541793a11ac417981a68d,Mirai,arm
1238cc3ca5d70d29774189699aa16713533f838aeacf7a6cfe287c3b29dc2259,Mirai,arm
12425f440df07076bd069e67ad461851eaddc2f9c4c2f72da199ab838b8b9dc8,Mirai,arm
1259a502f523998339efc349acef2be562c695e4ca18c79ad86e6a7bbb6a7f10,Mirai,arm
1282511983df50336441ef17617842777fe912a3e03a12eff26333df48aeef58,Mirai,arm
12908e186340763cff1e4a9c48def2a3c7fa600a4931fe7e638213703df87f65,Mirai,arm
12badb4d37a6e699f137c40ec1609b093d29e88d289f3b7b34416454c1018d3a,Mirai,arm
12d12d4ee1ffe641993c2ca83b161e1ad4d1e0bd635790cf7053aa097d679784,Mirai,arm
13034e530c5c0544bc69caebe012d2ced7cc82f82de77df34a026d268df62303,Mirai,arm
1308413644397e17abdd9eb6810703cd166c344e42d6c00f6f63239fbc857256,Mirai,arm
1312b1e2057f99a762baf56f3cd973b8969f95c1aa5af0ef23f15ada2f4b693d,Mirai,arm
131da95c953d958f4e4df41fbfb1b3070e1af0bf4dfbe2707ad6e08fd5da6cba,Mirai,arm
1324666d1b1911cc29fc918641cfcf8ec883d81c1b4288c407e95006bfe44b97,Mirai,arm
13442b01bffdc08290d093787ed3b89be4919d1260cf40ec0f1fb14c77678383,Mirai,arm
13598e9ddcfb05277c050d5ffe6449188c0c5d0402031b59446fe8d484e3711c,Mirai,arm
1376db03de4abb532a9f4009cf7ea399cab121d75b2ff75a43f15be39f75a4c3,Mirai,arm
13857b10996de8f4aa76c7d7b921b981877b7ef6925c5dc7377c11f824b5370b,Mirai,arm
13865352ac00e60456fe0e376064d122a7d6ee7c6a38558712f50ff97b288138,Mirai,arm
13b769daaf0e34fddec306604e8e534e4d914ce8f43e2fe51fb781980aa1156f,Mirai,arm
13e18fda516a7b53d699ebc2e92b96a50983ee328f02d8f312b54afb7972b36e,Mirai,arm
13e9c7f7ab4e55e868562673dc5e33ab4333529b49a9c7b471f8c12f7bdeceed,Mirai,arm
13eeb0b2b5902755dca396e6a01f2bd9ad1ce817d3331c7d2cad8958f8dd904c,Mirai,arm
14089ffd01f6b565f66bfe9e9a708e4376865c6c4407a1f4d16d50198a0bb8e3,Mirai,arm
14118093cf16f93a86ff29c5bce11f7ff7f9cc5c7ba20f12e6368c7075915668,Mirai,arm
1430033570d68a500388aaf5889bd544c9138bce65cb11835ebf838b8a9d0b68,Mirai,arm
14424bbb0fbf4164a5c0145327015119f055038694a839e178a4492ade48d492,Mirai,arm
14655c9a2420d2333009ca90659a720b9aad827577d01990fbb1143be08e4bb2,Mirai,arm
147d231735a0c1f51e357776c8d5412db24bf086d71ca046e4cc17ba2baa37a3,Mirai,arm
14861656e6754a7ee1560caca062859c205459dca248507e8ef1a62ed2d0cd57,Mirai,arm
148aa65d2945d446e30cbfc03de70647589f62d0b46d54c155583df975e23330,Mirai,arm
14907cf376e3a093dcb032d33a7c31e0ac9c681ac82bb63ecb0e2b3a48f1a546,Mirai,arm
1497c4f82d65715f0a21b72981885ece3122e33670b7a81ef31460d809174a12,Mirai,arm
14aac8c2795634dde4f85a4f237556be1871a211593dd149575e54620db9713c,Mirai,arm
14cd1395fe5372016771e147ffc83ae6ae8cb293ead0bf47a5039fc59fac498b,Mirai,arm
14dbd527ec5b5b756f6167f6131543422de9debcbbbc86e307c3193af6f4c9cf,Mirai,arm
14e36308c367265f252cc3769d424a00285e382cf03d0f52e876010a6673cc76,Mirai,arm
14eda020db007e7ca2c9746aa26cbafcbe01e146fe2ead060d7d7de28ab41032,Mirai,arm
14f6ad1504905554b7310dce3bce7bd4fa705348f39fc1ba6c1a6ffb4657d777,Mirai,arm
151bdc7bf078521234837273daf33e2aeed16221cc4660dcec66fa383aea3bf6,Mirai,arm
15237b889f3ffae5cdbc3a515b78817a85ead8c43678087f89b18f1e849e88cc,Mirai,arm
153f280c48d18a03c2b2ae6ed90889b188daa2fabb11f00f58879ae085df5842,Mirai,arm
1546692988b2dd7770349fce812946b7749ee5764026b0c2e3f4a0a5394112b2,Mirai,arm
1547ac78007fe553175b80a5fedd20c1d05fbde41de08633a3121ca0ecba0f84,Mirai,arm
1558dd7f3a14b2f2af254d23d2ce6c642db219730a79b406f84fe2ac0a56c05e,Mirai,arm
157190897e1c4a0aeb5513c87dda398c6a40a30d66407baecc0d2b3ade13499d,Mirai,arm
157298d1f711260decd62da394317daf6d803f0f5af4cc598aaef30984baa9b0,Mirai,arm
1591835209e7bb0e53c71fc2d98f4ba7868ca78d07b00051556188ae4c13c80b,Mirai,arm
159de033740b2694f2e42b69c7bf50a57dde679a684ee6ee7422850d11de6d61,Mirai,arm
15a94aee62b4715c01c02444835f21813e9b7bb2e1527ca58e0246d343f39982,Mirai,arm
15bca10b662d20021231354a02768b8850d52d31d1ec8c2a7f3f5df0163eff34,Mirai,arm
15c58b2bcee926250145e74d40b4e77e27eb74c4fde5d5e89e3c89fc9951687b,Mirai,arm
15ef493e972b186bdc96d3c3eae1874057172e58f6b62d5a3561ce3229370af1,Mirai,arm
163bdce79f899b4da1f9da3296726ae7cd4aae05c14f95a595334f7a03790983,Mirai,arm
164163cec9c7591fbe4c32f7ad0a17f7bda0ae670228cc62b1d048267f205063,Mirai,arm
16430c92472f45d68c75e1054848032d47a2179fa561493c13efa81eb7bbec11,Mirai,arm
164ca0d767172fc18bf5773516b581b7bf13b576cd8821dc2ca48101ef0d198c,Mirai,arm
164e02a12f3a696a7583c59cf8e465eb64453f840347395f2187ed22b4a2f426,Mirai,arm
16937324133d4ef461e9f112c1cbe7928f7329106dd14694e5d70a9376482a46,Mirai,arm
16a675c050c0936a89abbeeed34db2572d10d018463a4a7fd9f364681732e7cd,Mirai,arm
16c6829023ee71bc753f1bdd7b5085635f7657fc4e1e24fbdf5dfb52ba03070f,Mirai,arm
16ed7f6abafd2ea0758c990c31e80b441d395891aef06df52e9f5786f9931cde,Mirai,arm
1701bb26ac76ff22b1714017c8263099e9541e026fa04e968cf899feb70b308f,Mirai,arm
17024eef3deb54cd43fd90938ac7b8f14e6199f3a105e41ca613836bd0cca2d4,Mirai,arm
17149649c7df81eee7eb57b8d06f73fbb6c0e34da42a3a5cbca0774f0a26d3c6,Mirai,arm
17369cc3a929b9e62cdffc8e2cb2933459ad7c85efeb1c26c19fc8b2a9059996,Mirai,arm
17467758e5dcb4358d7202673fc38988c49c51fafa6613757e3ec6a500cabe0c,Mirai,arm
176514ffaf96c43a282fcd68a727295aba828d47cc7d6a780c7804da35607d25,Mirai,arm
177414d58acf057588c98d6129c7873baae849d3f3a735797c37cc7acd50951c,Mirai,arm
17e96f46b6ce525b30a684005ebc46253888c7f5622167194ee35989d1aaf979,Mirai,arm
18088191e6fa5ae81994254f20fdb3aa19fc0c2bf7814631e0e3a23480a82d1a,Mirai,arm
18113d0edb0e4ccf1f189068ecb87069716b0bd2fca352d141cba8609e0390b2,Mirai,arm
1834335434ecf4106e0f47e2b78e9db86e3cbab11ed939653414c45fb9a597d6,Mirai,arm
183cfcf138595f76d30f3a6fa1d20b769703e7d939be6b98ad5d77a9d1088e42,Mirai,arm
187936b4c5cdb27cb71b0d271c3c2fa8c8907c7602939761b42e25ab23d25476,Mirai,arm
187b808200cfae77db0aec0df02eb9d65f7ecaab9dad74dea008e0e470b060b8,Mirai,arm
1882d340b4979388fdc972254032a2bdc8db8a99c818a43f6a9c68d0d42bd7e4,Mirai,arm
189a1164bc02eb1c5dfa20010dc37ddc8bb2b8b3f2f4b25073b5ac3f6ff1c17f,Mirai,arm
18b55afa1c44de199b8e92f16e2465362bb08aea13b649a180181897e2b8880b,Mirai,arm
18bda677af0f5947ce58ac46e6597a0be5cb9deaf4a067f723cafb8b6aeaac3b,Mirai,arm
18c7d57cf690e5210eff413007b36d2948c786a68765f2a1a48dfe03a55587ad,Mirai,arm
18c9c7d48a092af4e43a6a77a3b38d84b72c947604ad45147c0e75415e25fe4c,Mirai,arm
18ce253d098196d5189c8a11d1c270fb9ea34541a87d6fcfad2ed12b921abdd7,Mirai,arm
190ed47592545286026288a32566ef983e8fe06b2ccc071aad82de8a74fb7ee6,Mirai,arm
192d2adc3bb4bb7d795918a31c441a20caa133eadd640b941aa61dd50bc003af,Mirai,arm
1933b8f5369e620b40a9ceb4493b0d1fa3cf5d0dd5d6d11e62b0c201f97862c7,Mirai,arm
1934a444066f6aaf36dc51cb77b3f0212112b1a75f7e881e3b591256663066e9,Mirai,arm
196342e4cd0855460a452c75f759a5772b5c0fb941bcae61395a5887c5978e92,Mirai,arm
19675d0b1c09208e7fe30cb2512da5b5970a600df774321f6a875678cc031a00,Mirai,arm
197a21e66962e3110d1be8fc2bc7f020229424d35712632ee7bd36bc4133f216,Mirai,arm
1998755ca467637c39cab905a7edd734cfdb8b9999fe0fe552fd3c4025b5782c,Mirai,arm
19bb025910ca2ea7d3f43dc0639b4757dd46f25791f27b0257085e538ad3ae63,Mirai,arm
19ceb8c8e96c878d39b7943ee6ff0fbc90a55781dcbf67f7ebad96ba94178151,Mirai,arm
1a4ab32eb7ae8f0ded81c43ce0f1587a98b4d84035c03b8f1ab6844bcd40f5dc,Mirai,arm
1a565723a3709310a363b534892d854d5b4312fed927e1a6e1b6444f04466fc0,Mirai,arm
1a7703144783500b30d3bd44790cf4ab5e43c6f827003bc77259ac63f20aeb2b,Mirai,arm
1aa3ffaa87b8527d38690f7c47c439529374724a80d54d5d12a33e6eaa102851,Mirai,arm
1aa7d29e8a8276030e2b0d194f30eae7e4f3203dc8b42a7b233b6f1bb96af222,Mirai,arm
1abda6012cc4df99e0203b1b996215cd4142f46f89a66241434b160cd641803b,Mirai,arm
1ad8ee06a2a4b4080f08cb83fd39ecbd1ee63469f930ae1a31f92609aed8a7cc,Mirai,arm
1af0d4568563e62b76fec3040e6e4a0c51ed1509d8a81a066e86f18fe07ca534,Mirai,arm
1b2fc694b892695a6e08797bb04adaca609ace3f3cfb8f33462e6b52055132a2,Mirai,arm
1b381da6b0d2ebeac10ea06ad434ac3b5f3156a6156626a39a9c5835eff550e0,Mirai,arm
1b6e926799936ce4ab89f4bb6e0c262608136c68adf3b220b71bfbb22641e51b,Mirai,arm
1b8290f3e9c37b3a9052cdf4840da4bcf92b956534555d40ed1721a802d45049,Mirai,arm
1b88411903cd0f2b4f3099edb71ad2a6424718bcf8420871891ab0fdf6f98dbd,Mirai,arm
1b9513bfd375779d8505524091e658e0cc1def9c594a71320ecf57717a23ebe1,Mirai,arm
1b9d638e9b95aa7b0b13439deb5cb996cbdd93c5dd91f788ae2257b21b544662,Mirai,arm
1bac006668296da5b8d1485b15a5e7bd04abe599a8afa228a81f7e379c378ace,Mirai,arm
1bb4cdb3b9962bee2f48e4cfb7f5d24384ae7831edd616f3512f29f1ddc85057,Mirai,arm
1bdbefc4c667700d7ab6e51e4067d5bd8333996fe241b7e640924b5f3d51d8c0,Mirai,arm
1bde5f1c1227f71e2da384815d54f3ea7beaea9d91ae09209782a123fdc2503c,Mirai,arm
1beb0cb449116e970595eadcf1cf9506ace8da194b851ec85f3cc025c5489f3d,Mirai,arm
1c0c227eb5f2a0f001589fe64bf2f8382eae35a75cca9ed8ec34cd1a2696cd77,Mirai,arm
1c2bfdaa5fa1303c01dc03150714f157b170c9f3ff1eea106f2d343cb8aeb05e,Mirai,arm
1c387a5026ca21fea7d2d951ea7d125c75134f7680f1b475799b6f3dda9021d5,Mirai,arm
1c3b367878fec64a3310aae617a0f645b33da005ec15661cb7e7283ad4b2b84d,Mirai,arm
1c3b840e35fde68d5f731c138de82c7974152e7af202612e9773535aba42678f,Mirai,arm
1c4d1d2f25853f0f9101e4dbffc9aa12d69eae07e6d18ac3864bf34d590a0055,Mirai,arm
1c87b80b778f299512264e0004583efd776d2e5f650d739317dd90f176f05dc2,Mirai,arm
1c9130906ae8f8ec4b92df0dc4c03fcc93f154b5417e64271e5859d165c80a63,Mirai,arm
1c99a2d57a0b9d195e684fcb926a4621a7c8d59979c3d19dc3d476ab985ef047,Mirai,arm
1cb764dd1cb143482732d34f016e8367f7f7ac8ba3b38dcf8f407e7bbc10f6d8,Mirai,arm
1cc732318f1348d4623e8cf7f12c5e718e214f380065124e8bb9466f8b0d2eca,Mirai,arm
1cc9a6e62558efe9e05e169c8010227a017fa7822bf61d30b0571a22226ce63e,Mirai,arm
1ce09e0d987e8f57ea0a0c66982ae5d48f5a0588ac3ae640c72032bd009d226f,Mirai,arm
1cecd079d72b60962c7ba28fcbca6ebeecdfcd3441e465554d12d1fb842d2652,Mirai,arm
1d0d3a0b4275a78a6b5c32c769a640229cd28969b17d83a5b8d81b0ded569e21,Mirai,arm
1d23a934d81872a13c02e6fd767abc2afecf7de290ce0657f5549f3be2a5c96e,Mirai,arm
1d41545cd5b370950a1cf8023f5f3d0a01d958028fc2279516650e1fa306b7d5,Mirai,arm
1d46237c020be41c78c8040071ae9813ce942994d73cb29ef79362bb2275cc46,Mirai,arm
1d61ca1fb99e1f8e4f505076b40083c012ad577b4483a5dd7acd24742c5d170d,Mirai,arm
1d7a117d54824f0cee602ed429fab2c14ba21d44d71e2b3c70202e44b9633171,Mirai,arm
1d81933769c1bd7c68f196ed9af69d848460e134c6018ec3c52101735ec9507c,Mirai,arm
1d88a66ef9cb68235c8797d6ee4c6f20ce6a8d884c06b676d73eb26a5ca197da,Mirai,arm
1e0a6e73e1f50e3918bf3b798d1248e8f448b923e7f75e5970306cd23724119d,Mirai,arm
1e137cc9d0640d3f56e9c78cc53fda4b05a98e98f78553b38eb5f61250acb70e,Mirai,arm
1e641d8066ae741da744dae1c8a434e0ac76be98c583ffa132c5ef9afd5d599f,Mirai,arm
1e77227be00c2f05b94f7167c89ea4179ec7e560e1f6c5092434d9eedf164aa2,Mirai,arm
1e78ec4b3ce8a44def64116b5524e73af5c39e168af08b22909a3ec6923191e2,Mirai,arm
1e927fc1f048ce85d88c50b21adb4ac7bfae509cc14cdefa7dcb3117afc111b4,Mirai,arm
1ea66ca91f054dbcb25571a1f06ff12186d510fe279de72c1eb62e86cf1b43cd,Mirai,arm
1ea865d170af72198497608e7980620a7416ac37ed72b155510a0ec7c3773de1,Mirai,arm
1ead244c0ee07d382d4dc1b315946e374f98a83b9b6b285784f1421dc58fc991,Mirai,arm
1eb7e82e2ed08f281385dfaf33ab93c9dcf108de3ddba0ba1245eac35fe1b4b7,Mirai,arm
1ecafcf96cce3dca220fa5c6787bb5fd29f18ba6f62ab91b2b0b82beca348ca7,Mirai,arm
1f091554e386d83eebfb75a3438eb259b8609aac80070713c3b3fa900fe182eb,Mirai,arm
1f84ae5d0854d90c18c5d4938db9d2c570fcfb25d431a75e9c3ffafc2a3868d6,Mirai,arm
1f92c1719fd79308e2fd36e324c62a9d88ea6adb98b6a3b98c0c0edcd894b4f1,Mirai,arm
1fe3b331b5083bb95d643d95ec663564a0b15422791798ab9d0f7755adbf6b00,Mirai,arm
1ff5db42e7690d96331249cd8f787d4d0597e86ccd9e899d3eb194eef7187276,Mirai,arm
1ffa5dbc1edf9a25c9ec5f8907b1177d8aa6a870f9abf52267cc7f0d182a8e1c,Mirai,arm
20265f7b6d50837378a402fbd703a759cf8eb406258ba70b8f9ae591d6859f32,Mirai,arm
2047230d98e084d7cf2a896edfef200c52d1b0a4e75c180f813c82934c41bf6a,Mirai,arm
205844a902c6e9833e92d8d16fc5fac90dcc639635f021bd26cf97e09e0dd256,Mirai,arm
207a26f70645cc23e8deed3f28334579da95bcb06c40732893e55b0d18c4a7c9,Mirai,arm
20a182430f4086e8e4c8164f96359d3fab17f617f4db0dd7bca03144f4d18254,Mirai,arm
20c23146e00866aab4b3e8cdf844c7543977cb931a5e56dff400acb793610ffc,Mirai,arm
20c9ad11f7e873af384626a3f350f644d85ee82276e21d719040a4c4ca5cac70,Mirai,arm
20e7b49553a5ef17faba24a6b486bf79ff429feaab6eb633f223c05645b6c045,Mirai,arm
20f0687430fd6a2ce0da7fea1fc2691bcb7fcbf5fe0c14662aaa05dbb90e5c5f,Mirai,arm
2122a515971dbfd1c38b1e2d17d5af96940a0bca9e996e854691e28f4b70cb87,Mirai,arm
213a3d54b614e09fa683ebde125bce22ef4ee7245b276374532a2ea8e51f39e6,Mirai,arm
213b68f5896dbde677e97008d3af84f89c58de7b4910eefcdd096387a707cdbc,Mirai,arm
213dbbb3e2a13172c1e8ed0e4a32f14a2ce8c68bc492828f17acb6510537094b,Mirai,arm
2157d72e2011750469bb7590f57efe0766b5fb31bdd0a0d53fea5b1ba5060089,Mirai,arm
217704e80c49b4834251a165ebc328a6d6e481d82f77bd37447abbe40c0cee5b,Mirai,arm
2181c733189abbc6d8f09e0008e06f4b233364a8ab416fc061a7fafda298843f,Mirai,arm
21c383e6cbf78dd5d3328a7ed5a3e9f70fffd2b1d0fc08710bdd66e35e11847f,Mirai,arm
21cbe29f9f63be04f728d33a63d86680a2f040d629bebca239d47509b7f3cd37,Mirai,arm
21fb1f9b13bed5fecdc990aea96544ca688ef5e13d1f028fe6710a1d689233e0,Mirai,arm
224a4e21b129130c47a9bc16557836b57559c918108f9d7af63fbd0d4e1cc651,Mirai,arm
229323871bae2b5e84114ec9b11a08bd165a38163e2a24d573356d6706f3294d,Mirai,arm
229605b70e91437e69b55c782140b9a9d3f4f1d604e4d71545b8556380d108e1,Mirai,arm
22b2f93798100cb6ff127a366506d11bd3e3dd6a5dd0966adbe41d0d583b9e2e,Mirai,arm
22b77695c5b858cf89c13642983afb7ddabded40de6bbd71ef0f8f2beb204666,Mirai,arm
22bdf20ee05e5053519827d235b2d0d4130e691fbdeccf0a6314a363345ea776,Mirai,arm
22c31c3cd9244069a61a8abe834e33d25e1f43b2ef945fc3d157969335a7610b,Mirai,arm
22dd3fb910497592a4f78e4b761ab3a4baf97815be003ada6ee60b51044a49e7,Mirai,arm
22e79ef62e14c6e590cb5cff6fa171f4849f4731f52f83c80f707eedb3a1f9c9,Mirai,arm
22f49aed727b1a10f69fb9140fdf8f1fb53bf555e4719219fc9790a781366143,Mirai,arm
2308a43e9f175b45e9690ff6af797fcc841966aa8f87922d61748577ffd043f9,Mirai,arm
232dfc67e7b4be078de452400760e22d80ce2c199d017794e2b8642f43fba544,Mirai,arm
23423a3649fd7fc9890093ede3362b0ab4fa9282b855517f1a6e73bb14e795c1,Mirai,arm
2395b5f6824dbcb216bf261d3fd6d283140ed12851c0922cf9991e62a4779f31,Mirai,arm
23d3de2284294e6d8d19fb02009f6ac65746335e0ffa55ad6c04d9731d9190d7,Mirai,arm
23de9cdb46354cb2ecc81fde115543a3e15727e803c768d71c65fec3c6a6db94,Mirai,arm
23f093c682d3d7b318eb0eafe886e5023f14d72da4143bc9b6da45a0bf3b5b2d,Mirai,arm
23f99f29992652901e1deb70f4431d3f4edd1afe1fedacb71a9e17992760f5bf,Mirai,arm
240b74e51c3b39a3e08627138b4477b78fba5ffcc5403893019de2637f2f3e11,Mirai,arm
2440a08ef827b95035b68cc191c7b89eac37365fa9e7d624e8936c519533e9c1,Mirai,arm
244dc3c41869d6813072f052454867a6ea0742a68d793261f15a5906657ce5dc,Mirai,arm
2451e8b569f75be710774b96dd534e878ea6b8b5f91e64f3eaa1584d149093af,Mirai,arm
246014f06c2ce1e5c173379016351ed809b657de10fb86b6370a91cddc7b1bb7,Mirai,arm
2469c6b39d32ba50e3539f2c002a7b5506cb4b9aba6a9ae36696aa81b2a46663,Mirai,arm
246e241af09cfea0d644a3c0e0dda8234e3bfd14d8929f73235c24639b2ce890,Mirai,arm
249aa1afd83315996b194e4c0f10207edbad2a26bcec91debeec363110b6f89e,Mirai,arm
24ecea57ac73c13287580da38ed44187dcf1ab7a418e66028658d355537792a0,Mirai,arm
25075a6ffbffe1c47d257c32614793b0021050e3dec96806b1fd456667879f06,Mirai,arm
2539acb10a3e17e941e6f39d006191c2f1df910edc1c6b73d7aaeaf72bd3b79a,Mirai,arm
25613fc6fccbb700597042cf25c0662567f1cde4e76c1d58c7687346c82e1f63,Mirai,arm
25680ccd850ab3f643010cf745388411efd320883ebaa78244023d676a38972b,Mirai,arm
2584070a23cdbd1166e4912984f4688a03e3a98552135ed9f1799ada333db981,Mirai,arm
25b185eb4a84e2ac10c9ea56aebfd91fa7b2680cfb48ff063a86b31f02f0e3e0,Mirai,arm
25b9efe9dc39e945d4dbda9a02999d3493242d504d1386f0694c50c0f4bb6b6f,Mirai,arm
25c21e42cf0fe8c13d10ddb35fc0790d6c5a7c86469b6e02e58efaf5a3754fdd,Mirai,arm
25d3cbf95d3633266d70a8a3fb9d7d71de7a0c13c5ee565fdf41140283a3e7e5,Mirai,arm
25fc8ce59db9eff379f1099d43bc33d4c853fc058c5eda80bbfdab0d693e1ba3,Mirai,arm
260fd0d326e3caf8ab203c641a7eddfa752d530f25466409cbf91958231989a8,Mirai,arm
26488aab55b6f5c7efed53244f143ae1b2d7b51c977d0026091b0a650ea4ce4c,Mirai,arm
265007611617286f0733033d4ec4c0a5636bce01a52d5ffb06aeffb8cfcf9ad9,Mirai,arm
26528a4e01a2ff560bed2304bd031686f02e086ca1430a16ef8b20d99cdeec62,Mirai,arm
26575495069fdf25ed9af68bbde23ac61b2a102ca6a5a49cefec3eb7c5c53771,Mirai,arm
2678f7f3a94838f3e491a3b28a733b665b83913655d98cce3f83070b1c31fcd7,Mirai,arm
2697edefd27ff1a801eab4e643666081f3e074115dc2d6d17d37af13538fd74d,Mirai,arm
26aef5e03fb3462660d9f66b855edb2ce672da210582545c8d40bfa5eac73667,Mirai,arm
26c29748e93b437eb365bef2c7dbf492f5d669608b85f73a4ac706b847d778b3,Mirai,arm
26c356d875b646457630b3dcebf987fc55339ece97bb63421033f65ddd40b2be,Mirai,arm
26eff219a5a7f1910b533bb2782902451f0ec50309fb7674be49720b9d7498a8,Mirai,arm
27066370f56609b02a0da955b6e0a62ff6240849f743f23ab8761f59f7118cc7,Mirai,arm
270fd48087b4faf0e4dd0024a2c95b946c59de6ef526b99b71c5fbb48b6e969a,Mirai,arm
2711b285dc9460e229b736c5c5c3a44917306b5b2f5e1a6bf9a3c818157326ea,Mirai,arm
27563bcc256f274911f9f98e35fb632e8085c8d0680567df3d01a7a732dbd482,Mirai,arm
276059b437db4baaae5f5f30e4e0beea3d55c1e87c0fd413a28dc04c108d343c,Mirai,arm
2764815ccaa3afef6f351d35989c5052c3f18e364dc66b1b7dcdd59820659726,Mirai,arm
276956cbb5a7a57b3ec8e154bd9b85ba27336b2fd360ed1e23b683816ce81e39,Mirai,arm
27934df60f30d7e232ac9dae202e86f9077905aa4d851009caa57be9f4f45d7a,Mirai,arm
27a5f930b4577809e921a457e973f2741b31e7a984c4765bc9920ae51878280b,Mirai,arm
27b45244e992ef4513dcec4577e7c455f3eaacba32f0ed9f803481f016d1d465,Mirai,arm
27d31c5975a94cd1c9bec0e72757b88420f3882dee741a3b8d0edd339a4a90b5,Mirai,arm
28115faa682beb394d54d86342c370db60f7456cb0ffe31e3dd1d4c585dd43bf,Mirai,arm
28300cfe17a7c450b1cdc2cb29c4286dd25a14d4e84eede4761ffd0ecfda12d0,Mirai,arm
283801fe89f5b9e35907737cbfdccad3fc1beef29fa03ec95fcbad5aa2e86f73,Mirai,arm
28765ba420b928bee7c9e26fe93cc1657c6ec1c22a27bb1551836ff8ad869d44,Mirai,arm
2887ccdacc589ec3b5c8d37fe1483b8188303643bb68191fa4782070ecae26ad,Mirai,arm
2888e6c747a3deb2100473badb14ecb8e1cac64f60eae0970c9ce4707178b08b,Mirai,arm
28b33915487f5f29c32bc912f3a5adb05d947f1a7faafcb65a9ec7e35d6266c4,Mirai,arm
28b7c454cd3984568f3183bbbd536d8fff2536f4dd9729e916d8abea23e995a5,Mirai,arm
28c7e29af16dea191f9810b119adb08b74d7941fea0d4f344f8fe6b268415b60,Mirai,arm
28f0741a5351fabe6b8025c551411590fbd4c835da54ff1f76b31db97ae59e0b,Mirai,arm
29268e751071465bbd825d4bdebc0570d6a6672c3a566dab43cbc69b4340076e,Mirai,arm
2932b19521b83af85064fd2a59ec61ae22f558ed3e8c1a88ad00ca9a4f747b41,Mirai,arm
293b899fde99239d526682a42055a9e956312cb3218c21d2d803eb14c738c0cc,Mirai,arm
2966e821164ca65ab4a025bf39194c116f4254d83b67d19f646fc01c87030951,Mirai,arm
298a21965b308d2d738cec4d1e9d769a63d075203a4b490dd5dbc4b8be9190d5,Mirai,arm
2991a7f580414fb457eb422931c5882da247aba9ea012f193f4d7d8bd05ffac6,Mirai,arm
29b26cbe73a34421f0a78fb816137325cc2b71fc2ffa2284b2449b00cee938d9,Mirai,arm
29bcc36a63ad0f3d25416e2ac184482b068b85cc67dbfe419275bd64182c3c9b,Mirai,arm
2a6c1e221eeeb134846b70aa147651e7125b3c6eeabb105d3b2555eae42e2c87,Mirai,arm
2a8303fc23101e028e2fd8fa9cc706d8c3fbb6d98f96cad09470d7f1642dbb58,Mirai,arm
2ad1b3efa018a552de9d96916e89d2387f738870efdbe260cab5b903e92edf05,Mirai,arm
2ad383f77c3f3e2432f08455b645026d0e590f76f43c0e11b7a00258e093e970,Mirai,arm
2b075640685b6488e7f0ca9427f4454d2105dd51867c6fef83c60ddaab2e1872,Mirai,arm
2b10d9bc91cddf68a3710ccb763adbd0df3bd5940aad281fc2eb238ecf61db11,Mirai,arm
2b318c6894e66a3e8f3abe92eaf92b181fbc4b41998ce6a2081b72582bf8b773,Mirai,arm
2b35407f50b48294e3ccd02c06f5f26416ecff3c266c22c2a0e9191f9d6fbc98,Mirai,arm
2b38cd9acc8f0ade0afea3ee05bb41d128cc1d276fdaafa0e312f780bbb6b2f0,Mirai,arm
2b43bdb87570ee6948fb94a2622f8f96e46e16450a473d093b23a44ec48068e8,Mirai,arm
2b4437a0ac01805292149e2b4838c2b1e46f4ffe5fcd7721ee5f5b188e71aaad,Mirai,arm
2b4d021f7744d19a64ef73e6952a66920b87558d9c49adb975fe70e25dd360bc,Mirai,arm
2b52c9167188ab79e58af67e58d9790f8a9c86a4aa6a17007c79b5d093ea2606,Mirai,arm
2b628baeb8492359ba88b307bd001993b7a106d2493b16ba610793686d0d4103,Mirai,arm
2b7d14551734b3bbfedbaf1b638de08900c1c3658727463e784b4bc1112b4d32,Mirai,arm
2b8d37efad363b250c105aedb5cdb1f684b3a49b4195473c4229da7610345aff,Mirai,arm
2b911871943505d4748df731093b030f2345238489ea723e0db5f64a25f1629a,Mirai,arm
2baa4c2ccd12e93811b7330976eaaa7eb4eb26216745c173cce7f276289bbe81,Mirai,arm
2c01a4a87cdfb73d814e9876a3f938d5da779e26bf66b4eeca72027ad86658e7,Mirai,arm
2c27a5f75b7bf710aee399935875f5d89bd29142966ae09fc69e8837eaf2723f,Mirai,arm
2c4a2777d2781b04ed1b15977bcc7e25a55107ced280fa0c1ce4b7d40cc5a79b,Mirai,arm
2c5161beb19b3a0ee36fe88e4df9b8b54a53595fd325eadd630d1c188b7e09c6,Mirai,arm
2c5dd1720f7c4c2ba085cd90c20979d8d015705bef0e65529643691e8698120e,Mirai,arm
2c891db4558b722fa9ef0a5c88c1497911821fe97b2c94652b9803adb4c82b85,Mirai,arm
2cc1e1882b07eb4c3028a008475626789c0a04f6857cf90ecc57a75fcda777fb,Mirai,arm
2cc3891087fff964bfe19fa1e36810cfb472f5ad85235f8ed16feaffcb4ae2ef,Mirai,arm
2cd354324d2278fe5c8293b62e876fea4799361a342656be60f250f6108341f4,Mirai,arm
2d040a1f42e36ab0c8068e2d5483500e539a6ddfcadac208e3145a34bad2660e,Mirai,arm
2d313a8c396f578acd2f2be5da9083cd1bf20391b4a2e0a006cba1229f599abd,Mirai,arm
2d4d29054497e5519e7b3f51693f7361fd256177d3f3de9e454c627ab4a4bd3c,Mirai,arm
2d58ea82ddd0791475f03325bb4dc1c2c7dda3bf2f12b709cc2d2aaa7374b497,Mirai,arm
2d63b9fd88fa9e27e5e12b269bfb8b2f3bcc2b1cbb76eedbacf5325328d26197,Mirai,arm
2d866a3979b04d449231c5d0764ed7e5a919a611922b320659a3e713d979e9ce,Mirai,arm
2d98754a6d4b0983475684a908d337990029060bbbf8867f6c19c6dd964d5f6c,Mirai,arm
2da6c2b5533f83037bc8a95980710e79680895d27bc41184e19cac7ce9721e5a,Mirai,arm
2ded577db71bde4103003db5e43803f5dbce255d3b2ffb14ca807d7136dca852,Mirai,arm
2df471b8e33ce5250547f2996252137b15117b4bf20be3cd34454a80040df003,Mirai,arm
2df5e61ac20207cb9773fba77b123ca61f5191950ba83f44b46e065b34f11037,Mirai,arm
2e025ce05bd815808eb6f580ed90327da7887e309a38969b8d737de0cfcbd917,Mirai,arm
2e1ba30c556f14bc5cf4ca23c27fbf50aacbfc31b56638467a75b8331d892cb9,Mirai,arm
2e2bbf55fbbaf3a89292d8bb5f023eb35abc359a906796e9d20524cae037cd15,Mirai,arm
2e378e867e8f1632d2727ee575a3c2fca11fc3faead8fada9c1251cfb0b4798f,Mirai,arm
2e65dd75c02a6d61e567313088d8ee5a7479da7cddc7080d05517c78aff188d5,Mirai,arm
2e6b5a78a7546aeb3e6c8d9bb715335b0b4a8960d0d2a10f45672a4863e49029,Mirai,arm
2e824a6ae2bf2748234cd9bc8bb6996664d60bd105fd3372a4a2eeaf37f9a86c,Mirai,arm
2e9aa057a37831b321c8ee47da7d4a361f15e638bfc14816b0048fd928a69406,Mirai,arm
2e9be784329a762aa3c43b8a00f9f043f465223cb4a81ab35fae7715fea2bbda,Mirai,arm
2e9f8709aabf3eaf1b32366bfa8951a71d722ba5d2c63cfd8a3200570e2b75ba,Mirai,arm
2eaa18248dc89ed9d306975c6e2c335523e204785e28a04bb7a20298731fab2e,Mirai,arm
2ebb23170204e2ac917005ab13de86f74fc2940fa357fe418b6b999e85c12c60,Mirai,arm
2ec659e109d13854f601a80a22af683842e0b3e237028a8c3484217e7a0c4573,Mirai,arm
2ee2b515d794d3109a87754d7bcfa4cb114d73355fa07028cd5058134c7aa35f,Mirai,arm
2ef0d248623470bfc78947bf0ee9f44afb3b583831ef3fdf7e545ea62f3e4fd0,Mirai,arm
2ef1d2c65e10b1ce56035494607c5ebaf1d6c976d3c4745d0b15b07a2b865973,Mirai,arm
2efca57e64bc777b4aeb41d83493cd5f2593fb133255509b8fa4d5f89b8bb57e,Mirai,arm
2f1027e97d504ffcce2bd92065dd75c74f987851cff6757e99541f5b103b708f,Mirai,arm
2f2ab895441da059405563dbfc6477f4fe182c890eaaece2900111a9c9245ef1,Mirai,arm
2f2dada2afbb3b8fe4549cedae6382dd9be814e5ff7602b9f5db706b6e7f868b,Mirai,arm
2f43a7b4a756b84052be76e13cc64f118dab848c7e4031ffe74fac73125b99bd,Mirai,arm
2f666b04bc525cf31bf17e492a94f9955703ae9ba81371b78aaf989d52c467cd,Mirai,arm
2f6e1f4b35fa188a64549b2cdcdd99c2549b775695fe13dfbacac29177137e54,Mirai,arm
2fc13b306c97a772618293070539b9255375a5d211dadd7f95b6e36b3765db80,Mirai,arm
300fe97673668d2051ade53fb08ce730518f06fc50391d53b2ca4e9f5297075d,Mirai,arm
301fabc381411225889f33942e46ac0b70c3c9f37bfe9108271d2614deca3938,Mirai,arm
3052c5d1835bf13c4d5c6deaf8e4a53a7b39d80dfc7ac5cdfd80cb9f40edb734,Mirai,arm
3053cabecc5020d5baafc3fedcf617cbe954e5ebcb9f780ae6fcb73fdfa9e769,Mirai,arm
3075db3c1b69a0df8b98df58eafb8eae6d34c061e21ebf2f5fc83244fc29c8ef,Mirai,arm
30850933693044f5487682940ecb25b0403d079b3ceaefd9f9a7516540478424,Mirai,arm
309d8eaa341904a50bd9cdda0f0477c884db41e56107bdf4dfd5f59c10104723,Mirai,arm
30af745927b667529304d9c3edc68bc710e60a3cecfb517ef6f07eab9c85ec4a,Mirai,arm
30b075334c352093aa9e508c71838dd1d8f0225c0edc20ed0723efc35b1e3369,Mirai,arm
30b716342c9b053326b58afe2c443e8984ececdf81a0d768733e76962a0e90b3,Mirai,arm
30bf7ab606c8c55a524e568a422b5df0c6f1f19a2d053cc41dd5a6f7e9a58660,Mirai,arm
30cede27721ddc630ac1f586c7c1b3269d93d3683fb9f5945ef73001587de588,Mirai,arm
30e036ecd92fd73e6c6ef44efd6ec9c0e0d1fbbee1ffdfd76c5a6ea8d640c887,Mirai,arm
30ec3ad90921921fd306d966ab5d3cc7415fb181e8233bfbd34160dd05a00816,Mirai,arm
30fc9e10eeaedda7a8179828c766e7b766f1485db4b8cc791e156e0c30602594,Mirai,arm
310d0f2f999c3b3e26e199f019c5e732139837b13360fefa877001b9c0412009,Mirai,arm
31229afeb4dd5fc6e47d5568d34c06ff95aad104f8faefb8ee855a88a30f444f,Mirai,arm
31573bd4081db4e6f68356ce7432bf6ab392b6a60a2f1a3ba2226b7a2664c779,Mirai,arm
3185d8433abc0b7c4fe8ebcffe81bd517adac1f380981a1e1491750d93e2a407,Mirai,arm
319b799705ff87000d69267fba7ef2d4f4e9abac5abfa4f4e37c549e9cfa6b0b,Mirai,arm
319c295e0e0a26e229b0c3ca54e9f951d23a85f1f81389b6a2457499784c34b3,Mirai,arm
31a7c257c0033be47dd32bd1b3f8b45a55ba5c9dc1c7df16d464abd36accf0d7,Mirai,arm
31b3c50fedd6db7a4bd59f20600e67225c684f363fa4b9ceb2c4694f8b9af3b1,Mirai,arm
31ecf53c83e935d6f7421e2b43a90399fae43e2423ddb7f578f5aafcbfb38afe,Mirai,arm
31fdfc869fc1e831163e6d724a773376ab382135025de1d77e5bf9afed2103e1,Mirai,arm
3211072d7733df323e793120bfc1ba563eb6fb9abc5086bb8d13a37337eb9f40,Mirai,arm
323da240ddba9b04cc9a49d8a93a952b694e1d4cdb3446aeb96c4cca212ec56e,Mirai,arm
324290edf6342c609aa66a125e5d636331cfe24ce1589c4d365bbe11fb422c86,Mirai,arm
326396cf4b515e4621d4cea3143aad7365452196be47ee5b42b398c4f224dbc2,Mirai,arm
329bc3e87a15ac9efbb96660ec1f0ffc7b8f8b20009e6d603a22aa0191a3c8af,Mirai,arm
32b5c6b901405a852305d07c2e3075b738d5e69abee211b929a68f8f44ef3886,Mirai,arm
32bbfbea7180b1719d7192b1c85b16cf679a07dc1a3e199d51dcf3152dcd0a94,Mirai,arm
32bd26fdeed6fa884d8e01fd74044c828d3ff408ccad9522405b3941cda33205,Mirai,arm
32f28540b95463ee3a2f42c07aa851fbed7644f6229d20fe646afd3da1831bcd,Mirai,arm
330d888087513dece86607c91f6278026699230f066cebfb4632e6bb55636c88,Mirai,arm
332438506c2f1763c6509f2ebd4d067f78dd22aef55314d5cdd5663b224ab68f,Mirai,arm
333780ce6a459fb3148f77f2add723bcf32eb1eae04733c6fbb8f4d1e67eb680,Mirai,arm
3339f6add32fbd36a59ae0928e4001312ef38f93d4ab2580ada2ddc6b21e64a5,Mirai,arm
33772e6f273ba9a56b9435b9e26eefec403812b1c0358b720caf3d4aa14255d1,Mirai,arm
337a0684005d3bb44c347f2e7f498a05fdbae8ec9fd2c5a6c157c6f058bde609,Mirai,arm
338b36c5c5e1f77b26d39fd83549f31fd79e82c1befc7fc880801184121a0af0,Mirai,arm
3393db6b8f1f65c223443151baf652f7ef59dfc8617489118201357fb480cb4b,Mirai,arm
339d67c5cf76ec68d1547fa6bb43c2cc9cf570259886b9f9f410e7aedf89ebd8,Mirai,arm
33cb0a68a9d98d975d33162c978102f2508db323176381de3ae5d65b45eefe3b,Mirai,arm
33db7f13d4660a7a964db8c201c9030934163ce12d5cd98ec236652bf414b62d,Mirai,arm
33fb6b9fe12c2493c0799bca707b4719ac23118e7dfe19b0e4590cd0acb8d1fd,Mirai,arm
3414fcf4f3a9ef9df437d8b542f3f95c8042f32f9ece85dd7fcd30d3fabd2ef5,Mirai,arm
341af5af6a4fe9a50478d2320730ebef2ac38294474cf563148a5b93b56ad49f,Mirai,arm
341fa6404e43534201a122c98ccce66a3a51ec8794029e36a8c810a2dd53c814,Mirai,arm
3436b6d03365c6ce12d7c49aae7b5adf237586e2a26fb52606a5557e63a8b1b9,Mirai,arm
345b6e85ae2b9145094525dcafd2bbb39f5501f8fd0c2521fc44aaef1e292d52,Mirai,arm
346de477fc3c4a85d2e79bc7fb887acb238e35dc16431a91b3e2528c982aaf81,Mirai,arm
3471fe3f5700f0472655a1c2bc23c8182aad97cd9c628e490204a3989a34c812,Mirai,arm
347bbf6d113007aef1fb8d3ed6304f749900f8ea09c08f6cfdbbd71f05a842cc,Mirai,arm
347d5492187a59b49f021b5426eb7590b0ababb04d9917523bda0898854aace2,Mirai,arm
348101f0cf9dfe06d40ddd7ff5b0e629db9c7762f2b5414780692b53bc66532f,Mirai,arm
3484ebaafbf1e24a6566b1afa2f1ab4b2a357f5b421450dd92fd47aa7d4260e0,Mirai,arm
34b043c2cb637d7d60540bf91dd5cc630a8cc811e5c2d4c92d99350771386dfe,Mirai,arm
3513a451503db44a091644159faefd25e551e4e425fb4d86d43f29864c9668fe,Mirai,arm
35460657009cc3e64d2602d8aca3daec22ab8859a975c26232f8c1d7145fb7da,Mirai,arm
35705fc23497715bb633ffd09ea3d92a92fd549e4981c113855b66184d0508a9,Mirai,arm
3579ab4a98bd7a82a3076191db7cf662c7ac4d4bbd8f100c0c515ad54d46a209,Mirai,arm
357bf954a4c5d5f50f6e0ea3d9b86befa6e91e525961dcd83495dba456bdd897,Mirai,arm
35850267757662029903c82cee4715a9e76f76708ccfda8930eb4f86541ccdf7,Mirai,arm
3593c339334db5c2c7a1f0b7798f8d814f2e3cefc596e58f050d507ea826a854,Mirai,arm
35a933bdb5d628bb5bb2732f4b4700493f6d4d8b23a4e4d75eb1eae16d374414,Mirai,arm
35b6e740ecece40454899fb48186141fdd9dd7ed126c44a2e1a8967942e4e9d9,Mirai,arm
35d62b78afb79bf55a14315806bd5855789adfb5ad6a8e5a9259c3167d803194,Mirai,arm
3605b62999f54fc6cdcacf0d0f1d62dafd1164a842be3bec44e9cb266ad94bd1,Mirai,arm
361481dd7929069af488b68086f0f51b286b73f351feb98b0b806aa1e98bb1a6,Mirai,arm
361d5580ac7919ef5a72582ca80d2901c65f787ba86c52b44a3a170a7c1aceb6,Mirai,arm
3627bec03ef5f542d232487edf08c0d5b9f0f5fd59e53c3b820c44da6950adf9,Mirai,arm
3664218d03abb2afb7e6a3c8328760ee35ec9c85ec2708bd1f566121e7fdac94,Mirai,arm
36671ef61a4dbaa2b88c9ec814890dbf91415227b6d43b79b68fa49656f72cc4,Mirai,arm
3675b4ee8ea7682e70dcca203d26df7d1bc6c5e6715f8560be08a71282d3d736,Mirai,arm
368ff397a6ffc852dfce20c3a63652964f74a40659c271198a7cc01fd6e6317c,Mirai,arm
36b6bfef1a4ad43e0353e105f558f7eb90335d228f0874df3778c85b2670bbd7,Mirai,arm
36d4f9ff7ebbe2062a5a63506a19d7f25634ff7761fa8ff15f1ab2f5e9081383,Mirai,arm
36ea6567b6b6ac93f6b84220dfb294059d61845293fc173909cb4bfce10bc874,Mirai,arm
37018d629fa88d9b99220982142fbdb682bda5ae46f47ee3ecebc97b67104409,Mirai,arm
371f114f7b9c9c80d7ea0d3f302a1a5fc89a05c105287e61b2f3c21991c2dc85,Mirai,arm
3722bff1d553489b9a6bfa8792edd759cb3dbdaa53d908c682fba14d59003775,Mirai,arm
375ae36fa2e103c962e422d3e809f24d7ba4948660e603d04135b32cfc62f42b,Mirai,arm
3764f02f8c9890f9a31d4cedcc960e95a8a9a56cc69b917e02d08a503cbdcf02,Mirai,arm
3787b385abf912f15d1822348ecaf0c7dca5fa40e79aaa50d3f2fa812af1d984,Mirai,arm
37a3ca733836113b9c0cf3eba19bde806666c516222fea4ab43140558993f7b9,Mirai,arm
37ed08fe85e889ec98492d702ff04d4040989ea56d269cc6301e4e42dda3acd2,Mirai,arm
37f412cd6da7842c215c51e445d429465326266e6ee56f306c1865fd2fdbde1b,Mirai,arm
380cddfc6a1a24174c4bd4ca0b068c7a1c13e58b024fe9a5e137dee42f09be2e,Mirai,arm
382b439840dbdc8d98bd55f7432218275174ec5948af5075a94920ed9093ef1c,Mirai,arm
3846337ff7431287b9a35ee32345952479771b099f1cda6b85dc16b42ea42a9a,Mirai,arm
3857bcb5e43498779045fbad55d0d9541b5915219d6a3d3505f7f4859afcffe1,Mirai,arm
3867d9e43ab3e6ad0f4451126ed6f1515a0d02ef98b93e855f6f9906a1dedce7,Mirai,arm
386be44e68af629cddf992cc735a9de6c641385e99efc7b9f59be47d3f43351b,Mirai,arm
3871d7314b9449477e9dafcc559cb24b88878ba76da254996f7edcba2c2a7528,Mirai,arm
38793927169c0e6baa36325da7a900414e90f108bc54f1abc4c6104e1be1f441,Mirai,arm
38c2d8efea74f88a7514f8a1219672970a5538bb673c7a17d2bba7e43e63972d,Mirai,arm
38c56a0737f11d26f121376269c26f6304cad2ea714145585b637746a66cc81e,Mirai,arm
39163e7e76e3bdf3e021561f23892e4477e27a3d0a15397c82732ecbbf85cab8,Mirai,arm
3965c28031733c728864214ce25d00196b95d09297e037b79687c8969825705a,Mirai,arm
3967757406811d79c6583f51c13f7f8a0a8cb766a77060a1e9efe7d4e4a87744,Mirai,arm
39a4a5f3978a2b749693d14a190dece43ce590c6724b0eb433e2050d1aaa9c18,Mirai,arm
3a031b987e6e1fd195c9dd64db6a45d85356f82e327388bce37bd66407fc6b07,Mirai,arm
3a171c69cff60a32a78edc07401c5f33ef5408fea8c9375913e088ce5fd70ff2,Mirai,arm
3a185d81929af24c4a08b287d405c9a426fbe3fe4201748a984ecf4ec8119317,Mirai,arm
3a5f19e2fdec071099180e374575f0392d1109f4ac3f415b38beda0f8f9f1a25,Mirai,arm
3a625e5dc30233875ecb0516d68e427f8c6ca69fcff339aa2412aea3ddf7b8e8,Mirai,arm
3a7d16c26a1988c2c084ca79b60e078d20577bcc7700cf6e01f0eb0ac4d64922,Mirai,arm
3a7d9acb101450d1099fb39d3ba82c5c3dc09c236224d147af6459fe0ed7b12c,Mirai,arm
3a900bae18d7e138581c94a7ca8ef9b20ab9b7b4ad480812f8f43fe9cff9b5cd,Mirai,arm
3aa5a1e1dfc1c2843023aff87fa4595291f56ec1cf3b51290e126dec1c882e32,Mirai,arm
3abc7513b21464cf9392f3b3195238fb11fee04a6bdaa83fb7b70d5e69907c69,Mirai,arm
3abde2c480fbc67b0aec1e9c3e19734342606aea59c2bb084b20d6ac69448048,Mirai,arm
3ad78693239e8e3d153e9c4e627c01d5b731d25b6cc81403a0b341244f605eda,Mirai,arm
3ae877161fdf55d702be0a4d785fb03da24db5d19486264686489ad9a06a3b71,Mirai,arm
3ae9f1917910692e626c0e1c4c7285767c564ae44455007c7173f610113cc52b,Mirai,arm
3b08fdd218533ef8343a70952e9a2a093af0e847d97bade45be13b26de255f70,Mirai,arm
3b0bd38afce474701f6461d3cf0f8847a6f9b4b500e797bc61196534d8046a59,Mirai,arm
3b1b8b0df9cb29f443dd3507d0c33af383972c45b55450780a73e98fe60661ea,Mirai,arm
3b2d13745b3da01456b0f100ae3a72752950a19d3c49e634681bf1ddf90a6d72,Mirai,arm
3b376610135c009b74d2a8ff419709511effe9ca4c7e3ac7dfd3e98627244252,Mirai,arm
3b38dca1dbead6863139f8e4e9d5376bcdb2832ad6cb95f6ab40cdb39f70397f,Mirai,arm
3b431398b515663d14f27a07b3784e94a295f6e6a68a0575b856a825e1c2336b,Mirai,arm
3b5000363e6266be6bd1dd6eb82133e0d1bc6013e0275bde859c9456083b427a,Mirai,arm
3b538e22f0c0c318a3ac570c77cbc612bbcf6956399b45d6ec7f78b0a1fe8cc1,Mirai,arm
3b9407b5234741e74dd1afe1d7df87717603fde69d5ca306b360b2204550f5d5,Mirai,arm
3b9ee7421acafa6ca9e35f6c7841e00f193596ab5211fc86eadbe974f7238445,Mirai,arm
3bac860c5d0015787044eda4029c3e7c521cc0c01bbdaa1ee6cc7ecd2c7bac4f,Mirai,arm
3bcf03e934f45cb7f47d5bfbd1d79379cf9d36c4fb33c326d538cf935841fe56,Mirai,arm
3c12485e80af1940a1412e73d3d0f6c8c06bfd8ebca9ca08a60af1bc0164d205,Mirai,arm
3c439e1c6403825234c5ddefd3bef61dba521fa16be8a3f14604a75aad5ee6c5,Mirai,arm
3c573b31b96a91111418dca3ee8a45877a6803e7a5c2bd69f71cdaa2cbe4dd1b,Mirai,arm
3c643396ac24561f356fcde762ae4421f2e1ffa7b8ab053f82050448de61a540,Mirai,arm
3c727076e86403ca2182c52457b7b0259e5ef81e349ff6d5922dc6d3ffb38f82,Mirai,arm
3c7c515fe90207ebeeef62d17e502882cdb4c0cf1b75b7836e2036a2ac179378,Mirai,arm
3c7f093ed0dcd363d724764d617623eb779bbb36372919bfc817f4fed0fbe887,Mirai,arm
3c886d0123b758cb3981dd3f05e2a052183e718e16f5a58945c0ec8b5028d6a8,Mirai,arm
3c9998b8451022beee346f1afe18cab84e867b43c14ba9c7f04e5c559bfc4c3a,Mirai,arm
3cab7df80778ff61f76dadd177b2d55174c4ce08adadea429beb002455153f04,Mirai,arm
3cb3b3f2b745d96493cf5e26fd2e868eee4e871d113f39517da2fc801cb865a3,Mirai,arm
3cb5693463eae3d9104d0cf72e7637a8b6c65439ef542acbbedea723c1e6a045,Mirai,arm
3ccd664f7035b216a44388ce2ed5aca0c01722d55826f033427ccf6c079e257d,Mirai,arm
3cd0b1bb0659eb469a1f540f67b3d80190fcd58199895fba1691c9d51318dd3a,Mirai,arm
3cda4f664e68392fed077781143242268842a8a13e998508ce4128d84257004a,Mirai,arm
3cf19b13fd40acfb5a3a7a41f62adeb41a091a84160dfc84a2bfa7206739c66f,Mirai,arm
3cfec307eb65a4b40899a54538dca3fad1a9a9a42fd34f0e08bf008f2c49b83f,Mirai,arm
3d03b29dec78304e6e197285ffaebfc3803b27b4730106196618f783d2b778c5,Mirai,arm
3d085fd5f390b3988161e9da4615fdd35189fc5cd708dc48a641b685e66c5e03,Mirai,arm
3d60744600a2c554b35322fc415d6bdc7aa4ee5aa6331fcc086d5ec1cfc1357f,Mirai,arm
3d6395c61708e4e086afedac8b5145c8a2aafb78bb307fbc39d3adf12ce8dba6,Mirai,arm
3d8cbd165459aab291dc1232490811025656d487fb092abf74b41d41e55ec5de,Mirai,arm
3da07e8349aa4af066380cc5b8c6f53024d9faaf6691f3f5c989165cca8f9c05,Mirai,arm
3dc7aca72ab9590e0e014247b39d415c0bbb2f252bba9022ca5082ee87c0a743,Mirai,arm
3dc99674045361c21ea687a911c445907990e2d6e40d4ee186127c2a8729e759,Mirai,arm
3dd8b04013b3c464b86701266c039e893ca38e9e956d4e88ed0acc57d1d32b1e,Mirai,arm
3e1c4f38925ad5bfd21a6d6f7463c973b3effb55c80bb119b014fa9151bac420,Mirai,arm
3e4e2abcb85b55b0e6e7a493f127337565e192f98ac8a2df26ff9141c8a9a039,Mirai,arm
3e6d030e10761352905aadde9831e0d18656a920c51e71f66d0bb7097a69d80f,Mirai,arm
3e9b65856dad5f94bb818c056bbc61f483831ec2d7f9cd800f21aa1ec272a1ab,Mirai,arm
3eac94b3a3c95ba552bea7d2501640811752619c3f14a012e655f97b3cbca7f9,Mirai,arm
3eaf198f5a1ba4200a64920b414b456da730969d2e5fba65e5894405d5daa591,Mirai,arm
3ec39ca90d9b961f5900a1781928fc7f45372da9a929858de7b920d0b4701156,Mirai,arm
3eccf7641f8b3c12e022fee60b126b47332fd94ad93297182152b836f5312c01,Mirai,arm
3f11916ddd2a6124d9f7f08042e2f0246abffd169dcb3a6ef8c848c6d0e0560b,Mirai,arm
3f23a3754952624c71ba19d930aa0401bbc13e9c0c7c100c749ec1192dcbd305,Mirai,arm
3f2cf1cf8df33de1ccbc8756145294f6dd974463fddc1f9f0be94028e74a54ad,Mirai,arm
3f94007551ced217a1e15b3497dab684db583d6bf8dd67b1fd68b05e143a1fc6,Mirai,arm
3f9f082ed34550ec31566853b270d78539b39c0fbf1087e364ee07f2c7b04ff9,Mirai,arm
3fc0718d93d299ff46b9e7ce24151c1f052a39650197879b1fd90df6cbbd4c3d,Mirai,arm
3fce3e9b9c424097bac6f441617940720dee59376737c14ec5fba37283a6a1b4,Mirai,arm
3fd1198e1f15f70d65d7da926c9f43364548a1dd3796c0be22d3f91c3777c105,Mirai,arm
3fdd90d69e461346c28f48d94444e9e6b8b270098a10277a8d95dbb0c54dd58a,Mirai,arm
401803e310f92cdef677e113b4b1a10e665492f6771f06f3c6c3a1cde42a889f,Mirai,arm
402231b56cdb3207c797ac9a17a5915e1a4a2b91e02866d3c71256a070ebc6fc,Mirai,arm
40269287a91a7c2ae1b120b37df616150a70c2deb51e3e0071b1b01bf494cda8,Mirai,arm
40320d22a274522972f163b8664f74fd54a30837c6a259998e5f3dad94522570,Mirai,arm
403e9af9bb0022403b10a057fc1afb2a36788526c6ea2d128234437a3c3ab372,Mirai,arm
4054b707563fe86530cbe73fc0a13b3e150f21e6271a8f6027b01a4866ec0e08,Mirai,arm
4065a665656bb052173a48f6ecb5923ddc5959b8edd689017be69fdc73ce0594,Mirai,arm
40916e9835b33421b841298a93293e256628b4149517465870bf02f2f994ed65,Mirai,arm
4099016197132dfc0783bf74ca3a6371e5e9f2199c49628ec83d51a2f7fb3efb,Mirai,arm
409cef560988476e4e441aec2e3e551e25c9a2b2cf36d9cae4d48495fcba38e5,Mirai,arm
40ae14dd4b1598faaf415bdb70b6e28973e9a64c6eefd779595d4471860e7fc5,Mirai,arm
40bc0a49aadb682057c742f78e147edcbc0209aa05d48e3b4400682aa9c58773,Mirai,arm
40c0d853cca1c20782fa57452f631a5075492f545119fd967afeaf11e741ae1b,Mirai,arm
40cd0484f23fc6a20f1e54c788a5680ea89944a8e6f0e5d16a1180461b9a22b3,Mirai,arm
40fda2e1baaff7c49a28a1bac05ab5932e22ef19ab0ba49eab0d3fb760817296,Mirai,arm
411b83ee2b7f69901aa7ab5e739f086ed48c62fb0e75ab494a5f68d8fb82877b,Mirai,arm
411f6f1d00b7f9d579043c02601c8901fb75d8690b90d2caf914aba2fc50e89d,Mirai,arm
4122e35f81b4323839d26236ce2a32de9cfe02f21e801010cb6af64fddc9569a,Mirai,arm
41245d570dbfd01d2dd8b107150eae8aed8fd9f1a2061f240e0c454f6f6416a9,Mirai,arm
413512aa1b9def0e5e0de0ff844d5510844c5e98abd4f560ebc2f7900ffe08f8,Mirai,arm
41367942f5cde9c75f71f078d9dbd53ce7169c9dde8a4c38d562f886a0261817,Mirai,arm
413afcf590768a73b24803fb72e2bd15f1c9301fd1cd5d1ecba09a2d1bee76e1,Mirai,arm
4156a026cf3181cc51422be221b4517fc62c4ccd9a0600dcc51583d680dc2c17,Mirai,arm
4156f436a003d8030976a04eaf538b6e354d3406b3a2d18dfa62b183f23c9cc6,Mirai,arm
41c619187f70a094fde1b25350c2f10e1775cc7a2a862a539f3d16d05f7f1616,Mirai,arm
41c9245e3a425ebc999405a469a4c6d7f067ed22f376a5b5bef6d79fda549ac0,Mirai,arm
41ccf588d413307009b238879680526f5c20a79f21bbaaa40109df167d7c9047,Mirai,arm
41d9c4ead9220cba07bb14262781e92612c1fe77cbf0c4d499365c4ca29f738c,Mirai,arm
41ea37c302df78a83b58c2b8a5015391edbd16e05316d1ededd46815bf2ad726,Mirai,arm
4240ef8050ea2f670635d1053c857190182b54fa20b7407f94180f2c99c6ab6d,Mirai,arm
428c7c71e3eefffd946baf32e10a2968ff3990c54e7076cb40af4f8590efe228,Mirai,arm
429c28ba038f1ec2325fa4a9795da07df067c471d978d9fb841acaaefb99bd83,Mirai,arm
42bc0725e82784fcf09812498a1f6659a765dd331fcbd49b96072d10d5a4b014,Mirai,arm
42c331a04d96729bc74fad59da32eea7f6c29c27701ac4535afb8b054c4674fd,Mirai,arm
42c52c6237828c42ba1b8ad526df9a2f1f12290356cdf784b8987101469ca5aa,Mirai,arm
42cd44a636bd0c6f45f1c874996fdacb9c1339e672a95964bb9f4c022eff81ba,Mirai,arm
430ebd11ea89e57be96f5adc465c486d0b09aacde579d53db622506acdd3040e,Mirai,arm
431728666cc7845544d9310a5da80baa37bc832bfae634c60db502fd738dc25b,Mirai,arm
43239e4103e3aa663c28190b9701efcff0cd89532b13e92291d4ccadc0c77421,Mirai,arm
432ac9972844bbff2e599894e1d1fcc4a46fe2f9943de6fb03720c02e6844a71,Mirai,arm
432df1bbba76d166954dfa0d9887e0370ab84da10911fff0e15b746410fd5a0a,Mirai,arm
432f3fde430e8aa9528977d7846aa007f3ffcc7f4f22f08de9fcf036c1e767e3,Mirai,arm
434a392e46dfc285c0464e9de81f7fa9de4356de56228397d893f6d54f4e6067,Mirai,arm
434d5b70b54eb985936fefd0bb0d47dc716f6ff09d113a0fa964d7137459c04b,Mirai,arm
43658b04fdae9c016b659adc73bb335c29c7b9bce4325b407682be9894c1b31a,Mirai,arm
43761ccbbed7e18574587b9d9f6b44195a0d7404e7a1a497855e34653b3de9f5,Mirai,arm
4377b7609493d109646322bdc79a0ff4d30cde7028e101a870612524525f02bc,Mirai,arm
4381a6df50e905bda6997128f652d819e187c3f9dca52145152bcf89a8609fa0,Mirai,arm
439316634295609dad415db0a43901dc364a278a92081054e84a2b5d59d6c116,Mirai,arm
439ed3699b1bea25f2d22162e1769cc5d356885ae8a53e4377d3c725b53aad7c,Mirai,arm
43c9ed4c7ec99217bf04db7c6e1b9f1885e12552cf33ad10f9a1b6ff87946284,Mirai,arm
43e69eaaf3ab5bed25ff2e289bd55d98f04e945619c221bb8aa1c0be84f9e630,Mirai,arm
43f376c2e15d215605053563928e212d54cfa0d3eaaeeb55dc93e33c1e4c964f,Mirai,arm
441f1040cb6b57b704aaae70366c34ad8d35b351d62c4a250b0dc09abd90d93f,Mirai,arm
44367507d2587425433dd589bd0af989757d02a73fc370f1e1f420cfaa6dca67,Mirai,arm
4437eb8f68cc54de2235d89728cd4cf545d71bab18ded07470e6a21b5be65aca,Mirai,arm
44411da04c90b709a600f0a8b3c71945b47dd0cc58b6fc59cb26d1470c9718b5,Mirai,arm
444a6c998270d59f2e46e1e5a6441ea097a05de551c968b683ea2dafa1e90f82,Mirai,arm
44564a8a163bd8b0449a295d328d0746a1c1e87cb1bace1c4641de2c71bd2e1b,Mirai,arm
445a8cdf70bbab55e898a2b4f8b8e36ccb49bd5996807152085cd96b96a65c7b,Mirai,arm
44b7b82b52917b10e6a7e564d5580ab9c7eaf93fac35eb5962fc8a9cf79af181,Mirai,arm
44bdcbd53dbefedaf5078d36628b3d95aece28a02c778e9dd84a57cfd1fadfec,Mirai,arm
44d617e2366e52e7961fdc3d83dc4b22785c0c167ecfc5e1206cc636591238d4,Mirai,arm
44deef1133a197e695439703ec1917779bc6d9a032c25605ca5b9f7c1dbcb45f,Mirai,arm
452d02bdee2a65dcfb6c41dce9d330eb2fd06a252008a8b6c82404f206c62103,Mirai,arm
455e24cb0eaec7ff81ee0c393ac340e8d2066a49a4f1bb67002c4e2d8efc2eeb,Mirai,arm
4584ce27ec1cad57b3710e81e7567ee43894d55db886e46629237510eda195e4,Mirai,arm
458b8b2244eb58546648c0bb756a48ec81f7c7d4877e8a666de5fd92237141c5,Mirai,arm
459980122ea22c73d8e01d1d8cadf2797a6d73b8574b90d2da55895d3138202d,Mirai,arm
459d7e6fe460fd3dc93cba9430402d1cf4ae84daf38d8bcdfbe73ddc3699458e,Mirai,arm
45a0e691aeb3184b16bbd5bcd9145a719b776328a52faeda39ab991021b35c84,Mirai,arm
45b98bd66c0a1d270ec44d868fdc6874a95c5d0482fb038f87584b2715d01840,Mirai,arm
45bbccd2c8b058f8b7db7046715e880db1e8733dd0f06186f94c6e2a2f0b489c,Mirai,arm
45cb7468e0f8e77be72475b3c2bd5ae8760165ae9c4021e838e47d7ffaa2e8f9,Mirai,arm
46097b43f599a5c529c1e935e8ed4420a7f7924f044d1386194034474430a43f,Mirai,arm
462f859f8c0f83d63fc821d4034d4a20e002b7e55888c9080541311243305666,Mirai,arm
463a7f2901807b0c7263f98f28b58fc6db1acec5d733e6f4c3085e085cd7e2a8,Mirai,arm
4660c4fe5a12bc3f89ef807893866f32e02aee0c65bbe979901fdd97980062b4,Mirai,arm
468b7e127cae4aec7b3d3d1988e9d749e1e394df85da1085c7875a7663d616a8,Mirai,arm
46a7d16877adda74f734c0a01eaa78417e6de402aa811978ccf2261c79acf4a6,Mirai,arm
46b1e7c5b60a3eb63056fe60db5cdbfc76cf83b23e8f035745fe55a9cee019b6,Mirai,arm
46d310329e543a981cd61e9eb4abc1b0e1540d39c5580dc00c804cd38b858964,Mirai,arm
46da63272ceecf37694bdc90ac4f09d33765e63360dd27541aa5525fab818010,Mirai,arm
46eab05199a634c2e4f5e83730a0f2b10a441621b111db9862f11d41623feac3,Mirai,arm
46f611a9e3b08b6bd115a8759752535e5230d135ba8dbb46d95e5abc456c877e,Mirai,arm
46fc5c16a891ac2835c21413bd618f526b50d548781f55b36f26e89c90918f36,Mirai,arm
46ff99423c3fa522325b33583b7c0efae351edd62951dda221e5773ce3856d41,Mirai,arm
4703842afc272da5313d52883fff8c573b23198b62328ea8b9633224a8c61d20,Mirai,arm
470833c88740b01e956ea2d07f953d2be0b03f2388b5eee82a0597951febfbb4,Mirai,arm
471b09406de4467fedf1a50f39245714a9f818d1881c7e69df31790938326f3a,Mirai,arm
4730c26a5a1cb3315b61520e90d624b59dbb76a92edde8f4926c3e93644a3b0e,Mirai,arm
473727c4738842ca052544412ad519db28b655bebff9153023dabea33a501dbf,Mirai,arm
473c27b566b859db64165586ff7592c4cf0d450ff5868419ce85b15010a27a08,Mirai,arm
47435ee8621ce29c929356030e7477648bebe698a24deef43178ca1ff2ed6bf7,Mirai,arm
474ed0c7744b85291fd1f4d7b58b676dc40d8371c425d1efee004d58e9eeb04b,Mirai,arm
476935c240d86b6005fbbe9bb422e4014d9a5fa384dd805f770758f7c83f8a35,Mirai,arm
4774157fb47ac37cd6e6b3bd30722ae94e171ec559f68ddfd778ee07113d7a6a,Mirai,arm
47755f40a6627cafa601bef78c7df3125723d6f17c0fce83aadf948ae94a185b,Mirai,arm
478e1c81bb893fb89bec9dcb25050553ab5db65615f01a6aa94b5a350ecab4b5,Mirai,arm
47bc3687b24a1e48c9e93e8cbec984ad44fb75d13073301ea5ef57363ea78cd7,Mirai,arm
47caf2a2a069c132e8abaca7fcca0aa367af21b59dfea403931ff659f0f5690f,Mirai,arm
47d751f6d5ad038013c2cf63fff1f97bfe8f34e892531eaea94ec24ea8593824,Mirai,arm
47e27bf3d766621fde51cc4e040096548cf4dea70e2a13f6bee0619d6afae8fe,Mirai,arm
481769b22c70e495ec92f370709bd240b3709e8449a6ff839d245c1fd130ad00,Mirai,arm
48208f9b5a178eaa73121d6d71b5d442f35048d2db737f21e9970dfe09b59955,Mirai,arm
485d328a4629263fa96b5b3aab5d453ac5257570c59e313d6d0e0b6dd589527a,Mirai,arm
48aed6357bafe9e2f93b460ce2b879f582c96e728bb1edb1fcd016e7cf5a575c,Mirai,arm
48c934f995d4636cd4cddfafc57dd0948a29e1c5251e3a9cc89229beb7d6f7f0,Mirai,arm
48ee78abf0190f537757e5f00e9c46b8aa62927416620826a3f9831ab5f637f3,Mirai,arm
48f0bf61ccd9412ce9a07064e9ba8612021b837a1d538d4615d74e2b830c5264,Mirai,arm
48f9a8d22301d6087befc99119f30b0b7ef5d20203f0a95fea91aeecd10e1a64,Mirai,arm
4900b4b64294d5a9469989a0a52ccb75706d233e91ae77edeb51db48fd03c0f4,Mirai,arm
49099ba47a31cb59f34b5a84c8abc01318a1da9a4d50802c4677617d7b375d6c,Mirai,arm
490f3917401af6d32c63129d8e4da6c3466145b9415554d50fdcd3451cd50e94,Mirai,arm
491c39a66453e148c678e7ec9a336b35e257f9b058219e9f0365761a8d8bed77,Mirai,arm
49441b1894f162e13ea14347ccaebecebd0b4e659100b836bcbee33c9f22ba6f,Mirai,arm
494b0c9d75f420453e6c405a10c18686a60804ce20c6b372d96be19455c3509b,Mirai,arm
49585cdc4417890919645538b1adf0818b75dc91b9cadd6585a8f8252ac68849,Mirai,arm
49791b514379895209f8bcfe023484c7322c23d21a6d7db7f5e03959e7df85fa,Mirai,arm
49d46bb8f9d8abc0c8c84b1bb200664458a130970fc0438e872570ea65d901c5,Mirai,arm
49de8dbcc7e24ce99fabcf1ffd5bb251f56de0da3dc92075a7dec12208cf9e7e,Mirai,arm
4a81ce0f9509209d165ced40e60e7d0a660ec802675cfff1906b375cd2119bbc,Mirai,arm
4aeacd56e616112c87276b4a24ef4ec39b9fa2dd8dbb369fa044327fb0b9d937,Mirai,arm
4b0a7c8e6e3dd84912f5923295eaaa520761d04e08798433ef61c23e7461cc18,Mirai,arm
4b12cdc9e9089ed2e73a42cf9f2e38f5450a5110a095805da98d8e22e58704b9,Mirai,arm
4b135e5f2b67b2ebe723b77faf62abd76440ec4b3beec606719936b3c52df764,Mirai,arm
4b80ce79b6015a8fe81e0ff30d9e94da33ed0d52508420b47073a91a4bf7e974,Mirai,arm
4b9a9180c7955ab2d156d4c9db5979821f831aed62bdfb2f45faacee0143600a,Mirai,arm
4bb13f5bd0c7b9c8b2f586070553222c8cc77d71b186bc5ae78f49cc8820a24a,Mirai,arm
4c2e47206bd30658da9fbd607ad0d7433732d48193692b8e0ebae54dcdd7ce58,Mirai,arm
4c81429e70045bf684bd0a16dbd41674c4cc55897ed5d12e4b2b0961d0b87be4,Mirai,arm
4c81c667a4b9926fe1e83696faaf3792b299098442f3a6d3318af681a24dc8b3,Mirai,arm
4c8e1cf5a4123751c8387b631f4d1891ef879807a0310d6cdac6c06727507c7e,Mirai,arm
4c9b433fa2feab020b9bca53d1641098f132fb07076307c1828d6ea37b65cba8,Mirai,arm
4ca56db63a1dc7931923fc3715892da95de2f9e569cffd37ae3045a86d1689a4,Mirai,arm
4cfb6cb956a9576b837e8c2a7c042ee6776c9236a4d2e60cafacf8775a9924d6,Mirai,arm
4d06b360bb06bc7b9df6532159224029d5c010efc0b79cc4acda6eb9a2e16583,Mirai,arm
4d1d1ad113513f8d3df2a801966a1ed83fc44ba744138285c78de29524679c1c,Mirai,arm
4dadf3a9a1a7cbbca25d79a0dc64c25e757a4a0cff844c750547da32b4476b41,Mirai,arm
4dbd2a17e0ac12edd1d0c878554c18287fac5477eb6ff612499d0f8e0bc3fab8,Mirai,arm
4dc8e5801c04cf8c445393fb4d026d167c00d423377d86c947bb9af2691c30cd,Mirai,arm
4dcc5b98cc7cc16c0ae33b82e1df023e1df579adff365900baa57f1156137c0b,Mirai,arm
4dce6afecbf7ec18e603dcd87164923ebb1f622f6600a2b2f5d682d02bb8474a,Mirai,arm
4dcf074c065f358cd8e187ecc88fc76d9c1a9c3f4401cbe3cdabd842cd6beeff,Mirai,arm
4de769679a31e5abd365842f43f0f0657b70f1a54f3545cec1432899f064b398,Mirai,arm
4e0a25572774cac8e3fa569cb7b4dae80b46477664850f985d3f46f91be87948,Mirai,arm
4e15e5939c7ff4d74ca9ed6639709168b0cfe072a537fc51063aef16ebf242af,Mirai,arm
4e33f2d8807322a9c23f2da241cdd5b3c5edefaedd01746d36e015dc15166219,Mirai,arm
4e3529f99858e76111ead4264181d3879bcf08dcd2c042c32b6d1484ec04a1c8,Mirai,arm
4e4eecd1a29c87db610958743d99b7156ad92d982d4577e56c7993e925068d04,Mirai,arm
4e90cdf35eff8d279a68d649d4de431bb73eeff100ad52dfd6b0baec12c2c340,Mirai,arm
4e9a72975eeafab58c25f4d8b0da6dcf09c540ef5c8c17ce4658adf5637749f5,Mirai,arm
4ec4ff36077b82e16180834883f89012b670b8d25a0cbe4470f59d96708b0ee2,Mirai,arm
4eca5f345214a5e7e5d4539677a042de047845423eb05175d3d0f562e6939927,Mirai,arm
4eeed934a3ed924b250abf78c31b29ac3b2e99ff73f522e89784e9099b8e2b4c,Mirai,arm
4f0fb15777cfaea48d86e5fcc7f36a1ebad9f79c4211142a913e559bf191f16a,Mirai,arm
4f2454067eccb737ab729c205333f0c763405a50f23f002879b52ceff3e30228,Mirai,arm
4f25d640d1bc211decf33505af1ce91840717f39a5a852bd2a9f40a77c454d85,Mirai,arm
4f32722fc3209da697ad939dd2c81b3a2117613eef041cd3a9aeb1554426ad39,Mirai,arm
4f37294c4edc9aeec94ccf023f08de1955dec624e40c177f367f4e374441f565,Mirai,arm
4f590f28ac34f321186ab174af340fcd59adcec8a071fa27c618e614549f3f41,Mirai,arm
4f71e0164b2b21170c7a22054ad4c70f95efbda8d35080138d7486d660611a2e,Mirai,arm
4f922daf5d5c6e290307b2dc3c48106ced39f03992360cc58bce2622c4642704,Mirai,arm
4fa06e4b72aff6411db28f32ca2cfe2eecb7f50c7b1f629a959c70a818a91609,Mirai,arm
4fc0feabd00c2b7cd28815fd8bfa5a1630d00071cc4ae938cfdf4fbc40f5700b,Mirai,arm
4fcbaf5914e379ae3be62fec5785c2328fccb16cfce6bf28eaefc25f57c3e3e8,Mirai,arm
4fd2841ea3b26e91b2df860aef8d79d8652972f10c8d01ba307d53a22a1d67f0,Mirai,arm
4ff1995a0d42dd689b57365a5c4ee1e298c7cecded7afe8778bc5d810039bd09,Mirai,arm
5006bfc365c1fc2dd216c8cb22e1dbbada49239f51dec1089e3a7e51e24c420e,Mirai,arm
503cba39d4be0e331516c32763225fce01f45866ff25a02c1f5aa26462ab3c44,Mirai,arm
50475135dd6e55e802bbe995d28d4dd2552319237c38898dbcdad601c5b2ea4a,Mirai,arm
5065887654570a3c37f03d22ee2377f8a228f51c55f01fdeefd01ad887374cd2,Mirai,arm
50886d171ad10085b92188b20f5bbef78ae9cf425f7218b3c34b6290a25ede22,Mirai,arm
5088a5f68e7e91e1c5b22bc17d3075dcf38fe3c49e8f7ff938272a4ee5f02f44,Mirai,arm
50942e54f884fe7c4c82d01cfae55b93ad4c83e1c39080eb3e065cef55f7e3be,Mirai,arm
50a086c9c03b968106d4cd4bad80ab3a4eb42d44fedec71be45ecb79ce17871e,Mirai,arm
50a68ba04050407d6162e15bc0cf509f2d3be37c197aa39fc486be00f73f43b5,Mirai,arm
50b5dec987f2c0e9a8f80f1ab1a906fe3adbb89fc5464373fcc5099f834d857f,Mirai,arm
50beba7f0c1ee1a1cbb637989712831a8543ed846e06a10ffa48bdbd2e73be35,Mirai,arm
50c229bc08f74b2225388d26732ae20216f7698ae0d8f2ca81b9ae9fe92d282f,Mirai,arm
50f92e8075430eb4348a77fbb4c7d3cd3f09fc1f7659b82485fdf0632fac24c7,Mirai,arm
513b6388b5ad722e20eb958df00f767023cf7fbd4621d3dcb96282e91791221f,Mirai,arm
514cae9d74376701eb499251de0ce8748b318a0bec545193462a57c6c35ac27e,Mirai,arm
5175d5554e8711fa081e8c33fdf0de2c1c4b3bf3d7094fd90b26f52d50f82b25,Mirai,arm
5186af4786e83aae15d48509ee59387a0210cca99d5e041e8dbdf30ae3aafffd,Mirai,arm
518c98b4361cd28623aa312b2487bd069717f8af5c65a337f99f511f7bea6a58,Mirai,arm
519b2812e5e28ec877120f5a1821c968c73b26599ae262dca05ac16929d425ac,Mirai,arm
51c9275607e8341f8fef6f395b79dfdd77bc9842f1254be4e16a85e2b9230a28,Mirai,arm
51f184da384051081835679aee076095873a3e50bb092d0172eedbba2b417c26,Mirai,arm
51f466c360450fe9a31b3c1a0ca9bbc6182d03bd3e40be15818b141de6fb6e10,Mirai,arm
5215608c179c7f3fdc68fff9d19c758ef15e541b4cbc851de005788027a81aa9,Mirai,arm
522311b9cb0b9678dffcf65c2725bd3175b32d848ca08c44dabbcc31e04ceaa3,Mirai,arm
5229a1c1033183b9a69d4f2c8a67a50b5d314008230ba43d88daa154fb71059e,Mirai,arm
5246eb2bb29a408d06ad8f5d742161323449818134a9f092f041fba35563c861,Mirai,arm
5265946565216662e18ae8714b847b74860fce49cb34f757d7fe7642335cec4d,Mirai,arm
5266fe58c28dcce04ffc143204f7b51de2468b242d7d356579d50de847725e29,Mirai,arm
5275e33ea790c59950cef18a14b6da05ff0a99398987ebe6820585692cd64c8e,Mirai,arm
528cf9326a4057be63040db6f8eb18c50c84e8e704e110e384d0aa051353b034,Mirai,arm
529fc27f679bec11e13bdbf363fc9f77d3e64d8034df7f5a72e5a034fac1a168,Mirai,arm
52bda027ac088e23dd0041803518631a76bac747168e7de6c8bdb7f44b5e3b7b,Mirai,arm
52cd3774e3bf8bdfe6560072c09f99fba7bffd80431256e99d02d0b36ff13c6b,Mirai,arm
52d2728b6f8d21d3aba20efdbac34dbb80339695bd1243438dbc412d571e9217,Mirai,arm
530cfb8d40037bced1cad65524d9e784e02218ab724654868fb1831bf0c59a0f,Mirai,arm
533d594ede06bfe65b3b952ab0c8a87601da75125af8b586b3a842689b571311,Mirai,arm
536582ff7d2a478f4c3c4e17ab5e19b0bcae8cd0284f7014da2446b5988723b5,Mirai,arm
5366c35c2fb608ee057186eb7eb2fe9c3dc60bc002cec9f1ad2650d40ffd1a8e,Mirai,arm
538a5fd3b4a837a36b7240f7254e737e2a25357adc655f5e7969315079ab7c72,Mirai,arm
538db3ff4891281493763bc0115ad07366b8ac542dfd50c10e31241155c16584,Mirai,arm
53a544ee02e93b79fee2090e88a75d3886e7a0e7dc953b0a062708f1ece6a54f,Mirai,arm
53ab7136e20ef73598b3dd439ff46a87a870f0b2e8b9cad31c460fc9078b5de9,Mirai,arm
53b38952022b92567b87a4f89933c0e34cae46c427a5e067322b8808ff026b2d,Mirai,arm
53b5764cf18431f9f1cb2299d34787696e8c95b25687e2fb77b3f5a13a256999,Mirai,arm
53fc9c98c13b847c62fa8b43cbf31734ad6e5271f993d327af6d55cf3ffe8b9c,Mirai,arm
5404c3891e27e077255d4e440e00b1393debdc6254a86cb734774880f0eeef69,Mirai,arm
54180640b835394790001e64a5b1cc97697781e0701b1a1a0e2262d6d86672eb,Mirai,arm
54640febddf8abd56cb1a01398600a3756b721d0e8a5b1516be23865dc7072b9,Mirai,arm
5486447f34c8f93874cb9c64a0f0f3374967af103c9c913c221d02856e3c718c,Mirai,arm
54af48114bd9faf02145e7a8d1c63bee731bf6fa3661beec4a9627b8072793fb,Mirai,arm
54c72cc80747197501be709159ebe4a629c86929b05bfb8a43c2749761d6a600,Mirai,arm
54caf10a27e539af691f54425ab14acdf0a61daa4e5bb39aa4834349657ec53c,Mirai,arm
54d3cb37f0ec53fa1b78a7f33a9e52d9b52d457c888fa9a726b5b1ebe07c8996,Mirai,arm
54db2ad94c217a5a74abf4caf1924d70f04e27d8bdd22874764aaa7f4809d007,Mirai,arm
550c40db00361a901191b6ce238e60c042a77ac7ca8fede1a7584eb9af7f7a4f,Mirai,arm
5567a8b592721ec1889ae1c520e1b6d1b238c99d685aae3300d3cd32eb392d1d,Mirai,arm
557b2f81ff498e34b003a1cb8bfde687675065e3f36ae36e32119e54aaf61603,Mirai,arm
558fadae5097f90a8dbe3970054154c2f854a9a2d0554dc472e6807afaf78726,Mirai,arm
55abacf0cbd1260d2522e830c5884b20da7ac4c736a4f58aa7c85bb3eeaa4b2e,Mirai,arm
55b4de169259c965950c0f02b6cd0247afb80a511316d29642aa88df019c3ce5,Mirai,arm
55d7bc06a58ad6be880f1bad4a8cd6b6400206b85d2c9a70c4d9677d8443ef2c,Mirai,arm
55deb340dcddbbe137b0026a5c526b196ee06ddeb6ee49f44d95c870017e3e18,Mirai,arm
55df7c633b26dce9abcb66a47a03e8035c449367d9309b4bbb7dde92c8b1c83c,Mirai,arm
55e9c21f0e295ca81cb071425e58f7728b49664ac2c075120d3f436e5c52859c,Mirai,arm
55fb4936272984934ff6073d9d12109be93bc563fad0a6c3b1b8cbb3a1157975,Mirai,arm
5643515e2a3daaba94011c8bf41880b8606965e5d1a4aaeffb6fd41357095ff9,Mirai,arm
564593138a04eac20c3d0cf0149c96df2c26dbd7f224122a9b2a815c06d6ef76,Mirai,arm
5648f316640b116513526f1c3c7972d5de799d93e412c460753dc8f80792f7a2,Mirai,arm
56619c999ca3b2075738e297c9a0dce87ef58a0aac5a118b5a40ef30deadc5ea,Mirai,arm
56c9bda1b19649ef882a692c18bb35c6622a0ec2a5cf38e5ef2d732ccd3b2b0e,Mirai,arm
56cb36b7bf1488599821337aceca5ffab2bf20061a2837dc77bab4df9941c9b3,Mirai,arm
57088d0b079a308a99e6f2587e9a4d5cc7489cbd369956b0091454096a208db7,Mirai,arm
572a48c8169c34a585751eb6fc635ddbe68687410c32a43c42fc03ac5081b3dd,Mirai,arm
572a4e95aa6c1bf7d74162f1390930d26e7dada0ef5ed16bf106cb8e32ef7e5d,Mirai,arm
5780f59103a2986340f257614030221ac83b097a0031aeef2c218d427e61b7ef,Mirai,arm
579024e5168103a986d52019981051845bbb3236f87eb030445d259a00bc8261,Mirai,arm
5803da0c1f916b7978768945dda34c83be5466370ea5c30e06e77d1cc3125d25,Mirai,arm
58086f32d4863f0f1d259e44465e650e26432d08c01360b709ac6f613148c906,Mirai,arm
5811a98e25c8850116bee58da408ab11c97a3218d1ae93a7ddf1e961ef0af1e5,Mirai,arm
581a3c2786f675036d7e07231055f1e36cf84d9359b2d16e6b06a06f0bb18ea9,Mirai,arm
5821fa8310de47bfa8048294c9d927f60406153f2af49246307a6fb642ca81c9,Mirai,arm
58950822a39eee3c450677b2f8afd0743e178390b9d1c257ce174412dfe9ba3e,Mirai,arm
58f67233a2514c21358237bee33050f6c2a1402d7077f15b8a45796cec05f9d2,Mirai,arm
593cf957ac6fa595ba5c375ee3e21358be5eb2aab5ddfcb08e856284fdcf75b7,Mirai,arm
5943872f467c176a4ecfc1b1ad11dde355396bf02f0878b02f5007c75b87d971,Mirai,arm
5973339043f052d9bd3fc81c7251b2a14313263da553414eb2cfa4589b2f4c0c,Mirai,arm
59828af6ba49b262fa7f53f0fea1f9e9a17c02c0a5f5d6f45336b65ddf71f2a0,Mirai,arm
59a7c079f6242c8cac9b8613e2fde645945cb83da07a6676aebbc7b850edaa91,Mirai,arm
59add4646c62f26b9ded05e3560bc87b7f9b338f844b2e97013bb58220eab7c5,Mirai,arm
59b91dd9109509dda29d8d8a9e732a60fbcd00b773f4edcca41fce6f69171667,Mirai,arm
59ca025ab72b61dd73e8124b4c96de37018e866c48d2b244caa9f611578d2436,Mirai,arm
59ce090758f0203131e0d6bf1bd1114fe71a34c7a1d0720485eeacc41c8e6496,Mirai,arm
59d29debe47b76648bb9c3fd999c6fbb6f2bc202511d5fb61a91127dbc1d283f,Mirai,arm
59d7af1ba18ed894e7135981e0c66f60ed5080af2879c74fb8069c0c10fac003,Mirai,arm
59e30b5ce56755d0fa06f3072fbaf0509ee11cb8fdb9b0eb1b1c72d921a00289,Mirai,arm
59ee9bd71154c73d8aa3e5d2d46d55b9e5a368654cf585067504fc59babc7471,Mirai,arm
5a015715befbba7e7a7660b251fb7e8247e4e85be18b91155e86254ddf93292c,Mirai,arm
5a065de50862d1cc6c207f8d02b02dc3595bdead9a29534e52836cdbc6150aae,Mirai,arm
5a08b1988c8be2c1ca585e418c62ba08f3c1a00c21ed3cc04f135e2232069bb6,Mirai,arm
5a0ed7063fb34128cb207b4dc348d95bbf555834127867fec7acf9ad77639642,Mirai,arm
5a257ed065e833958089d50448453289af0b03a62a4090553840ceebb59c0915,Mirai,arm
5a2a36c2aecb56bf2dbd23ea8879764fa6c10fb13ed7fa061535ab33a5ad34db,Mirai,arm
5a348d46f084cccc0c212e577d4f80f8e4a90f05a2403e332ac0c95fe7dfe641,Mirai,arm
5a3e333c79f2d15b08cc89833791fe39f9bfd64939c90e10eca6321730758c71,Mirai,arm
5a49afec643873947529da79490908e1d553f8f467f197fd47a3ab62dfcbbd8f,Mirai,arm
5a4d97755502d7cd770c40bfedd4edc948710c62bb1fab4cb34511000dd65b63,Mirai,arm
5a8f15c6fec44e0c08b03e570292458b1ab6a3e778e2e7831c0d0e9dd463c978,Mirai,arm
5ab2935995942c5d78467826eb2a5ad7bf1128e6a6c07ea810d4a1a9b5aa92dd,Mirai,arm
5b259c662657c248926b6e751d80b7e45bcf6449ceb56d28ab6f40c5d2cb990a,Mirai,arm
5b45ea461155609f76636512614ca1afd905f1a9ea7ef57268c6c09ee9dda347,Mirai,arm
5b5a1c16f10c47b61f48d640ae0ba033d748d60a6c6edc75e02801fb834d4bc4,Mirai,arm
5b6fc967bc7eb8856f7093f3681e401ea8997437f2abe1d235632ed85ab4d79d,Mirai,arm
5b786fc85713d4aeb1cd864affe5626049afecb711d3e21529bc2c90672378b8,Mirai,arm
5ba34d3e5ae187e4b12dc36d860906aae441fdea68dba501b89f47413ac1b594,Mirai,arm
5baaa1dffb5ed85ffb14f2e91fe66709ddd2d017b6175e11f17082936c95ee46,Mirai,arm
5bb3e64713646c6af550e8c37a75a96530afcc45cc044629191cd13f51f58510,Mirai,arm
5bbd49f1c200422b6767bc2a0c692f32c38233a022cecb0f2faf277d7e4a810f,Mirai,arm
5bcfec1f5947a55191835b069db5fa95bc0b9ecb5844c1d5675f0bffa20ec35a,Mirai,arm
5be711323ccbcebd590c4123cb3ff2c6ba5c2ae7104f7aaceeef17cf489759b2,Mirai,arm
5be905a13d82bc3069118698809bd41181368da37c8f98ead2857f4f7342ae06,Mirai,arm
5c07098f37bd68073f8ce7673065e328c09c654b1589f52595aca13f22118b66,Mirai,arm
5c1b34c4683ac3a038b2d52ae28d6ea65ac4bd7242ddc566078a2378dc0c0bdd,Mirai,arm
5c506c23b6bb17c09e59692b75f1424910765df55f015767df6549b3144cdc0f,Mirai,arm
5c50e475167f44826c581670a899bedb788119691b06da3add68fc11a14c770b,Mirai,arm
5c5f5bc61e498a317f42b08c27091bdb0a80ced3018efbb7c6d8c121ab2ba710,Mirai,arm
5c668619d8dc5f424d47eccb60e5ae7fd7149ec35469fcfd62bacc659b69a843,Mirai,arm
5c70b54f0ab644efe322aaf30252d9cc24d1900569ae3098a6400d66be0cbf01,Mirai,arm
5c7e144d8f3613a404c02efb7825839a6f08cd2d9907b43cb221dd5dfa60729d,Mirai,arm
5c832bc99765186f4625e8127151543a2afd82dd5e757f421bfad4328aeb0829,Mirai,arm
5c839781758fcb5a14ec04089df33aebdf671c34563c9b4596f477fd1e42237a,Mirai,arm
5c91b8a615eac65aaab90c77f4b83873555f3ffaddccfb30156b76122d0b254e,Mirai,arm
5cba5c4ecc335804a99d6608ef7cb18a7759c3dd19fda14b4e6f94766ad78b31,Mirai,arm
5cc0e1a37f1c8ba73596056bdcdabce934378585afe2366acfaacb2bebe02203,Mirai,arm
5cdccf0173425158f66fee9facc6ca96e882632f86d06067452d77839d4e2fe3,Mirai,arm
5ce7b80e916cc58c70fc1769b4520bd75919e3551d3efa917ea5058bd3bbaa8d,Mirai,arm
5ce8fe78390cef003c5be4b4132080b0dade4d71a2c82f6015faca5b055836e4,Mirai,arm
5d0e43e73cde2004d4e1357ece60b195c499d35b3a7184a991631553e6582f6d,Mirai,arm
5d17639f9eee14c4d76471c2edfa4cd6d5b0ea399ce846bb1316575fd7e425ad,Mirai,arm
5d1c87141b42d93a812821a2c9e7adc306db5f3799601bc82d94cd2950c2fb06,Mirai,arm
5d84e0af47fec36dfc8fca6a62de04d60e8301142ae6210b475beed002621a26,Mirai,arm
5d8a3fc81277790c8ab9690fd9367692fc252104ba6afb13d47d871e2e472e2b,Mirai,arm
5d8c6f26494a8d2ef0b4bba1288ba60997e4b1201c26c9eb9d4c2bc8b4ac724b,Mirai,arm
5de5d8ddc1fd00869518f1e3e94bdca37374b60acf1290b404759a02ac920586,Mirai,arm
5deca797fade3b34153d808cfe09909509c8aebfb2311805fb1df93ea925eef8,Mirai,arm
5e17d261701c341bd0a2e3d50fea7a64f6d3f0d83706bfbf6aca314c44cb6f7d,Mirai,arm
5e2dbbf28ab4f9059f6a88218b78c3bd097d1082c3f2d61de81e5b6f744a7aca,Mirai,arm
5e302d9beb9c21f5c62c1ead98e7505625e1b665b95a44581a95d2ad1f599cea,Mirai,arm
5e56ca1eede59ffda7fb76a7fd4d93dda80332cbba6de70af471465555dc78b6,Mirai,arm
5e62f4db8a2d62f3ec892c2873fa985a141a9ec3210614189fb2df1fdf83cfc5,Mirai,arm
5e751d1cb8ebd3dc53d1fcfe26aa1546af49fcc1d2786513ac65c9d24a414fd1,Mirai,arm
5e99788592ceead1f1eb44bfedbe9f305dd9718bf82a5ae3693a32aebe6dfed2,Mirai,arm
5eab5dc72004614802af5d788a7d3dc8f9fcbcd0d1c68a811f29f5a10a6171f1,Mirai,arm
5ecaaa6a17d5b042cef5d0975ed3e8a0ec27bff8f0082186f9ef51623fd72a6f,Mirai,arm
5ed59dd04dd397b2bcd051bddc492ecdc6a1fe9cff5030f9c66435ad0b8ff317,Mirai,arm
5ed8665041993eccfa0a270cb85d64a876451925fd04cceba8d1f350ab650f55,Mirai,arm
5ee67cb42d65fa0f576ff87f4e1787c9075cf0b5daef402121ba39545cdf4834,Mirai,arm
5ef0c177aa28ceb7698751213200a8cf1e34ada8270cc3ca5eb8f7bf0f445bb6,Mirai,arm
5f0c1e3c1feede85cae4029e83f0e82287b936da347355b27d4bc9786376b9ce,Mirai,arm
5f12ba17dac777e70e9180506b1d7cdbd9dcf4d77cdbea50a673243954a53984,Mirai,arm
5f233de0e0cdf7adf1d2c9e094138ed80da005db4f15e046618c8967e6c53e0e,Mirai,arm
5f2550046d5c59321c9afc9d959e5612616e91ee31e8c6f7b69c532f5f5de19a,Mirai,arm
5f4bebc4b808d3b9fac9c0fc53894174ac9a8c87106f158b2a1b397128fa1204,Mirai,arm
5fb37a3203716ca2c0fa6cac6318198f206382a9dbf11e92554473837b518435,Mirai,arm
5febef67530bca92f2a85b3f12e87f6a48d25b80cc0b17ce1e5f6965dd0df3a4,Mirai,arm
60124970f24769ec07f94b0aac8bb82ac1b5017cfd5e086ec8b031f501bd3670,Mirai,arm
6023d3a78873210abd5c7cb3c4cb08d0004d29339ea8e6e602724602ba402247,Mirai,arm
6024456eb0d6be3c997b022809d143b3cdb8fcd0351997c51df762a5c532b61d,Mirai,arm
60288ba2c89fcdbd1aa348bb7b5fcf832f1a563861b46e8a9b855055314ff3c9,Mirai,arm
604f447f74a0e7ce77bce81c5c79d9ef083e9e4d2747786a1e7f649781301635,Mirai,arm
6058541596476151ac1dc28b5e3d8d1af1007da2c622b01f4a8a9928c2db46c2,Mirai,arm
605c5c6c1244b305d76d4ce8f61919c4645f60b42284956a59bc4ce14acf0532,Mirai,arm
605e3a9566f54644d6bc78fda9e4bdd86c0ac6483f4e8a44dff4553b620aa863,Mirai,arm
60645e5b903b874bd8e540c5fc8a89cca8a06d5ad93c63739125265c26516986,Mirai,arm
6073e6dcc7979186dc27d8d90f04820a2c4ba0b4aa12aa1bde249727d4d8f54e,Mirai,arm
607b187cb46567aa987a387e5d32067012bd03a3641ce284ab4349e59e2ef43f,Mirai,arm
608a5a99d9f2390296799268407a2127dc35da93b7b3d468498d976041441777,Mirai,arm
609fe934b6ce6e74b674651ce4c51fccdcd8660701c0ca6cbaf3dcc992e3ac05,Mirai,arm
60d816c776ce4a31e3429738bacffc7ad66e0e1218cfd26b1258946796cda405,Mirai,arm
6101d467422be53957ae5e6711890e52a85ba3efa281db6f1aee3d50998427fd,Mirai,arm
611efbfc3d800c940b6b011b2a8c93876421f343d917d36a49005040b89ba2cd,Mirai,arm
614ce032ea09235b869102b7ec4142287b8c4f5c4448e7bd976e6cb908b10704,Mirai,arm
615dcc653fe1dfe6c2e5255a502f42afbe5497b8afc30c7d8a26d06f5b9d1462,Mirai,arm
6166846974c38295ba28cc032027814dd79b38040f29d42d1ed372fcef523a74,Mirai,arm
61754788c774dbe2a98f7fd92f54e0a19525f75786cdd019d5ea6b4cf3b06b24,Mirai,arm
6180e32d0cf86d92b9196c4dab562e4791c84c34d2305080272018b40a86bf56,Mirai,arm
61bf036206ca0119720752d33ddfe87b9f44bf86495416b2c0b54f230b7ec618,Mirai,arm
61c5f6ca3492b787c2807cb2fb34ab01d6212041d0a06efdd664556b64ac9320,Mirai,arm
61cfa4b6fd91364f1e90d4436597bb0ecbbf9e5a5cd94aa92563263dfde2d461,Mirai,arm
61e24cf6d4fa861a608d183a9c264024535717eebd3942f04b124ac74044029c,Mirai,arm
62207ed71724db3bd0a63ac06070f372354a223f86c7621ecbeb366e3140dab5,Mirai,arm
62951e77c528038dfa39544477b7d8438da491ae76bf67d36e4ca2ea2ff7f5c2,Mirai,arm
62a081e4789930b84d186a8e778cc8c1976b2535e08e7d20157599f2cc746849,Mirai,arm
62a3c30d2ef3dc5e57973a6b4bed5c12b3401b7e81ba834392f950d7b6951a4c,Mirai,arm
632aa516839c1385518d21465bbf9dd009f44b9d223e2497050947beb2e34ee1,Mirai,arm
63318640f6c8b7c12ec9b0b78285e2b3ebcfb42bbd232fd31df7e733b1bbb3fc,Mirai,arm
6361b378bd965570e6d3431fb36d7619ecb9f892579255af9e96f9e4bca2fb23,Mirai,arm
63675c5571d36aae377a09d8dfff07c500f7345690eb65196934b67431b048bc,Mirai,arm
637862280da73a8897340b48bc3c4ef8ff317d14b3ab07da53f8fb653b5191fb,Mirai,arm
63bae945ba5c61f0ce3383167e642a34c0089a04cf4070def6c1cddc1f7f43f6,Mirai,arm
63d65f0f43c289ec69b62f6dda73001e10850fa44f0826ef9fa4576df013e7a4,Mirai,arm
63dfca8f79e2a6bdf0fe06625472f48ad08a87be638b607be2387af64cc64210,Mirai,arm
63e5ef7cf5173bf3b0f5760611e8799bf46c7b97bf42d54c01de7f4322d45d4c,Mirai,arm
641dbbc64c36eaa06409122642e25675c15341071e90d8289239842e0b92590b,Mirai,arm
6443696a606aed4b1c2f29a103607944f14bf83913c35b58fa00fbfd5c5e1e53,Mirai,arm
6450515cb8a92ff642be37e41f37dc30cf87883ede562d51ef99819969b47372,Mirai,arm
6459332dd6d8132a3dda44bbd7f8edfef50f8d862ce5c7fba3268d16fe581919,Mirai,arm
6497333aaa1f553bab3f7a9b0bba312b2c60b110f8b17a23857ab2a4dee33e89,Mirai,arm
649d5959eaf7dce0e3d24cc6aabf8b9c54f379305d1686ee8f448ff9ac5bf03c,Mirai,arm
64a3294893f7c035edf1e99c7b1e0e5a085e18c6f78b283ad17e676be099624c,Mirai,arm
64a71dcd27b0b121917720b2726f78c21bff7854635b1c7963df902aab407d30,Mirai,arm
64a832b9e717d9460acc2a556c74e9d370bf5286a4b45465f657ca5d3e6fed1b,Mirai,arm
64cbae5fd98cc5a6b7169dc7eed7dcda98997adb437ba102bc6cf9fb894a754c,Mirai,arm
64efbeca46858bb7e03dd36d8108ba4c1faa1670ddae07dd51098d3d2f76f994,Mirai,arm
64efd9a3b25c1fcb4efcdc067ab28e6e9145481ca513de56e773d97033995bbe,Mirai,arm
6505c5ea53f9b3fcb08ffa86eb989a9c3ebde1267361203f1546e73484f02ded,Mirai,arm
651f8b9e09c5ea1f4d9db51bb64c06efa887f19ac91f48d3e3ee9c48f58195a0,Mirai,arm
652c02a8da4f60358f96ac09e656db1e0265b075d4f633bf9f205e7df5b2abc5,Mirai,arm
6533848812c8870c735c2741a2f0e11fc460cd39f2e78f3f71b60415dc942522,Mirai,arm
6565f43b5366dcaa9789ce121db68d0aa342ec13ce2baf520e8beb75413d72d6,Mirai,arm
658fe88f70bd48b27bf36d24cd58ab2988a685b60d78cc36df17db363b2afeb6,Mirai,arm
6599b0fad12c90c3d73c8b2c523f61dc19df7041ee30ff544758a09b6e302c6b,Mirai,arm
65f23c6a3da279dbddf1392be6ea9d4a4004797e6df8b4fc38d7afd4577f514f,Mirai,arm
65f89a7a3c8e5eb8da1f1d50f100dc5d438fd99480dd3c61ad52bfac403e555a,Mirai,arm
65fd5a2d4c9690045a1a141509cdf57cc2403b0e582ab8f5a119c33c6474a34a,Mirai,arm
661ca43db0b55a72be61551bce9c94ccff4b998445300346e3abc713c1eda52e,Mirai,arm
663a623967c97f686979f1df3746ff80c360b2caf353107e05315e9b6434e33c,Mirai,arm
66432db285d22d71cace77fd496eb73130d62665bf6e357df643af35e03cf090,Mirai,arm
6643be579e20e5d5838f358d8dacf94882208d36a216565b99e475c2f3f05b28,Mirai,arm
664b695740dea8e42f2a98c337aaa186de639fb5272728396260ec7ef7665427,Mirai,arm
665dfb2324c8eb4962f6eea85a4ec48c299a6b5018256c2d9f3a0349fd1ba669,Mirai,arm
665ff75899281ab6c24e35f9d28b3c22bbed585f606ac1911ef0e1313d1027c9,Mirai,arm
666ac17af53d0d21969751472f0d4147448aae52fff9fd759b319f2929a47de6,Mirai,arm
669bd939ebb8c660806687cc3cdf0b7d08bc7d35513787118ca9d855efb92e6c,Mirai,arm
6702615049b92debf297e76e6df86806d36134f9ccebf1e67e8c9583cca9a09f,Mirai,arm
670c59f7f115ef6ff01dfb35fcc1423c8b6ac55cba0e76c782c62940d7d84dd6,Mirai,arm
670eac4c87e99347d242e65ae50f21f8766dffa9de2f36c87d26315e738dc807,Mirai,arm
6715922b0ba5904ac6bf3b24b2047639367bdafdc26459562fb59f3629031a10,Mirai,arm
67363933330fd8f7e714a212c5a480968e8531231285671fa8142ed1ae8c6646,Mirai,arm
6739def8ce8dc60d974744faa44de6a98df0b8d769cff68641a1097f10e80881,Mirai,arm
6742e351bc151158ace6b96a32f35238e8fc4184131c56cc0476ede70be51943,Mirai,arm
675e2b95d1d4c6b12ce83e317421646b47b608a060658920cc63896c11a4753b,Mirai,arm
6762229a8b3bc25ca0e02234b1a6e557f6a18444f15f224682b210d2f439ea13,Mirai,arm
6766026908b4c663022bd124b5de8d8b0a37f512ba75411d5ecf18223ba1772e,Mirai,arm
676a87b17f6c83ca25bd8b459dc32440e4e67c39ed079326a5f35ce66f407936,Mirai,arm
676b56301462b4720590ce73d9d0caf9ff6eaea0ebceb1142ace177141a5e648,Mirai,arm
678737e5b1f08015ce37311f5d434835cab2166cde3628f25165ab00ab7e9a27,Mirai,arm
679a27878e470cc18919def9a41917232036430ca2197461f90fe51f6dbc50d2,Mirai,arm
679b5330e5d056806229b0e2e86cabf649a7f5f2f06ea8cd0cd1dd40f92a10fe,Mirai,arm
67ae62a0065928f4bc4e2931056a3fb3b9cf3285e48ed2147f185525997212c8,Mirai,arm
67b6d2b28c6cbc5f55c14a5ff7b1165958048acca2971af3708bb534b213fb23,Mirai,arm
67c5536f160a56fc4017883e531f5d9980aca6422d45b6771a6c9ce227f20258,Mirai,arm
680f7a100b967de484d119e20e70380a456e2ce8cce5a04637df4aac61db01f1,Mirai,arm
684c66dc7502cc914df7e8325d7120af7bd97b6f5f0987b9d77230de14d79dc1,Mirai,arm
685c2545286cbcad3ba278422ba186f5aa33673a5ada64b0c62bbe50010a4ef1,Mirai,arm
685e72157409172fe3b3d042b8b276735d7cef5bff4321e202c1521532b34aec,Mirai,arm
68727070cc01592a89ed6d2c359dab815ae926d60faf7a5d29a5571983c20e68,Mirai,arm
690e1761d3e2658ec0d815dfee3dbbf2f1e068af1a9d153c40778d0a9cacb779,Mirai,arm
694777cce76fd90db03386513cbccde6d2e0ae6e522fa24a63cbe731fc7bb3d2,Mirai,arm
694b3d59a3d711afa27da20418444e5372beccdc95d0eeb0cf41253d50004803,Mirai,arm
6971bbbb8bb755bd775a7b3d260315d071f0c6d028f7cd00e18a284171b38506,Mirai,arm
699e217cefad9b368a67f2bbf1f20f9ad4f45a8e7d9ca94848a6051ffed459ee,Mirai,arm
69d033c04ceafd895adeca7f9d8decf2a1277c8d42386a17e85e76b58d1de68d,Mirai,arm
69d909ec594e0c9af81d69f57ecd821e194e874a9fe4d61b6e964a3bf98a0ef7,Mirai,arm
6a08cf22104036dd73dbdc76fa41834c2b5cef314a6eb62baf86adeb99ccbc87,Mirai,arm
6a161cb133a858b4decb02221736d0a10f2bd9fc7f9ce17c76e53804c9dee0a5,Mirai,arm
6a1c17bfca62786f8e20b730efbea86dbe2272469707490a4a3c321de71bfd0f,Mirai,arm
6a2d7d14a410c0cf99749f556b2b01bbdab2365103e3b411859491775b6e93c4,Mirai,arm
6a398a5b9be885981831a4e5ea40884d6613efb27d276a496573acb7504a1724,Mirai,arm
6a7105436f3204175befd43b6385a6d190e27dfaaf650c34c5b6980e775e0f8e,Mirai,arm
6aabb2ffecbd086873d52dca1d437aef5d0105f78d3efa5746cae0eed39370e2,Mirai,arm
6ac67a4cb69a09d832cbb799fa166e3959384b9775596113181d870b775cf48d,Mirai,arm
6accc44817efa38c1d6111866dbd8f390572b2c98cab363be3e4d56b8d4e3e40,Mirai,arm
6adfb38997138702f4b8b2d43b05d0e1ea08dade818db561be59982b775696ef,Mirai,arm
6ae8167a61726e0ffda52c9ec156aba91037503307d5beae73ec8d72c599afab,Mirai,arm
6b0537679166515c22d5384558f3131f69575c581d23dbf2316cdc46ae7e9fa3,Mirai,arm
6b09f68e8f7aa93bcaf7ecd4cfef64988546876b6110b67960159978b4eb696b,Mirai,arm
6b4d621c858e202d077475ac41720593832b84896b470a6e96f90d6c811ca7ee,Mirai,arm
6b4f359f958298094972cad194407a8a14e2f6a0df28c0b66aa9f85079962ec9,Mirai,arm
6b5d55b754ef854304ee5c844a2bd060d2fb9c4bcfc83ddf33c26b0da914aa87,Mirai,arm
6b811a42fad4fa5e562aab4c00c9c4698b263ee9c912b2872571ad24b1af7d79,Mirai,arm
6bb9569dfb6a244ea4aa6089db5e1cea5c808bd64ede35f7e8b71d0604d93086,Mirai,arm
6bd5b5620ab83898c420cb4d356779a88d39719df1cb3af03d06da72eee9665f,Mirai,arm
6be9e621a9d2935dcfab368da3a68b593eccd56fbe4bdb6c546bd80a84ba8cd4,Mirai,arm
6c08aec21ddb07ba28bc02724de21b6dcae85905a1bad51fa6e71ca6385aad22,Mirai,arm
6c23d0ccf6509f1c8a6cdc954b28caa7fa03e47b742d35ebb4eb4fa4aa9f7f7e,Mirai,arm
6c3803733bfcb4640afe768e787ac9079d998de2f5a5598475c03d1734fb896a,Mirai,arm
6c3914d28b111276f90bf642b61df67a344ee4e97dfe7a820feccd205b7ae350,Mirai,arm
6c3aa7f306bc5f244ca73b8a82625c4449aa7b2143bcf03b5cd4c9cde41590e8,Mirai,arm
6c9d5ac38e4588122f39f768f824d7140479e18ea39e6152d2797161f0c0a54b,Mirai,arm
6cbb3836974a3c7168b1f4194261d2809974574488be0877b5d5647018c20303,Mirai,arm
6cd9f58ba03783ecf4ce41ceedbf30d893213da57eec776e7e93114c53a9c6f7,Mirai,arm
6cf0c1e24f2ed295ba2e842045764b2071582d85821f0d3aebf2bf3c3d1b694b,Mirai,arm
6d1a8d361ee7753cb8be4531debcf55c962c4ec7542db2d77c429b435fdf22ae,Mirai,arm
6d363760fa74d15a1809abda00bf3d96db9488f1c868b86c3362a4694da73b11,Mirai,arm
6d426cbbbe6cea5a4d9e451c53767708d2a731d8250004e9891274543fafd1da,Mirai,arm
6d4b6fccc7f61d3fcc10f415e3f3ac9afa46bfd01b232860ee3a74580e6095e4,Mirai,arm
6d4f79b7eecbbe51c1715d2a8fe19218f31795a7e15e1653b5ca49547925398c,Mirai,arm
6d62fef667e604bc449786fd41fd59761e07175424272ec63b7b1b700b0b31e1,Mirai,arm
6d64dddfb8355b116e5a5de1c677ca45fe1964b4f85812c937b97c12b972ffbd,Mirai,arm
6d90204a61664400748f7eacc74b6e98ceee8211ca563989e0ec1e889885ce13,Mirai,arm
6d9d1157f1602154026c6459a4cd8dd182cdaf28c53a98842bd6cb0f2cbec7e5,Mirai,arm
6dc12731a7fc1a22879581a5b972bb0114b5e59e22091077dafaa41be5eb10c6,Mirai,arm
6dc9fa8d0beec1b4ba706d1ef5b6e61c102e34cbf9f4b358cdfcfe5fa24b315d,Mirai,arm
6dde90ba913ef30904f1b5cb7ca857d615ba8d81c2240f257ffd8f973640014e,Mirai,arm
6e1216ab6b8d8b4c4ebb2c00d3f4275d4333c42623d07aab4513cfe33e6759cc,Mirai,arm
6e1a9644a20dca53781e524d44ce769fddb0333702979a19d11e1eb4b2c30a15,Mirai,arm
6e2c41e696e3cb8e41a8af5d6ac89e6bba80a15dc2f3fb2f992bd0afdf8cf7f8,Mirai,arm
6e31b4f9b997e60717ede6cdeabc7fd02ed718b147ab57d983df6ca5e2f2930c,Mirai,arm
6ea107b1d440eba574611c755c491593c4fda75c79b471d449ddad635065785a,Mirai,arm
6eb634ea7958318e1b22d16d4a8afdc29392975f5fa99578168f134f25652231,Mirai,arm
6ef9fbf2291f1a2fa65835de82faf1ad24e64eb2ea0f34460560b968c944c76e,Mirai,arm
6f07cab403a95f56c30da55d8b4a4ddea6815b4055f785639bf19f51cfc1a2c8,Mirai,arm
6f2f895a459df3c6a48267d1c32810b62efad06ccee827a72208032c6459bd6f,Mirai,arm
6f31efe208553d41955a257a61f082a306971a9d3ae84dcf7583b796e35a3e15,Mirai,arm
6f3978cbef8fff2b6fd37717344f16b4d4f03af69bdd6cb205b6b9e6fe05d3c4,Mirai,arm
6f479f1d1fbc43b85a07a8af3206895e403107898c10b13acf507637d8ab747f,Mirai,arm
6f775a878e03e0db67180093e4d32107dccabd2e436906316cfcd184a5763552,Mirai,arm
6f8953e083e54b8c22b9a1f321336faf46c1b603377b5991d9891b82da9df3e0,Mirai,arm
6fa98dd78fe75e4efed68c6ffd43c3c3b7af2565f521b915d3b737cc1b68ed8c,Mirai,arm
6fb055fd1d09b2a11a1503e090c0812d89dad23dee11e19326ddd81b97dee9a8,Mirai,arm
6fc2317d1d2b0c4296143352635846fc0f9cdc127808ef6e9e6978d041d53763,Mirai,arm
700ef3a083526351cd1848245a1ff9bdb59f6bcd76dd6136d002e432ccee3d26,Mirai,arm
701b46f1208b66d3c3cf2570e11118a47e180790b7845c7b2a91e7f6f7128bd9,Mirai,arm
702190f93fea73576344b2b34f4c8e115476e5ac6f6f772788057db4d6db91f7,Mirai,arm
707e4e902843791d84ff7087d786be054e8a2e175fdb4375089a266c507e884a,Mirai,arm
7080d53b4e5c4c6b87ec398824e5dc3194166c4ccae6f95c33a5684f422b86ea,Mirai,arm
708540a0bf6f454a903487d6dd3f7c0f57c84d96680e659cdb736b4e808bc011,Mirai,arm
7094ffb0214b994cbf4e4ad57b6462913bc3ccea0d8ac9411e7229698165f214,Mirai,arm
70950b395f7fee4795514f7db64325e98f36574f61be75aa477c7423f43779aa,Mirai,arm
70b178930db90755d813b5cc90fcfc382e0a2cc01d48d061ab0833b9dfe5e889,Mirai,arm
70b8150ea0f685b13de83cb4dc56dc9bbf4cc4ff1d88b94b7753c2ee17ef7864,Mirai,arm
70b9f7414ab0ab19337cbfe03e2c43b8bf7af7ee0edf037b70c8339a673549a7,Mirai,arm
71009a7b32e4d0232ebdbec0f2bfa80ce7651bf5e4e311850d46d467b49e67ba,Mirai,arm
711990e1abe952e253cbe5f475996f31ccf85efb3863eaa762b4bd8e63dc2a63,Mirai,arm
7123c720f95e6953abc5c55d348db353d670e037fa8ef8c746d896638a4643bc,Mirai,arm
713ef7f67bf15c3266a405cfd08e4619d37d82db5cc3051eb9301b8cf637daff,Mirai,arm
7153aef69b8da083c9e42a21d15db573dcf2fbee707bb7dd48876de5edffdce6,Mirai,arm
715567e24f8b8ea94443addfdb05402a7a8a6d0d1e0450e3efc5b12b6053d80d,Mirai,arm
7173c4111ad0e907845753384b460baf67b655fe9db67b85ee35ca7240cdd7ed,Mirai,arm
7189904c1e149cfad11ec11ec4b81a398cfd525d90001fcdd6ea861b5f8158df,Mirai,arm
71ba2e9bd40993846676ee0cdf10243fc94c1788be9fa56124ad395f8fa89c4c,Mirai,arm
71cc4e0efad6f37dc668da2325766e3efc4a80102ea424f3958f8b1357cc264a,Mirai,arm
71d58c782b174ebefee3c82e31ed178e1c273a7bebeaae8c48151ccb107fd231,Mirai,arm
71e50378534cfb187b865d647bdf2f166c733075343c18748fdc26e748494fd0,Mirai,arm
721f421d2158865f8d0ffa0b552784bf702fa12783b8359411fe0396a718abc7,Mirai,arm
722a3921e674c0bb5d3f267d706a35e674739c620f391bdc0c8050f4c1bad127,Mirai,arm
723371ad88d5fd60d4daf1dc30df3d2bfdc8c6dfdf86444e65b9b148963421a4,Mirai,arm
72427571c6b8323daa3263a2fa0ba196900ceb185c90ad37ccabe0a74f7103b3,Mirai,arm
728325c053c16d9c7cbd285b6b1f30f0d239f130ed22904115d4baf39fbeb0aa,Mirai,arm
72886dce1966ac805e6f29a86484d074bcd2d12cd58ac59418c5ba3cee4b6741,Mirai,arm
72b2216379f0a2f56bfb0a600562992e67b176f4a407a8a048429565499adffe,Mirai,arm
72c45f69fab50785e950016e6c099d90bc2a0c261f1a86defb0b99c94ac03069,Mirai,arm
72d439615e7206ede1341cf0bf666f6d7fa11ef05c64730747e65e55fa2b18c7,Mirai,arm
72ed0b4a333b8b04500f1931dffe6977adf66b21e55addc8cb1019d676825da1,Mirai,arm
72f6325970cae69e7b7e6c6fd28f373ce28bad64f794bea68689110f7f2876a4,Mirai,arm
7301ccd2396fbcb87b6facc7516a383dad361d9f544e540d811eab3f90b15d84,Mirai,arm
7325de3409470f14c65cbd9aa35232a061c73c31602d7069574dba19f90be790,Mirai,arm
735058de5205002ea81c57a098a5687bc9a420d3f434f14da54d86930fe00677,Mirai,arm
73c2743d5e6332d4f22137cefeb0b7efe67a1b820f64df5c3c44d0f0af91462b,Mirai,arm
73caae4adeb6c14a102c8aa3b4e439fa6db0b01b8e8c445181a39befa5ddd8b1,Mirai,arm
73d2387ba51af079dc40d1e78deb008117a954050ae7a5cfa893e1af4f47c033,Mirai,arm
740c00b1d4df4d646670e1679f0e122d7203335f214f4bcd1b511a734eda0ee0,Mirai,arm
741ace8f7b43f3e2e2af74e3c318381b523e34f3433c1f131b243ccec9af4e46,Mirai,arm
742d61d71747873922a2dcf3fa4bdd274eea90664ec678c32567f465c9fadc5e,Mirai,arm
743af4667647a4af6131a4d03d9b2ce29643e261ec2ae57d4f4c30358a4e301c,Mirai,arm
745f76fe240af9fafe988b3be536620fef7b0bccdb6d5ce86cf3f0bfd8ebfea9,Mirai,arm
746fb913472f1f26624e2c5666fe5483af770954125d1c200687d042beac7a33,Mirai,arm
747ec31cc36d0c5eafc2c613b6c5517437530e9c0399feaf0106786228506fb9,Mirai,arm
748182dd9ea3359674c5fa32a45ee1eb32a96c26f006e54c91a1a453210e9158,Mirai,arm
74a05627dc2f251032732fa45ed086ce22964688c38e9cd9b21debb5f57a1883,Mirai,arm
74b2df58a11273eefeb95a42e45a8990af73ce69690caa2d1c71ca55f17b130f,Mirai,arm
74b6c8d497ee61d838b6521b70975892ad76ef8ac9665c5ecdd980ceb67ade12,Mirai,arm
74d017bc05b5c2fdf87ddb45fabc7a732bc513de6d8a641b1588477d698df43a,Mirai,arm
7514ba4bbc5e40c84bc94bc7433f122d08fa0d9b81528233f794100addf399e1,Mirai,arm
751820d0a72712d40a98e9fb4ecea3b0fef4dee4a3214902a9617e1d682945d2,Mirai,arm
7518dd664b4431019a4c9dce8fef9d116e1e12f70050271d2ce9ef88f575f981,Mirai,arm
752a9a0deefbd6a52a1cd019001b526b07fdca89ac4f18b94da9efcaa690507e,Mirai,arm
7536656c5d3fb8c7f08a4ba94e70978b7ffcbaa55d0212470f06777a6d773255,Mirai,arm
7537bd171b0b8ecc45381fae0f2439aeb7b21a2b31afc2aa6207d86491b6fc03,Mirai,arm
7566eaaa99f042675b2a32ef44367b3a1a9a375abc3bd3dc9d435aef6993efc3,Mirai,arm
7577e3ca438cf8a15ecef1cca85a8f3446ca761600e9ed20919cb8ee8cffdd5d,Mirai,arm
7581fc9920806e8697cce44b7fc911d1970e9ef8f333c040bdf85a1dc103c068,Mirai,arm
758e2954d8954412e2383454be997ea15eb2143fb0cdd6d6bb32babb307329c9,Mirai,arm
758ebf85d6fcc6faba7d8df53f757d9133f071ce50394206c698c8977651fb5e,Mirai,arm
75b97defa795ca8c057cdee1f0cefbfc88fe028bd32aab9224228c6290ab4266,Mirai,arm
75cae3436f3069be3441534ae9ddc0f6f4c3bdfb3703e46c271928216cc17fb2,Mirai,arm
75d6c4e7860ccf5a7ff9fc153792ee5b0885d12f4b14e0c34d2b527dfb9de87e,Mirai,arm
75d7d1c81c35769a40372aa5056d793ec151c263b0a56b6542207a1293ee69d0,Mirai,arm
75dfc0435daeaceeae669a820fea481041d38f28de0367278645c5023c5b76be,Mirai,arm
761343d1b596d3cb412d4a644b1d15ea16f72459fb1dd88089eb608b4f5e8f78,Mirai,arm
761c85eee4f076bcd2b3c5fd9e4c7585f5187151230bd3d24c3f813924658865,Mirai,arm
76384ac7e97346ce44c9cc34177547547607e9a837de67702f3aa852f967711f,Mirai,arm
766081dbb5cd0fe0dbec46ff415ad4ad65ce40e1dfc03d857d12cdb5066687ad,Mirai,arm
767517118ac3aecda47f3f33927bc996fc6e4b1297cffdd7daf1aa212718674b,Mirai,arm
767f00c38a9095e43c689859e65d2cf4bc57749c96ec1d1b3343bf13f2acb547,Mirai,arm
767fe77af20a4c98c32a19ff5d92de74914a2604c10b3e610c452717e213ab35,Mirai,arm
76a87f28e1c949c7e9ff0f4917be0aa08bae17b1f6ce09a1ee9f4adf526c6a07,Mirai,arm
76d9dccf22b4d08cfa27948db4ebc27b45f469e6d4a2b50634ba37e460cea8eb,Mirai,arm
76e53006d318f6a95a0cb9164caf3b508da910ce5b582680893080a1d0b08119,Mirai,arm
77005fc94809cd505eb16a09e37f2fd0e59a7970dfd9d2d693adcf3a3ea6a75f,Mirai,arm
77042ae0db71ec45b7e467130b56a5d73adfd085a856e12ab71ac1735197770d,Mirai,arm
77140f9415e98d571f4bf740e99f05c4d5e1fde62fa57ca34bf74e4bffe92b08,Mirai,arm
7717771011b144e85822c1d09dcb5833ae96334bc7fe32b8284dca4e961e84c0,Mirai,arm
771cb5871a189870dfd80b57404cf3da1a3e45cf3b5b685bed8f1f589ed5ae43,Mirai,arm
772759c93552f4a2f88126b90b88333fd45b3727c3b3ec205366f85f9fa5004a,Mirai,arm
773d59bb8b55286bb1ad05e9e48f730b10ff332dde53b8057c4346a830f19a40,Mirai,arm
776d1097f90a06ab56ca69557a1d1b41b59d73f00580c587ac6768b52ef913fd,Mirai,arm
77794b44ffedd5002e2c16636b00c76ef14cfd3dbd1fe4f46e1a821b5270275f,Mirai,arm
77abece05913f844aa3835bedb79ecb42f9c69ae2703f0c288950b30e37ea28c,Mirai,arm
77b56a46e5d02bff3af9d22923dec480c013905fb0a6201af167c7772d790431,Mirai,arm
77ddde38bce280422f55746d1b5bf82260e9368cd9a57aef26bb5d34038eb698,Mirai,arm
77e3bf99db3e2640928c670df36dc9dc09d8850cfe5db7d7e602ef08831ca995,Mirai,arm
77ec6022c32393f1c648b3cde53ef7b882b785db0c42d56ee1f8009776575400,Mirai,arm
77ee28feca41ab6dbfe48018a2e1f419c0a6800c3bc28fa25b944b2b753c0e58,Mirai,arm
77f0aa61a6c730fe062678e9e988f4d295b163c8d4f0863cecf0b0a9095d1b26,Mirai,arm
782cda31ba590167ed739a1007ac461b82c4ba5ed526015c86ef650cecc4ec3d,Mirai,arm
785c638bca6dd131683d4898c5a836245f22a4bdd10868883ea8208fe0297bb4,Mirai,arm
78779cf678621eb525a73fbd5443424b3d313c97eff6f3b179a2eaf2d7d29287,Mirai,arm
78828696f4973612ce581967bc0ad54e12b2f60e10f16eedf3c4f0c390bd0dd4,Mirai,arm
78a52af731a72d34ca528b90b9c9116189e9d8714b3eef24e20a35ddc27ec513,Mirai,arm
78aee89e40a6a5f24c11c26102105b13df0b6209492d7023a485254d93a2f61d,Mirai,arm
78c8edbd5f5eac2a8bb9b337b82aaba08e152212a14a6df60022667174a27a7c,Mirai,arm
78f71df4d44c5dbe101485be4ce09495457287f0b53647f69277791f6dd58960,Mirai,arm
7907dc1b35a76831c2863840272c1bd7a8457d1a4fe2b913bf4e568c695f6b2a,Mirai,arm
790bab2b9fb1662305fabc25a1dc5d0ee6025013920484c6b5e9d70e762261e9,Mirai,arm
792aaf62baf3af4997437acad6ae7e995f34d5ed1d182ce702da3eb1f238d905,Mirai,arm
798904b8b8ebd97694ae12f193f812534308f6ef236554f0c1e1bf4e6c545dda,Mirai,arm
79970e2acd7b6c434e8c5d3b5fee84f80b719157b2f97b6884dc6c49c6b78ef8,Mirai,arm
799cdcde8b1e8b15f036ca0bcd3f7dad5cb21ce8666b59b55d294fbe693d5cbf,Mirai,arm
79b8bf6cbc11209113d6110b83bc47f39f5b3271170a30ac4666049da651d310,Mirai,arm
79e32affc73de4d992f2e455307d93044fd6b920abd8b738bf5019fd94fab4a9,Mirai,arm
7a055de155c429d89447a9497f4c09b4139576bc9c95dbd9329d87df56191287,Mirai,arm
7a34aad6301425c4742aed2cefd28a738cc86072a999b6707fe46a3f7476825c,Mirai,arm
7a3f82e116e842ca258a7ba5e4cdff0a06f99e55172cd576543fb68268565cc1,Mirai,arm
7a59125e97f4aeaf1e72a82b4b8d03866000fb472e0e18f32d570ec879cd78ab,Mirai,arm
7a9014e9c8070fcadea3abf651722da017a1ae090fee84a9fe2fe5e60fc09c5a,Mirai,arm
7ab334666c470979c9ca8f4570eab7d727d189cdfa0033822e28052964264dd4,Mirai,arm
7ac495ab931886561fbb5acd38353a2691e4a8685b0e712b9d378706cd637dfd,Mirai,arm
7ac717517e1e28bb4b86aa158bd3741132e29430bd5d24e729e55d330f4e97ce,Mirai,arm
7ae6c0ddb607f597d2a8a8c213907c99048fd22d158f1bc7d47821f958a68838,Mirai,arm
7b3bab5d6932bd69ba449279a0734a6ac89a4b6f6cc04d89124bcfe9f3fb8f40,Mirai,arm
7b3e5c4482fb4752042bc75a4eb501530e7c2ba214e699bbef5d6468e2457e09,Mirai,arm
7b5c5796c86eb7104adb82830cec3aee4387180c837558ba1216fec8b014ce44,Mirai,arm
7b83e0a7a5a4e3e66d8dbe0c6518765764bbbc397cae8d49271bdedc7db00954,Mirai,arm
7b8dad14f28334f4d704913ba066b27249386b3ad91932ba391deef3dfe741b3,Mirai,arm
7ba0486596943b7191201264e000f5820f73f608e2f260a85014fa71c7f47f25,Mirai,arm
7ba97c6cbe2475ead0b2b54ce0abbe7ce34cf57aed8d842c3b48404116dbac8d,Mirai,arm
7bca217a084040d7ddd33852487ab50f5725dc18f9c04d99e3f6cfb55fdba601,Mirai,arm
7be3c2e33048e839cfdffa507fb5019c0f13b2b25e680670c8b895bd30c03b2b,Mirai,arm
7bed2a866a2c601d32a9ad422fd0a0533a522f61d05ffdc94eda97ce1b7b203f,Mirai,arm
7c06de55535cf8bb796ca82a29826aeb4a94b1763eda2bdd2eeda024d42848a4,Mirai,arm
7c27e2f94b3986685193f60054b6d180d8ebaa1ea4c31ef4dcb82308a4e5465d,Mirai,arm
7c40d8a17fddac8f8d423af314246307b67d08f24fc094aa8e8b31b3852fa743,Mirai,arm
7c575028ca8099bace9c76c080d62ad78259fa2a5f1d39ec248631213e28135b,Mirai,arm
7cb38fa005e0d625151482f1ed107a69cb346c1f3314b69d368e3f99125df822,Mirai,arm
7ce84884433fb1b63e7d4425b5dae654ed84b75193f8aa00f945c3cec923ccb1,Mirai,arm
7d0be9c3a78aed78e205c573cbd5266fd6e9100ec0eb91831b5e07eea395666d,Mirai,arm
7d139b69291a364c2483924453d10e9f82a4ff3774530061cf4d26ea14fe3c30,Mirai,arm
7d1d37906296b6b65cdb9de411f91b50abe293fef6e2ee0973e5c59debc050ea,Mirai,arm
7d35902d5ab84f4ad10c21ca2533d6dd8c3a7a364453cb5e03f1edc4040950f4,Mirai,arm
7d620cb5e344c3cebfb7b2e87f7f5a348f480ee4a9046af5d892ebb2be194224,Mirai,arm
7d6ea791fd89c51a6728f4e508447bbbdab3487f8c9d8bd183afb994299038d7,Mirai,arm
7d7681775db692142bbada6d05b83fc46d4af6cc8395ce257e67bb9912d56f5a,Mirai,arm
7d801172353d1517b20bb6751b0663765a181e725c3130e92a34fa368250bd35,Mirai,arm
7d82799dafe8be50703db48f7308a52a4a859a074d6a84c2b8724cf7e034b462,Mirai,arm
7d903431a0f9a6b53f6b84ceb3b9bd9fbf490f8fc9e1204003cde58161822337,Mirai,arm
7dabfd046d6c2abd92526690697ecec72dab39e3dbb6cdba3df0e87f425e4de6,Mirai,arm
7db1669af27f8d3b934b35a046934aa58c581e6b61d95cd2cf4bb6d09c2ba392,Mirai,arm
7dc28c84a0c79ed959bbe2b02b0a46bf6633b5defbb7bacc2084312984464c59,Mirai,arm
7dea732a1f0b89821952ea00f81d6b577f5aadcf196dec20d8487fa09850b18d,Mirai,arm
7dedb32c9343ff807e9aea4c0d31ccbcc2191d80caecbac15d84a42b30e7f090,Mirai,arm
7e0f25d70609d00510f3c908bb2fae165f923ac4b00941d435d3837a779a9384,Mirai,arm
7e15cec8dcd9083dd3cedabf2eb21e793ef71ff4d59026b85df81772265cf33b,Mirai,arm
7e1e2cbe1d0e7b388d0a70db0fd89279a3c9ba935b98ae3722a38db82ec1ca47,Mirai,arm
7e32b5119addbad29e30af5a0b34db0180abd6b45da7b183684a52bfccbc8833,Mirai,arm
7e3f01eb81fa42f7e55174f25aff6320126de032ab037db228b1ff8687e73b21,Mirai,arm
7e3f7e443e36691cf5faa42dcdb987520b0e99f53f2a6028554aa675653de503,Mirai,arm
7e44c3528afc91dff98cec3a8cab49e40e90ab8b0e3c91c57f84d1b57227d945,Mirai,arm
7e8b102c6c7078b1dd5e140106b82b34bd761d46b329c044feca6b0d45e41942,Mirai,arm
7e9f7be0f12b61762968ac7af49677a22f1cd6e550f3d4212286b53c8b99d28e,Mirai,arm
7eac642a90c21a971b0a7090834a0f59125c6581f994bd6ae764e4ee52d3decc,Mirai,arm
7eae2079fe5315e2f9b3f4016b87dd53b4e437a00101ade3419c5aa7a2f1a0c5,Mirai,arm
7eb08369de231f472a4d23b6bd1c7d5a435b58d25bd54526288698ebebfdacde,Mirai,arm
7eeb6e89ba7417f883aa7dbaa12b4a975dc5e0ae961dbcef6c5072a7b4914fad,Mirai,arm
7efbc0a5bd56925a3fc6a50e56e213ac3578df2449e73b70c220e4d35d47e9cf,Mirai,arm
7f2d36c5a83116c6e624e652c0baa42488e2526bd410bcab30677f4b3fd88829,Mirai,arm
7f2f1672ee82e948599a17510be0ec2278f46959e6d21d6b954380f1a34622e4,Mirai,arm
7f42c15c2a8b0c7649d8e946e1f68a17d9f99c77915d749df605fc71c2cdf87f,Mirai,arm
7f5b0bb3a0ae71205bebd33e48df62aedb167791599a26091dcef6e105f9c037,Mirai,arm
7f67c5a60065df491ee34c92909369c3f15370637e6826c1b04de5cfb4d0d7bc,Mirai,arm
7f8192faf4ec4da3afa093e3235db5324d56b3c74b8a6dca46529e3c3df6970f,Mirai,arm
7fa32eb802d24a9f440313ed6ccd9c7945c55b8432f307c244abf72a7086f6f1,Mirai,arm
7fa949810298651f038fa10511c4b5fa17b5f922fcd1530a66ac39e8d8e42ef2,Mirai,arm
7faa33e8ad9862eda5ce4e673e627b9c907cf6085ef9c1875ddf954e4316335b,Mirai,arm
8024851a7c35779beb3578414b0a27c0b25703646b201f01f2316830e11ae769,Mirai,arm
80353d630bcfc511097cfd0175078c981417a6b600765fa0159aeff07e3107ee,Mirai,arm
8061680dc52d44cf6d0949cb72e2b9c2a45e7daf9d219e14cf666b9bc7b02d8c,Mirai,arm
806530a2e9c02271d720457a468af92fcd0c578259de2267314bf69ab99a8c04,Mirai,arm
807e6006888a9ef7392c042b58e83f95a34fed41ef46481026e4ceb9dcf0c587,Mirai,arm
809e04869ff571f852ea49495af2addde9ada689d88d4bedc6e624a5dd1a8b40,Mirai,arm
80c5187ce8a9623dba06ade9eb6ff1010166b24dd6c3db237f710f035ccefd93,Mirai,arm
80ca9479b0f065b2e4eb25ef346cd620de5ac9b5ba329b39e29d2b1319103e27,Mirai,arm
80e5ca747607b290220ec6e0e930f7bd4e117da00cc7569d59f2b96bf41eacd9,Mirai,arm
80f861c11dce3eee3f8c31b9243ff3c2e54f8a2d7515cd5533bfee1ee03d3d7e,Mirai,arm
81012527157888ba480b5615235985bf229748933e5931608cae64e88d085c5b,Mirai,arm
810e6df363d3b129c988d867ba2f03cf71aa992b2c38bbea70aec06589b814ec,Mirai,arm
8126b4203d9141ef2cbcf9e897590e69e778e0bb7327397daaf4d35dfe56430c,Mirai,arm
81297e1e815e94261a7226bddc258870422cfce8b445df33cb900a6df3dfc0bb,Mirai,arm
814446c88f11d485a67e59118e12c2d5892e1584dcbdb12f99fe9fd499e4e0a5,Mirai,arm
814a93a6c92cde76d5ad69e6062d7889758fb30dc3fc3c527b172dfeb25128bd,Mirai,arm
81bbf181f301d5ceb0b09bbeb6138f9d7740d6f0e2e3c285687316d5cae5cebf,Mirai,arm
81da16123c36d2387258b08ffdfe99ee2bdbd700cb4eacf5bfa5b23c289f3771,Mirai,arm
81f3783ab4f4040dd57798688a859c462694d9e90c44baeb5e12e3ed389cbbd1,Mirai,arm
81f798796248b416b2c90cea1819d7458c615ec0d6b5726577b101f5bca2496a,Mirai,arm
8203da8d4469705c6abbe9fd5e88c1f25a06f9ca515b5d32dade8b336522fcd7,Mirai,arm
820f57622717422325261b0291a7a2f91fcb8789a1358184f6dee07dd7ae233d,Mirai,arm
822153f9b4a1b70efb904883f1f931aeea7156eb1777bbfa95736a2da6a464fe,Mirai,arm
8223e71f3c41b076c55d18a3df89bd04403180bbc5c6510efbced6a213087387,Mirai,arm
82490ce4fcd8038ec69f69ed79b7548848a88cb1463258687b3ba5759da5f0cb,Mirai,arm
8265ec28a98611f24dec27b3e3cae62ae5401394f6bd7d1af8624ddeb5e59486,Mirai,arm
82c16cff9cc311519471e6e673418452016b0764145a7e5f54636494f8315fb7,Mirai,arm
82d20d1e42c0c217e5cf0f8fdd29ca3de66dd638996569d52da9a5188a51f3e8,Mirai,arm
82d962c45ae018d7dee2356c5cd375a411961f7140099ffe69f0ebb2c973ccc4,Mirai,arm
82da1220c9a7c96374e540b3626ab798fb76657c1549eeda97aaa5134c19b312,Mirai,arm
82ef9605be8b15cf24c40818242fb4e4373825fc52905de7d5336409f5dbba98,Mirai,arm
8340545534aa9e60c8762559b389c7fc3a96cf85338099fdcbd0a4a1d4ea0660,Mirai,arm
834aa714db1a2e580d4d85d234b15f3a2013a1b19187c92ca81b2d27b2f6bc1b,Mirai,arm
837430f0ddb22d9b92ea5bd2ab6bb11a336143fe174f6b5d7919b0299fbded0d,Mirai,arm
837c23599cd7bcda3be3b53eecd4955a3792f8ff9c2a7267dd5af17debe0e816,Mirai,arm
83a5a6366f68b8889629249dfafda2a93324121dcceb59cd71aeafe47ce65246,Mirai,arm
83b8dca1faa742275e5eb4d008fd6c0254149b2406046ce8e6b968c1e741fe62,Mirai,arm
83b8e8317c1f11f2144f404c94c93c6980d4c97431ccf03a104c9d33757c803d,Mirai,arm
83d2059a2c2aca3ead932f7dc3a500db615062f4ab92894b96bc496ed94b11f7,Mirai,arm
83feca70305e5c6fe879c6a04e7e3523a84226f4e9faa4eaf941e006f497bd72,Mirai,arm
8425fe8beb2a73fd6393b8b961c3a9b5a857f00d62dd3205ff31da0d55dcf9a9,Mirai,arm
842b6f57718bf4fde1c9e5f134c13e4bfbd0aa1b75e763747854ea7a61454503,Mirai,arm
842da9a070ce4fbd9d6681929c6ae409c6fe0f2ef50c8bcf74c6aef3ba462786,Mirai,arm
845582c036d8e41b4fd3cf9f0ce8812aacdf291ba768a7bd43e69b422fac9408,Mirai,arm
847b3afb54970643907312a4dfa1e1eef08d13359f78a9f6ef197586f4d05878,Mirai,arm
8493d85409f2da01a1c14481b9c47daa753107743312e5762370810dea175e72,Mirai,arm
8495b8a0f0c6f0971e995731be8dba0319edcd53b2f7d9a3595ac339b2245214,Mirai,arm
84aa23796f1c6d40384411f77b032c6ed68cadc16812af5afac695e9192c98e8,Mirai,arm
84ac265aca5a161d66408ef6170dd9817da77c47014aecd48d957bac36a4c807,Mirai,arm
84c20c3db24b716a1e96cb153ea519b15e75bf4859433b21b524f6aab19e9fb0,Mirai,arm
84c9cdd5460aaff6a5fce5b124aa9b677265ae8559c8ae9d883df913a3efbf32,Mirai,arm
84cf02b51e447ac9e0faeff19a29ed5ebe891648de500395c5eae2bd63d58873,Mirai,arm
84d43b668c7426c5b66f84986583d8a5b0c3285e955e2cce06de1c2b9d01cff7,Mirai,arm
84eb5b5a57f5d7b454250968d968e869041dfc4ff93693c171ed8db05c5fa11f,Mirai,arm
851441cc2cf4ad251a59caadad0dbb132057d17d6927648b8a1c1994bab884df,Mirai,arm
852b962c5e991bb5287c7944e2fb1ca1bc1551aadea63e20460c6068a05dfb46,Mirai,arm
854fe54295e0ec931c2feadda4fb3ada7e0733b2587f6aa3eb07491c087a2da4,Mirai,arm
858be9e332ce75775f71c40e5e75add8da68f5e6c4823d3705d205d674c82e85,Mirai,arm
85ac12ae9ff39215923767bf269244573ad69cc9b37f8e2f372e2229f6b8f930,Mirai,arm
85ad28c5d9a3454ef10b81d74ca311e2fa0d653485e8aff1049ad680f5729c59,Mirai,arm
85bafd6e2213dacdc148e4e3462587f50d8b453aa0f7f37ac7c9963306571974,Mirai,arm
85c2ef7d7ac94a7908f6650ab12a2e6681ac727f8c3af87f8805a761822c9120,Mirai,arm
85c7f0c27d7d10b1e3896c0620a806f70378f0940a9031d5bf4967f6c95db77b,Mirai,arm
85e1d1385b005309c9d8b68b566e34b1e6d2276c521dbfe102b5ff3d8ecc940f,Mirai,arm
860277862745a399d1c385209ea5461c1ad37906dfddee50657b9dd162fbbe6c,Mirai,arm
8611b2db7cf5b2f075129f8010eb42ca01a65020edce1d2749c1be6b158e1b63,Mirai,arm
861fc377b800ea3c8272061fe0b64e363a8408b9aab6e88d5f3ab987990847ac,Mirai,arm
8625f9879c23c2318ebd894aef4585cde77f4c8d4036f16097dcf55014a1bdb3,Mirai,arm
8628849788589e24be5cc396ab46e507328e546cc0569a447f0d02363c746c54,Mirai,arm
862ab192cbaad2cd0013521c071a7fa6049224b3b8405bef5bcf8fffecb5728e,Mirai,arm
866d3c254a86ae3779dc7b678fff6ac9d4365189255e33886936ac154eca400c,Mirai,arm
86bfc2f3272dae6c725bf5dc638ec8d5775de069a8a2f7777d15f910f1ebc96a,Mirai,arm
86ea1c383c38d8084af759ac04eeb3382a71b5d1c5409707f0498e4a1b367eb8,Mirai,arm
86f8efd061b2ca6e8ecec3f13d325bd86ccd86e6ec4583951d84666b3583c155,Mirai,arm
870754816277bb9227d4820a2769ce077b2dd13b510f677ea637d79a5e9e0144,Mirai,arm
870dfab6721098356ef6f8ef5155958ad39ef2e6edbfc64d181f193c1031acb2,Mirai,arm
872b3442323be1e2714f3fd95f496f11235aa2751f0ad0ef9e57584beb863028,Mirai,arm
872e71c2dbd487622424e3d178186809a6f396e06082d54455880f7d8c92c287,Mirai,arm
8751b22ee1fe91f908003aab4943803caae7abaca60a762bda125d0c37afa332,Mirai,arm
87678954cd0f26333146d35982b5c0f1caeff2f53ecb7c495d2dbd325d73d2bc,Mirai,arm
87700b8ca90fbd8b131b0f3f54d932ac6e6e692cbadd7d2cbd07776f079c306e,Mirai,arm
8797f09c731f380bbba288390e9b680407dd590125c6969f61f02011f5adb9ec,Mirai,arm
87c92d99b9b685c012fdc106194b96b0abca26f43929171f10e393a61dd122f9,Mirai,arm
87dc8a6ac5fe7d0a3f43d2efdd2c0e63ba57e0dead43f72990285254eabfea19,Mirai,arm
87f6bc76f5e7fe3f330d1b3f33642e88b281d3430321d867414f773def2885db,Mirai,arm
87f98de6ef7278b1932e9ba875376913a50e83febe11028eab93028f64fc57c0,Mirai,arm
881f2ffb6dfbd0f8c0ea456f0e4df3600659abafb46a8acba0ad46cd6c68d09b,Mirai,arm
8841b6a414b7f9a5464346b45a18db40e933b180a599057f469418d37e587036,Mirai,arm
884540e630ed39b5cfcd98787cf4b6d307bbfcc3536aadce9da0c635b56b14c1,Mirai,arm
8852deea03621449f540761d895b7de4a2ee636e40ae35a7d470088fa8769f51,Mirai,arm
8863a2c63011cea3aee6877754bafb4e7bbec959af3ab34a8fb7f816933235eb,Mirai,arm
88943debc663c711e34212c1e843d38ac96568aaf27b4e34737e91ed9297689c,Mirai,arm
88955aa34beea64888e0d08087cb227abc9f40bc9fdb135a95413dfb77faf1b0,Mirai,arm
889c363a9bd3b78c702244f7d91caf358c61f9af6955c15cf458eaaed5c07eba,Mirai,arm
88c4f9ea28a5b22693d617ece6574bdeea8331c129abdd3309352e708a3c4f96,Mirai,arm
88e24ad69fcef4cc4abbe21a7c31bee6f975798eeea4ffad4bc825cc495d7e95,Mirai,arm
88f283b622b79f6bdac3caa9aec1e0cf9a8b45ecf343906b976089688beaeefd,Mirai,arm
88f2e781de153eade9817994b1f31447cc40231ec7dcc0c9a36cf9607f71ba74,Mirai,arm
88faa2582de79dfab5da39e188b4da13db795cca27102716be1df3233691c0aa,Mirai,arm
8920a083a474ef630490244f8dbdbc81341220430b4768252c87c5c239252b44,Mirai,arm
8929893f9583114e7231238af06a702fd3b576b340f81523fba538e1bec1349d,Mirai,arm
892cf01e0a06f71e3bc04dc6ed6ea4a178276ca5fb2629900b71244d11e54567,Mirai,arm
8940965d7c6bed02deab20e5393aae3b044f82d2af3b0dcc772d5b7827cb40e0,Mirai,arm
8975ce48794d28f7e5b52327a6f6f8210361da763cabf3b9a253b13580f8e161,Mirai,arm
897cee3e4b6e008b56e031fac64bab235567e374687e5410a5b6f1d1e7eb97fb,Mirai,arm
899b7683ce72bbe5c1a1e036cc524a4ec9c42cbde53933890265a059090a6305,Mirai,arm
89ab96d476d919e273a050cc49d9f0a5297124622c20761d46d02b3f1a265ae9,Mirai,arm
89b3807859717af25ce8db05991e00752cbb27e560422fbb4359bc8a409a888f,Mirai,arm
8a1f30cc774a856d674ed38e29e71881fce24905231e03bcfe0599d41d34f1d7,Mirai,arm
8a353cbe5b5a6af15153e316e2bc7aca0e988ab8175aaaaa2cd399dbfcc5b156,Mirai,arm
8a475c47900b3fda65dd4b3c54093b8a2ca776d10b81329df403790ce5a94c4b,Mirai,arm
8a5f98d269a57b193bd8f9f5bcb328aed9ab1234b9014192f1f78941406c16da,Mirai,arm
8a847208c8b256c3bf1e112d18ceb40350c553f1c3954d766508b1a2f286b645,Mirai,arm
8a8784ecfaece8512132616cf30d55c150f85c37987dd585e2177e322454dcf8,Mirai,arm
8a9dc3547c2fce82b86befea36b9fd64491185e972a137a8839a33522995b327,Mirai,arm
8aab1ad0a4b08957ea2e5d02a7016b93d73f16874331fe31db9ec9d8b86461b8,Mirai,arm
8ae721a771b12448f89364f31ec29b17c0778583f60520a007a5260fca368c7e,Mirai,arm
8aee54e2945e23b91edc6c15b7d8284632d2cc9e7c12eba304cea079fc86e34d,Mirai,arm
8b0a6d2c4c7de559962cca5ab201fb5542be404aa4e5b523b2345bf74760f637,Mirai,arm
8b26755a3a601c11de29c7c2fa910f60967a5a065f92bee14a2fddad3eee96e3,Mirai,arm
8b2ca3611633265f37d4dcecf737220f8a3ec17e9ff640fe83ed85a725af1092,Mirai,arm
8b41358699b84a3a44b52c11c0ad7c26ee8d1b951b062f7f064990b4ccbc1ba7,Mirai,arm
8b4d0f09049b6da7eebd515afb734490f6aeb013dff6cf7580881620510e6e03,Mirai,arm
8b6cb3dbf30326f839deadbd60bac15af4233bfc679497464f345922252f52b1,Mirai,arm
8b741643641ccdfd02d171ced338807d0aaee939f6b84158b7b36c50b512f364,Mirai,arm
8b97bedc07fbe52ea5cfa99c4d612549411606b0a275011f47f53ed65ac392c8,Mirai,arm
8bbfb1fa4973638924ef433abcb349085afeeef8e833206eab829ad131a67622,Mirai,arm
8bd5462306c1897218132dc562295e4cad933a9d3629a599bdc3701a1940bb1c,Mirai,arm
8bef444b2a001ed2d2501cb69c24e4ceac9d1e9c0ebd4dc95703a2968472dc96,Mirai,arm
8bfac1c65a2be677ab73ca62bb92c80f635a488e87003bf40878420cdb9bb40a,Mirai,arm
8c174a277b58f57225a25c6c65cb6c2fe31152f58498e7f6539340cc769077f8,Mirai,arm
8c28f86a5b6580e4f84b9846865ea2197634aa08a087c30ed404d4ed0d24a96d,Mirai,arm
8c30b4fd0ba62e1af8e66d29e8f935bfe41e2d58d1f9188d4d2d640a9cc3860b,Mirai,arm
8c3cb622c59ce7406a088a0a5cdc7510cbea79a39502fa5c366168cfaf439699,Mirai,arm
8c466c7f69026deb14753556601a49733624340cbfae9f923f703b8a6554dad7,Mirai,arm
8c593a8795093db2449a69bd55e35ab8173618e828a96d66f0803394fa9b4f7d,Mirai,arm
8c876793fcb3b419429b01b7c27aaa54d6b76d1e6483d66c4ac01c1198b0d859,Mirai,arm
8c944440b6f0d0c42ae8fbef8701bfd801d6b2ca5ecffdaa0e7e6ca1a201fd51,Mirai,arm
8ca6f35231cb4b251aad635eba0c054f1d62773a89d9da56debf8cb397df5f4d,Mirai,arm
8cb0fe55a0a5bb09c00b389290daf4d09a020b0ed66cd873e6a1a7c6f0170251,Mirai,arm
8cb1f3368f2b39efc09327299be46208cdd0d3ef7bb6e27f611f23c1de2f1307,Mirai,arm
8ce8147768e5981ce973d44164b64748799e9df7c3a0929181adc96aeec8099f,Mirai,arm
8d408dbea225402b3ad7ee82258e887a9996715ef9d422531d872942e8844af9,Mirai,arm
8d59908b820933fdca3b60da53611b2510f92695e7267c7c1a5157b16a88a895,Mirai,arm
8d79deb17e636c4d9b0dd14673abb5d29bf5cae6e2b9cfa02cd0390767b79db6,Mirai,arm
8d83638b4e25761bb19801ecf5d1927adb911a9c9cbbae04943cedb22305d253,Mirai,arm
8d96f60f6bde454b96b52617d67ee48f8d22bd6b4485e5c1babcf228a8c5a58e,Mirai,arm
8db13dbcf7f514018e792bcd4801aab95331accd0798d82ded49373ba1381235,Mirai,arm
8db8bb6186fc79888d52088e709800a7be539cdaaa58a360a755c29b880cf159,Mirai,arm
8df68e79f923a0abe6d1a00f56f7bfbc10c2e73f5291b2a6d3ace0bb56ddb75f,Mirai,arm
8e01e38fc7958a4dd768a18a50a75ce9c39ab18f424de62e9356425542744530,Mirai,arm
8e0eb5fe7a77b5ee352dcd38642912ea5d34fa3e55c99b01258a935b9e75b401,Mirai,arm
8e23de53ef20daccc426f80b730be8428accfb43fc94dc0944ef9ebe2bc29a65,Mirai,arm
8e5788dcbe31523d7765c75748899f8114724bd3fffe3a0ef668e1f15c013d6b,Mirai,arm
8e7a68df609ff1584d3ae8a655462bfd3d3c8764f94493041fb5e6dac74dc0a7,Mirai,arm
8eaf5432cfbee2937dbe858ca3f517bbefefd0c72d2554054223d3740fa98172,Mirai,arm
8ec6ac485efa09aea4826d1edf811c963164794e86fd4a3dffbd2a24f8c1b724,Mirai,arm
8ede6ef215e1b238e671a7032dcfb49d55a07cbed27f15c021d0bdf1bf38b59e,Mirai,arm
8f31fd385de16c0f657925fec07e40f68c7da43400e5ffa93b0993ce4b7a5b79,Mirai,arm
8f37d07b631771decd4a3d7a5442836d6ed408f59a411cc2e77e58299ec964e6,Mirai,arm
8f3d893725f862e249e366cc1dc1a18ab4e27c13b5006634161db6c896e9d2da,Mirai,arm
8f41b837f4943830701e96127e205b80fb79489edc4ae623396abaaefbe3758b,Mirai,arm
8f4f78fbb8ecc92f97c46f16b65c6c66ad296ff88f861476cf9ca7a87fca0214,Mirai,arm
8f4fe9891a268e06199a6fd4618759a6c0b515fd0bb00b2ac374e8142637ed88,Mirai,arm
8f7aea461e59311978a0ed7b2516275f26585337b505e135f9472034296dd806,Mirai,arm
8f890494d35f1188673e2a56f480cf74727356f8d9def56c5bdb70a26ce605fe,Mirai,arm
8f8b1518294b77bfc0e86914b4c0ef9f4eb3a7cdaa16432384c394f350fbd4b4,Mirai,arm
8f941f734089eacb22182800adbdfa9c6ac45fc88dd1dd83ffc2cef8820d2386,Mirai,arm
8fae9abde672d29c47888eb6357725bd5842b2031179a4383c2fa2fe1232b860,Mirai,arm
8fc21febf56a2f630cfb548924b35b450d30f29c6f5cbf1f8031be5bad431c0d,Mirai,arm
8fc5cfebdb403ad78b79b0e0805f3ca36394ea8bc23190722b4382f713f4c819,Mirai,arm
8fef36692516d565e2b1f2a591585cd4775db98780809638ee93e1f94bd2cb76,Mirai,arm
8ff5ba7bec029faa6c68a12d56a416a800fff295e8f21bf5693729465f576e7a,Mirai,arm
9008d9959029c3e1321e5231b06e8b4396b816d758ecfb5dc9d43e332d2e5cef,Mirai,arm
902eff1dbff4e1e990698fe8bfbbb4a3e04b07277ae14e9c7e9b1352aef3df53,Mirai,arm
908ee35804e1be53403c09125fd031852510142b9e31dbaf199b4f9f0ac057c0,Mirai,arm
90952c63bdfe9eea0fecd781b7337ac5ab2e56f1ece0a0af2446c8fd06c43156,Mirai,arm
9106d3bf3f5e0612bf3df708f1151f76015a192dd6eafbf7b0765bfe2e64b5e2,Mirai,arm
910d3da543453ee4a12588aaec21b586abac38f56f01395cbee5b33c882b095c,Mirai,arm
9110db7378909c1279b6f1de89ed1c7c1b6b25015a48970f3c1338575498c17d,Mirai,arm
9127ce131eb4ba0a8a397bc5e2057de5cd575221d5753672e629082c92f52ccb,Mirai,arm
91553e1054b9c7188d3998093e6b8d5c55c6168f87410474fa1d513eb02f0ae3,Mirai,arm
9162db9e23f635efce2744e19f36b391d2e7682d54d61de9643f8535403ddb50,Mirai,arm
917edfa53a81b14843e4b6cc944e65c9ceeed9283cf37647b4ab1178005356e6,Mirai,arm
9188df10ff976a7bc24b2e8a923736bc5e40c91cc67752eecf10d4be8331b8cf,Mirai,arm
91a2e9d005b69b396e16bc3dd92720e55aa06fafc067a26e1b9baaa78ee5b6e5,Mirai,arm
91a47f2a97af17747ba1035945ceae4dbb600c9cfc3584259861d00f02ee57d9,Mirai,arm
91b2c9227a88fd31d4d17b69b1b061ef14d2e51ad635f782ed10d681bbaaec8b,Mirai,arm
91bd24805b546bf95baa12ce07b28f77566e0d0ea1446f45042de4db2fba133d,Mirai,arm
91c21d9073a224e490532773aec3d574ce914e351422259cf4a3e4008de042cb,Mirai,arm
91d3a7b4a5e4213165cffc63bc873d5cc96170ef588d06873e1df9cc68f7aa75,Mirai,arm
91f49fdb309948a03ee0f5bb6c0b29c239a7a39d1656c863212396ecd5814c70,Mirai,arm
91fb0068410bc8bdfb8fa00079263a13d98ee7105c696556d35830afaa21ef5c,Mirai,arm
9233a064090c501eda2f4ec8a1c8bb84c95979b092a1043f486f6dd2e9f4e022,Mirai,arm
92815ea9969bae814390e17216db8cf9354a389c8368b4157a8b5bbd527f1b32,Mirai,arm
92b67d0f160758c1c98c4ba16041834fff0810b3550c1302af3006da4883decc,Mirai,arm
92cbaa1b10b4f032529ea7cec95d0d7fb739ee07477ef4888c2988902cae3f9e,Mirai,arm
930f83f136b62621810280b591cbbe100d45a0cfe99664076ff54d56b170b552,Mirai,arm
932a7d51eb8d67ca86e279e9c69c671dd0ddefa2f5aa3a97e0d1ff99770f4fa3,Mirai,arm
9355b6ef8f60427bd27f862a4fb4c2ff816ba93625970f78e58fd26c8ab96809,Mirai,arm
936aa374523c7c0ea298ad0140e59e128ab524f280795bebb74212ab5e67fc83,Mirai,arm
937909356794eafd2341a8ba352aff97de700d752863e9c574febe51f187e978,Mirai,arm
938b1e64b7152256175120c3e88bb9ab949098e368666d9c2ce43187c7ce9309,Mirai,arm
939ab462126db266384be5e90f6989f2085d1b83ecb430e5f1dce0dc77e35f31,Mirai,arm
93e0f83dab98358182004a87820a64e769674dcfdea695444e7fa004239c6326,Mirai,arm
93f6e0fff19aca5bc4858cab4153a7d9b489657b9474c9230fae66ba2c090660,Mirai,arm
940debb32ec79dde795ac04a3eea15d0757f21059680847de59a01a8b4d5f195,Mirai,arm
941626b7eb86bef93de840302cf50e3c6c11d1a7098749f28efd3d92d3fa2ab6,Mirai,arm
94167bd61652172b6a5949cb061dd10d055c338773c2c4492bf93f55ec10c3b4,Mirai,arm
9449207fd5bda452b799c3c53d7e8b307af87e7e993a07392e29c55ab7811d0e,Mirai,arm
94660fcd8e29f32e47aa19cf31c808d6a1f63f50ab4edefb5879502bd47d1459,Mirai,arm
949223d103fdd3150ce62a3a73b566d790574fa6bc7e0408b08607c045448e62,Mirai,arm
94b740599398f77b86cf17511e8e9e49a27881e9d69672e5f8bb2856e731a974,Mirai,arm
94bfff7e7e03981efc02f5c1527eea6d82aa26165a14ae791500a703cc6c7d43,Mirai,arm
94c1d2c15172ff404f024e61781a19b67f3d45313ec10ddff285d13db445ac58,Mirai,arm
94d64ff0d8604a3d3d11943059665b3478fb26a58b9f6fa6d2416eecf24481dc,Mirai,arm
94d8ccdda6f1c2a0569217ee15665f88e46e901b410cbad7d77221e951b2c134,Mirai,arm
94f6113c782776499235d8e5f46da56167252e38079dae80fc71c9b69b90ae26,Mirai,arm
94fc57f9bcb39c1e118be5983861d0f3309d7b2d44f52ab128e7fd41ffbe161b,Mirai,arm
94fd329223deaec88cf4ae75e88709f5580d8e3de9e6871d72c107a91b9a33da,Mirai,arm
9502d4c4d1cf81e738bab69b7ed7b1f5cb700a1d43a2a20df2c72bfeb8b284bb,Mirai,arm
9503582954b7651ddb26b1f9fba92e397726c0511ddfc3cec3fa0dc49215a57f,Mirai,arm
9507484a2f32d3466ce1a9501e4dffc0dc1f9135e7fb2e51ca492ce052fce3db,Mirai,arm
9509be637d31f4af49696abc3bda96fd19c86d4661e72d55a9ccf2297e34230c,Mirai,arm
950e0659b8912d1434c9e02e045b2e8215f5f2cc8400ef2c7b9ab72c33f5b103,Mirai,arm
950ee0647cd6c64877473e6937bdcd06691e32b98401fed55e48acb98fecacd5,Mirai,arm
9555fc21994af52b0e5d45bb227705ff072ce2ed32c2159cf69a6e8badb7248b,Mirai,arm
957126fe8c079d05a86969152a5df016e5b1c53c80f3f3ee1ba584bac354857f,Mirai,arm
95851689ebbfcd0d10c035c254d5b8e556cae0d3f2350f5eb42a62090d605fe0,Mirai,arm
9586f9206c712c4120f23cf5650ab79aa9058cde3a5f80b7d53abfa316221934,Mirai,arm
95957ad851be98b30907123eb09f57c393808b084311aed3751b365ddebadb4a,Mirai,arm
95a02caac617583c67dc4d7c9e344d64818b92da6abb68e19f3dfbee45cad2dd,Mirai,arm
95a13a1543703db89ede1c5a310f5b0bfaa34ce0c94ed9fdf3212eae8432751c,Mirai,arm
95f5519bf95c6c2f3f403432fc476ae2eecc80dabc11141d76723b63d94929ed,Mirai,arm
95fc986594b4a7dd42e7e4a8b3f2b83681ecbff5350032f5aac9c8444084f134,Mirai,arm
961c78508b6800ef467d0b5f0045d0961c0738a10a8e9d840c17f17d9a71356c,Mirai,arm
962e24fd248d02ff26f4ca644914587fcdd0ae53d4ed92c863568294cf02811d,Mirai,arm
9649bd4fe131c12b7986e1e252feac4f8e13c89803813afb34e0b122ab009bda,Mirai,arm
967337d44658aa1a9af84d7f797b77716d9a575a169a5d4cac2ad961590e23da,Mirai,arm
9675e65fcd89ebc720be3d8b28ec9b672d5e0c43c73cad6dcfc1a552b2249b2a,Mirai,arm
96af74ab3021985949fe2ebbfaab0775a62b8af4d09dd8ca7192c17ea6fb6959,Mirai,arm
96d225ee885dc4a40dd35d68113fa93093fb4db15db1d1484f3617d2b2bd2d72,Mirai,arm
96ef12ba245ea0d6eca6f860b3893f969da5d407ec85706b79ef0005d23844d8,Mirai,arm
971394f74b6d602f6227c612124cc0d10a265754939f0eda5945140970cb0c21,Mirai,arm
9746d5ec46660848027e578f483953811aed44ce8fbbdf2efac78be2845820f0,Mirai,arm
974c341b487be9b38ffe9dec6ee0d503ccf54a0eba42caae2035240819ed7198,Mirai,arm
975ae39b00abd697412b4be95edc9c28bef29b11add32b4455231e46446dad63,Mirai,arm
975e0009fe6cf0a135754a6ccf65409f85f1a32b680328f7ef4051cc4658f52c,Mirai,arm
9773900eda16819bd7108a217cf4ed1e95de62eb31b43e06c9f390f815a6ca85,Mirai,arm
97b0659e3605991273d67d61e094d36a92518990b847fc643d87505b81e8268b,Mirai,arm
97b5a6b477193b444f2215e5b8849fe79f2e93b9519c198c69c355108586a87c,Mirai,arm
97d2b3971edc5b0460281524c61e8f7e3a7404de19371c4c75db65ea963d7b3d,Mirai,arm
97db5b6f7f79a45702b5d2409757510805bbab4860bf2e02bfdb1232666c3226,Mirai,arm
97debf9878803c92b03a40f2c4b2d075c5c33173ae02c5aa6a7abcbbb6e2ed27,Mirai,arm
97df270b59146a1f85ce26a269bcfc8683d4adcfac96345b13259c7e413c2158,Mirai,arm
97ee746bd3a6d7743a04eb658ae4a6c39c1345b980264141f61c3c6924541364,Mirai,arm
981bf1b9ce0512887cd3c0a85e95dd3d5ffa036a01405e356c6c193248c65ee4,Mirai,arm
981f6928527cf036db23eea56f0eb01a48c74f479637102c160b338638a1e5d5,Mirai,arm
98279741d7e34aa0c748ad1bde94350dc5ae8939c95dd155a482d8b9d3de4492,Mirai,arm
9833c02cf4787c51e19176999126cc53bc655f6e3a039293d4b11239dba42a65,Mirai,arm
98374bd4fdf5c025c46930f257bd7c69ca343279c508f60c04cf6c7e4fe5f377,Mirai,arm
9867bf09a43c4b69fb84ac249eee265ac01ebb5bc2e62487c7ef0648cd8ff182,Mirai,arm
9879285eebe198cdb797af6e1f236c5845d84d59146bc973b4c37fe6b2bc5760,Mirai,arm
9889c88f3ea9c4d20bac4e0b75b6299b098c4fc3495c360582384e3c5d547912,Mirai,arm
98a340d0b7a31687250eb54fa99030e403fd732462601897732881bdbc74e615,Mirai,arm
98a80b0927bce8b8aa8f35886c66596a5cbd8c2bce1bd0c80e017f496af95a0d,Mirai,arm
98bbd3e68d1d89f18017a2b9fda6177a6ccbabe1c21dd8984834216ea1ca03cf,Mirai,arm
98bc7b90d2caadfe1d004dbdb74f5ae874d3f5ef464f9c494d5684046691fc87,Mirai,arm
98c361bf9a513f9e887805514b0ec4b72f2f93204156e2aa45e42fc9f8d0f1cc,Mirai,arm
98dc4f2912ec2d1718f3a73117e5a9de63c5b4bd04218f0550130c231fe09523,Mirai,arm
98e40b7275f2cb024e9c25c284856ec313a56b5ece226869b49c718135c32648,Mirai,arm
98ec267854d46f7e36ee0b7598cac201d2ad8964cff39ecb047dce7888a6a0a3,Mirai,arm
98f098ff7d28d860fa9195bb4a66e92692bda644664d5347c0aa049ba13938b3,Mirai,arm
992ddc75d2c7ce1d78fcc7996c83cb15f1115c2886fe2a2ea0250caca429db32,Mirai,arm
9963d82088f9c2f931b3d890b56902af9a129675ed82ef1726257ad78034d717,Mirai,arm
9965aea34b38c3c1ec05eaaaa9609c0802b2c9c3f3f2d006a7a8e6e9fddae3d5,Mirai,arm
99711e559e58e3949dcc4ba9c75a4cf81603ecd5c5df019c8f001c21bb14befa,Mirai,arm
998e6ea42e01914bf72d28353d3b2b1738cddc6c97955624d03fc21ba1927e7c,Mirai,arm
99d0212b6a0436564f7bf1e55a32a1db158b395a2534c9a34d1e2d87311ad556,Mirai,arm
99d4d1b60c9e75f0b48eedec12c581bb55855f50aab5222b98ba5bc59718fd7a,Mirai,arm
99ec49d7490149f19539c2d67bb96d410cbd03f584f3a9970a15c31b7c35743a,Mirai,arm
9a02b7510e4f6f8195fab6154dae01e39f5d8cddb5ea26b576f4c9b75a2413f8,Mirai,arm
9a049d3c57da8984c90ebbce7fc206abb030f5affe124be2644fc8026795b10a,Mirai,arm
9a671cdba88dc8737ab5844a90067f6d3244452dc5e3ae9107bb201ee8ab3706,Mirai,arm
9a97ce6784b5b3c7275d813b88fa3046c90a472134db2ec794d8d7f5b16dd78a,Mirai,arm
9ac578b813db6317ec80f6b54f671fe8e5d72fd4c097377d079f3b59864ee36a,Mirai,arm
9ace26f92f2b69e1b2c7adcac219a5f874b8fa0f8de3861d7059c7b592a302dd,Mirai,arm
9adc5fd0cc6523a15142ae5c0abce60dd540269bd2d1186a693510a88c8afbc7,Mirai,arm
9ae1f592016d17b11e8a212f9f462d437827a764be6a686ff61dd6b79acbff68,Mirai,arm
9af9ed5f19af5add6c6315538469a645356fdc5d16aa069e06f7f4688677b7a2,Mirai,arm
9b28fb910ffe58d5499a7fee373b9102272adb5f83bd13f910149207f183d462,Mirai,arm
9b4e81e447a469450755e3cb501baec03b41334fa391240544b254ce12cd4ade,Mirai,arm
9b56093e35274093f957187e8dcfb973c4bfbe0faa08a6adac0d847dd67f9d30,Mirai,arm
9b70b0d0d21542ec592586db7a0be508f3d83e9cfc8e21177c0748166f2fc7b4,Mirai,arm
9b722c1e80ab14ff5867a41f62c409e4e407a842dbaeec9082479412f5be95bf,Mirai,arm
9b7602ffc0aa9ba0ba560b53aed14e111963d4c616291e05c6a83b21287fea3e,Mirai,arm
9b7cf91e7ac44e2815bd58ceca04188c8600ca6f08f73eea4aeab89e2587685a,Mirai,arm
9bad1a4b4ab3fa0ec21f44ec6addacfb8fdb611fb440b265f535ee30db5a65f6,Mirai,arm
9bb7dcad2dee1ecd26f25752e66c4cce5b65e7a9e15686ff0454a1519f75498e,Mirai,arm
9bcdd82cb35b7727e963582ed15bb62bd86a54ca643091106aa53a8507f8c2fb,Mirai,arm
9bf018850a036bf9caac780408fdabded07229f78d530e6f66cfa321474d0c19,Mirai,arm
9c0511f932338f673e8ad6fce0607f0bdd17a47ca673cad5773eb4f4d9fd9236,Mirai,arm
9c0fb5485740fc763d86cf25a3d08de380a58bed09cbe4a11eb151407f034799,Mirai,arm
9c3405360ccefb1fa7898799fdde66a83f8c7dabc1764d33e58a4c6a34258757,Mirai,arm
9c434c26378fd564bcf5aaf4fcb2051c023c8f8ac62eb7946c4da60c4fb24df3,Mirai,arm
9c53e5dd19f036e1650fc7f348ed63faa0694cf030f5b5edd1173c86954dacbb,Mirai,arm
9c68465294dc89d9c896eb90788fd8f7592ca6e5088a640be99be1bb65d1a71f,Mirai,arm
9c686ffe98e88780b909a59afa78db6233d081aea340e018c4816a4f828b3d23,Mirai,arm
9c6d31931add1918bac399e9d445cd5dd25e5458aaec5db882e80138501c986f,Mirai,arm
9c76fbb5bfe33f087a5d5cd76d8785dd134b3606a9f402b3bcfd5752e59e0af3,Mirai,arm
9c7f769e7c902e760f5e756777cc0fa79a2e71898ade52f8304a0b8c4e3faa37,Mirai,arm
9c89df30c3d255bb42d1297e285df6a910ec84a26b5801b5d4464d16d831afd6,Mirai,arm
9ca47d05a0e4851deb82e9bb1badf7623f096959a200caf1780f2abd5b610a4c,Mirai,arm
9cd9bd67c3e2eacfe7cd881ad9dba01b9ab0bc3d834370155698c664018310d7,Mirai,arm
9cf95f4eb85b08188c63e3ea745dee4a1aaaf793245a72c2e74dc41313a9948e,Mirai,arm
9cffb9363723bac3c85dc244013df21dcb94a1c11bca0864489868f3e87e0359,Mirai,arm
9d2b76487ecf68279f4b77f8a39c22c681ef558cb59cd8e3dbcffe96c246cd23,Mirai,arm
9d39df0434331ab0d5d79156d136d1fb14c821708d594d574bd471b983cda71d,Mirai,arm
9d3b6631cd7cfd710cf4e2fb9e4f10149b998fdec774ab8b154e2aa6da482201,Mirai,arm
9d3f29c4ae3497ef9ff82e8df068c3673822cb2aec450b5d4e65e59e68e97c41,Mirai,arm
9d40af070010a947ebf51f4aaa804ed3b44b7a4dde4008ff1532702bc71bb14f,Mirai,arm
9d49dd8037a8e88c7eba0edfbd15dce14384d50e4f5b0b84b0569a0ed7b40f81,Mirai,arm
9d4a7b7174ca791f063d99078a19fa84756edb7c251a32d8d68888a7679ce266,Mirai,arm
9d58d6f46ea89afbac6e3c1ba98a42667098d1a1bf4aed0635cb3d0d64ee759e,Mirai,arm
9d5c5c1e92996db8f7e80b131a71ce35e152639fb0823528fc8cd56d336c839c,Mirai,arm
9d866c161eb511b7cd5b7066b074fd14b6a1dae46d14510f8cfb4b833d5d7a4d,Mirai,arm
9d8afd39e4cea8fcfc3c7581d4d7e74ce3dccfb718e7a3595084eb9b03b664d9,Mirai,arm
9d902074ab24b1e4fe7b359aad22e682ebfcef1fc20916486adf30668b0d0111,Mirai,arm
9d91349dd47bf807eeb805a183d4faa2756852187365dde87c6fc52ef92963b0,Mirai,arm
9dadc21d5ab5f41bfeb087e3c3930ebf777f9d6e793a40964ea0888e8838c4d1,Mirai,arm
9df037590629ab1616e76cc3a04d995bf09899dc6ced39a9ff1bcd70ce6868ce,Mirai,arm
9dfbfb16ce53739a44b56529b467c2b5ce0942661966bc8be613f7d0a2ec4058,Mirai,arm
9e0b2412fab0fdcd8b7359fdf709bf0f1e198a1bc4ea6784f5529775adf6ba8b,Mirai,arm
9e14382c70f44bfe4472cf674b19f0d171a30728c37c503940ebac0b3bcd7477,Mirai,arm
9e1b2d1d595a57ae50692350144eb5a327a99410a6b858f646009b390c7472af,Mirai,arm
9e288083b868fc7da2f86d70c12aa10e6c95b1b01e6d329928a068e044cd926f,Mirai,arm
9e2c50aa41857a38c93393638ecb6b17f220bc105b31f9c5128cdba5c98e8f07,Mirai,arm
9e59e430a4426489652fe76a6d2d88b5d27d6a8aa94584b2eca949cb5c13d3ed,Mirai,arm
9e6518eecc0f8cac3b08fdf468c9239e974214e93a3780e7548790bc937635ff,Mirai,arm
9e65544181347dab0dca802511b01240502c37aca4e410d717a8312919dcfbee,Mirai,arm
9e6a0f28f37ab91d748e1af88ebf48ca4af0b70fdb5801a3cad13c2b9b216712,Mirai,arm
9e766270c30da312f63862af251818ead1a057938e7b722fa9f811fa78a8711e,Mirai,arm
9e9b88a69493b397fca9c1149ce399b5dc970f76692cb22700f1d4d0287c7cc4,Mirai,arm
9ebf2a755af588fe17535512d2e54647a2144da5b129ea0d566a9ca035723601,Mirai,arm
9ee70c8220b2eb7d9566fbec1c6add1ab56d09090280aae0b781f5128da74080,Mirai,arm
9eeb18783e8949c789c0fdc627666d9ccc1b1defd217e97bcb3fac1cf5808bd6,Mirai,arm
9efddb7307a6c87e2591178b70d476a4f35b4e1d40a3b8fd7da8f0e45944a608,Mirai,arm
9f15e690ca2316bb0e1b6584861d215530d1bbbe6a21bee7d37d5979ebb901e4,Mirai,arm
9f32258f3f7b361f01f2a8e79ebdfcea3e75c3bb97881866ae4d219d38d235f5,Mirai,arm
9f5718afa6f45191d0dabc1ee98f6d376ceeec40061064d76db71999110228a9,Mirai,arm
9f7859a6719a36d4f161445a5b266007bbfd5cf236144a77c4eea1f4f06e3de4,Mirai,arm
9fca4b1873276724058ba3e8f3335d77652737319adc703a2e7d71229a321d44,Mirai,arm
9ff415ff3fa370cff78794659509ed6b29842df9f771535878f45d63caaed715,Mirai,arm
9ff4c18218a3d8f9e92f3fbb5289620f61a352b6a77f1276595508e14085ca30,Mirai,arm
a0074b0c00c64e406d7d64e8585828b79934e68b82f490e84f4da41d63b5f89e,Mirai,arm
a0087cd192fbe873c9c28b9696dc07193d424779bd88782eae7153285cf89c7f,Mirai,arm
a016fbf4a7e6ff48525a313905d66731455ca845536a52257db02ddb90b5dee5,Mirai,arm
a01c9291671c9b62047b31969f4f1c932cef4700075b427599ee899e433d2d26,Mirai,arm
a040f581efd80f7d21b018eb591d54982f1c9e0e274c20c0592d4626a44fc00e,Mirai,arm
a070fb091176a63999c1147e11e3614d71164ae2ae5c4451bbe5948f135f1651,Mirai,arm
a07a4264798fd29bb7922d466cef46b673595bb6552fa754442e6ec222be2ad4,Mirai,arm
a087bb65fe079c78ca8137ff4ba94bc7fe8ff336ccd95bb8a82a337bdd944ae4,Mirai,arm
a0ad725fc1bbd04c70bbcb55498f23c6c1acf6dea11c7618582617578c60545b,Mirai,arm
a0ae5f71454dcdc0c5994d2169866652f9b9c64a9359fd6f046ee1f9357a58ef,Mirai,arm
a0c8ea12d9628b0987ef151c214c42c96da0765eacee7ed38a921aff774fe3c8,Mirai,arm
a10d245190296a05b07fb5b0d997525f36d5de3b69cb5ed7785da5dede989c8f,Mirai,arm
a131a34fdb5230338473fb74d15ea9e5927ff82d799f2959edaa311cce3bd8e4,Mirai,arm
a157f44ace6861d180ec47609ada003ba36b2d42a423786daa29d852f7637403,Mirai,arm
a170b3986952c17140c7f3a676331fec123839fa97a613e9d58c6db3edf6d89d,Mirai,arm
a17e70a6c8a313529c7ad070b3e07b9d8aaaf8ff3bce2e52a30a090f376d3e4b,Mirai,arm
a1bf00312c675bfdebe7c83c13894ded14c5103af09bb28ded32d6af7ce8cbe4,Mirai,arm
a1cb5dd5c6fae773d5799347ad821f2ca571b8cea32b84bcdafa11f1981f29e6,Mirai,arm
a23cae7b27cef401f49ab6bab2f1f7614d1819392141baa9917a4ff886fd3860,Mirai,arm
a2582cb4f13a94647067e8cf21feeb6c730d758a28997441d392fd04d3573257,Mirai,arm
a259efb332e7e96b025a89cc549345e76dcd491a081d0bb6b7aa2f6ade72925e,Mirai,arm
a2a09ddd287a3e3b711dee1092e208b8e51774f5de9ff1fd30084f4d75d029a0,Mirai,arm
a2a6818eb336bc87844a24a1671fb3d72294c1b68d989cd2c39c674afa53394d,Mirai,arm
a2b20e768ea511d73b8ae5915238b73f78168800d172e13e47166c33d3b5af35,Mirai,arm
a2e85ae1484381947b38209f2c3fdfc73dedcaba3920341da16025ef70979538,Mirai,arm
a2ed84211086dca46747652fd841434d520100a7cb55a5128638312386e64faf,Mirai,arm
a3047d3dd4bb80ee72ad7bbd9391c79aa6a4f5a95f15dc60e074fb6ca3b76af5,Mirai,arm
a3380a4679d235d4350764362ed177b03df9b56bee2e0796f44be8686d6e7305,Mirai,arm
a34da3030cf1312481c1b9efcfc93fd7839785a937167a617e781453970b3376,Mirai,arm
a3600cd8b997e7b410bc312d2df852209ecb85d841119472d2d6a8775fac5ae7,Mirai,arm
a37317c879c9f240b9d204502367dd83cadea0e87fe8b15199087ac3ca4729b5,Mirai,arm
a3990e8f035268020370e8a2acf768c8b8a1914fb5371a07d9917feebf150130,Mirai,arm
a3be599eeba0f370ec7d853e80b495278cbe28586fb97da671db722d4971ba68,Mirai,arm
a3d2fc45d2b21049c48369e5277ffd39d45e468e3c624dfe5e4201d37041b81d,Mirai,arm
a3e85db19b38faba07f34b34e223d97c9c4e5d161701ce705a32726577e8ec27,Mirai,arm
a40a361ff2d6df45a83c0c72cc0ea8e300fa8cd2cdfa94c155b7743a1b61ffe4,Mirai,arm
a440997fe5413ac44ba4214631c3a3f6b31e41840811a9ce1ab5bfc665f1682e,Mirai,arm
a45f3c1067dcd29ca7f41ec0c2c2fbf2a4e9baf2afeacb2568ee4b6a4b53098d,Mirai,arm
a46a9feeae164800ac8ac255f341e55342b5daf1d69c19f9ac0da9537a82ed90,Mirai,arm
a4703df2645e8734daa65367c8b7ec9f983b4ac90c0c7c178e5358a7228fcc24,Mirai,arm
a471399676694bc9130b38e6f5b4a562dbc0115b58e5618d79cdef87a87dfac6,Mirai,arm
a48d38824d27259194e925d330d0337d6a97c6d952252dc7344a0c86f3691ee4,Mirai,arm
a4b0e1d0fffee702071120548500ac586e4a5f84ec9503cabebb3e0914a96da0,Mirai,arm
a4ebf5e0d4197ba91cd391ab73829786d4f9aecfeee24531d7249f4b7b6c72c9,Mirai,arm
a4f16c7052c04963003ecd45c1413e2f125ad1205cebb0ef52008fa53d80c8f0,Mirai,arm
a4fe9d4ec6c1becaea93ef9f7dfcfd9d7c569366db6d85d13da15d69905d0754,Mirai,arm
a50e80fee3877dbfafc0783f34a082a2693448638b6ceeb09bbafb7d4ee121e6,Mirai,arm
a579aa9c598ac83cbffcc61ad72a7eed026a7345d2acc1b3dbb71f749643f793,Mirai,arm
a582464dfb735dbdeb15996631545876251603ff08546792a730fcabd3750003,Mirai,arm
a5bc65ac5ef52e63137bc7ee20003ad27dc3e542f20758c6b2b9ea164fca1a05,Mirai,arm
a5ea83aefcc667f6633e13d5c6319ca46b352063afbdfdb935b3fb546081a48a,Mirai,arm
a5f87306f08b65329518c2b2027506074a22d7ab77a2590a7b1a6c03d5f5a4fd,Mirai,arm
a60948093dd93d80c0deda2b4beae751096465f64d280b943c16793bf2d30924,Mirai,arm
a622f650a07db2eb57d8dd395e6b2645ce534d331b5ad97d0c9d927484087479,Mirai,arm
a63eb8fcf12d878891ef9afeb5252057d0dd0e923238fce7ed2e25d362a6124c,Mirai,arm
a673b1eaafc14ce7bd216adf36d92dee9d5fd8a526d83c6d1012463aa57df7a1,Mirai,arm
a67f66a168a455ba37b0412b82fa7f32259c9a6e7cfe16469a5bf9c5f64ea1b4,Mirai,arm
a699c9505fd80b2266443b88f595d93b33df3dccddfc7ee29a7118f8f68703d1,Mirai,arm
a6a6a099c49d35888f634823c998bb76a0b282ce1f0feab45617bc46159fce3b,Mirai,arm
a6aeeb2892336768cf83d7a0d3029d8ee23d7ff1c15062546d9c42fafabafd72,Mirai,arm
a6dab0f8a05b5ef14cf3774a766aa3579bcecfcb938fe9c8a38b313212b91cfd,Mirai,arm
a6dfbe9a418ba10ff5bbd1c7450c9556d6c856ea7c7e932a80d3e0c5c0d8c466,Mirai,arm
a70370da5da522c0eaf5d1cef8cf3c5291635b3458c2c767782605e5fa49d00b,Mirai,arm
a703f346ef714faed40f23c4b5551b82cd5134d4fb33469dae765a6cdf667772,Mirai,arm
a71018fd20e0a1a69c8df7561748a64d619403690727bd047dc0cb7e701f5b59,Mirai,arm
a74088d4186258a8d257663e293b5b4b2ce6361831f4d979b4a1107d2f4e7420,Mirai,arm
a74d1786659ce3ba35745a2fe0ff186f58b836e5edea86414296a9705ebe45ff,Mirai,arm
a78c06964da877d4abb350eb60717dcb1ebc386f836fd9d140d6ee9a2ab7d6a4,Mirai,arm
a79789ad2539b8e76262176a5dcddcd80b3ffdd1c98d1a7ce6b9fccd1185d716,Mirai,arm
a79f399e27fc4fa0b6db1011a07565e8067a61fde1abc38c0aa5f082233e2cd8,Mirai,arm
a7ec03a9c84d5a9dbb4bbb239bf5463ed1b90127a8ffa2e438fa2f0cec8c0e4a,Mirai,arm
a8384feaeee0289ac9b87f5a91cc0fc7d6343ac94083409969a0a60eea28d61a,Mirai,arm
a85d7b1fcaaed94797e968bb02e5ff72264b992e5de034b94f1ab29beb250d46,Mirai,arm
a8602132b7f799dac605ac029c21f53b4b8ffb7ae45f81f0870249500ce807bf,Mirai,arm
a879fbe236c46f1ba0847469dcbedf17701a3547e1d5686713097002e7a988ec,Mirai,arm
a881cad25c918350cf2219258bb1489672e2e9af2568695b231c9f06c0f2ac3d,Mirai,arm
a898e452023f52e214865694fc69435658565261988de9c6659af9fe587d2f49,Mirai,arm
a8a61506cd5d487b54252dc0777454e264cd3d028315c1eb34e70f57074a0abf,Mirai,arm
a8ae0b906faea758735f0338d8befb4955eccf9001456e456659d2fd7325a1e5,Mirai,arm
a9069aebc77eed84843e05017c86bde6f5dc5dae422317d8df171cee38df20d9,Mirai,arm
a91a7df31bf1b163a3ff70060c2d895f6b438b53d1aa55514ddb152cc393c2b1,Mirai,arm
a9203ba6ebdc6ba95f7d9bd958644688a26cd9cae2b5b2ab681deed970ec5b85,Mirai,arm
a92cc8f254d4074c53ea2251c0556d5c745c82213a49ab9ad78db3fcbafa9b4a,Mirai,arm
a95ac11b5eff46b8629f9983b044064b143fc86a09b8d1449075da717a2fa9db,Mirai,arm
a98b8e4b0a203593ffe052c01ce7702961ead6a4609e26dff5758d90791037ee,Mirai,arm
a9938dac9019714292ddf7b92f867cf60a000bc420bfe2275ba0f2dc4a895998,Mirai,arm
a9939e6d608ee03039c6bc497d85dd1410830095193c380c61e403cc99ac59f6,Mirai,arm
a997b7af6a53cec67350da2aec27a2f1eb1f5a74e70a606fe62341839a600663,Mirai,arm
a9aa6b4e4fd2a7616e6c5eb0b1421611b8993c5d5d435e6ccf3909bf6f08406e,Mirai,arm
a9ac2e0d512d73d81092dce9e345a974e2e5c5b08e5e9425cd4e965270436126,Mirai,arm
a9db8fe1439ed3a7a3df9ad1bd05660ae1a23e5074a88185f25b6d90c7960559,Mirai,arm
aa058556544db75b630d2f107eddad8846a93d0248b9b17403340ecf9079eca3,Mirai,arm
aa0e5f84d4638acc1007cf70fed30c220be4a1ebf900c3cdd95dd8ca9735436b,Mirai,arm
aa38dc25c1fabb4b82f3053a1da42b1fe724d4bc50262e69fd7c0997259752fa,Mirai,arm
aa51f94290e5dec1e2914fd756fee3eaee1c1107b36d7fdf2c3ee3e82cb1a49d,Mirai,arm
aa530cc90bbc57510afad4b48e743096e724fbaa3e40e651b05c929fd5348476,Mirai,arm
aa541ed842ef1ca80c8f7bb40818285d143095e3f8374f2517e37a174272deb2,Mirai,arm
aa5c9d4a4a14708d708b2da9bcc869c54b10b191e3de35b4d82399a11f762874,Mirai,arm
aa616c5bebcb80ab372bfc2e43ac352823bc52cbad725c6b9ff74753e8874312,Mirai,arm
aa66b99f43549b9d5c7d9c4d927d93a8b8e06c2fadc122418cd40e6698b9f186,Mirai,arm
aa7d54780156ca1c12b77c18da044ea682f200c636b66f2669823ec421b018d4,Mirai,arm
aa8b75dd26dea2dd9f784d23cd1776a6e09855594212fcf29295ac8d1c3d855f,Mirai,arm
aa9e42232610dd696b2615d101314c99f0abfd14946a46193ee9671e8ca8c8e5,Mirai,arm
aabf262265eca3dd1785dd1d618c1229cd4064cb92685a8d93a27207cc9c0040,Mirai,arm
aac418b3f45af208ab368f8934bf31351e4e90fd6ce18e417847e035dde78be0,Mirai,arm
aad8227dd2b87b4101961aa6712fe9558e67116a58281befc0d42e3da2e5a328,Mirai,arm
aadf2b6e5caeb27342fa1bee259b141a4c898377abfaadb42ca56003725e4732,Mirai,arm
aaf684edd9a3f1169397bef5bde5d53f7e961b2770290072e1fe395c0f8f58a9,Mirai,arm
ab00c532444e4c5f3d3d17277ec925b2739a2272d4d84a492c69eda0e48b29b5,Mirai,arm
ab0a2da09ee28196156eb6a1c48405042daa78c1bec0e3cdb32bc4a9a6143d58,Mirai,arm
ab0c84568af5c3280c8e813dbe65975b618e6e1ff38d7d7b36476cfd715e2220,Mirai,arm
ab343339f6d24b4e2cdcd2789d42c1dc5b5e615ceec1010cb1e6d01325af20d5,Mirai,arm
ab5456a6edce9c913befe2e44880cf407d94ed6151edffc3c2a0f6f3a80250d8,Mirai,arm
ab6e6e966d450f5a05a0a54ce7d39db13bd300d8a74056554ce6b98b9ae0316a,Mirai,arm
ab9e757a6d717cb0eda53abc465741e20f0a3fb9d944c352390b5a604d9e71f0,Mirai,arm
abb095d8dd0163374888c0e029c914f3d8dc86a2a007d10befd2b22acc89b3ba,Mirai,arm
abc10fc3afc276d59fe3c5abc6e7f54a5b86c734c87bb8aaeb0a2c678ac4953e,Mirai,arm
abd8e5a9ede53c66c7acb636482f26e690325dc3f3d9334e952c8be10ae9d7fe,Mirai,arm
abdb3ac789c1b2dedb971e00c4d126a1f02ff9c66ede5dc3bd1e048722c4fea8,Mirai,arm
abe470c705923a44ee314b6e4d0b3e79598a905b7aa6cdc3a35f1cd8b12cd767,Mirai,arm
abe9b928508ec849fbd8ea1cb158384237187dde344e974c0e7850a98a06a7d7,Mirai,arm
abf09ddb1b2dbc81b59414549393d641f1eefe1a6deeb45828f75424160577c9,Mirai,arm
ac2d1f7e4c5386a7d6efa6f620d88be2e683de0f45ab52f3c67823309de7c21a,Mirai,arm
ac33241bac5b54141f8ffc34a2635ca91df32ff02162fa3985f5bc519c5d8147,Mirai,arm
ac3916bacd4c21976be5f484a428b65c0dd68561be314fea3b8346de53682d69,Mirai,arm
ac3d6c907974652efad2da1293efb619485a4bbb9df4f4d651b675dcd1552bcc,Mirai,arm
ac841933adfc48a67c8140005cda2e17a9b899c220eaca70fd648ef764fd3bcf,Mirai,arm
ac861fecc4a55162fe5536f9084dec732d9812f113747c043695ee804cc835ca,Mirai,arm
ac95b6d35caed6de813bc0bb5da0aea9789dc41125839bf661087466bf29efad,Mirai,arm
acc0518e5e5204069c6d4bef7ec8955e41e7962c9589f8cc2d45787ca184c7f2,Mirai,arm
acf0339c9c307516077b6d7b76b639dfd2896b7037057c8f446ccc4e7df1c61b,Mirai,arm
ad1cfd8c015666f34cf676387a4d742146444c576023f1f84891c621ec388495,Mirai,arm
ad3aaba7534703129ea17400a7616227e452f2527c0ce70bc95d9a6778b338e1,Mirai,arm
ad3c1eca585f6bf31ffe8ff2b00297b74bcc252c1a5ab70555f0d342b696f48d,Mirai,arm
ad60a68d4b07a59dc22e3ae712c121262a2f22bc1d19855f8c43f8ae49f19e50,Mirai,arm
ad6b44ab4037e9ab00f4a38c87b9dc83d4b2891f829dee1320939ef8bc2a5c2e,Mirai,arm
ad76146415906bbb75e9202591da190fbcfb6d791eb77bb427c9eb146c98b60e,Mirai,arm
ad76efa096c3417cf651e1191191f09cc14fbee74ce045a44d33eb6ebe4db103,Mirai,arm
ad8cb25235e585dd9d37e77c8392cc87ce769cb53f64170e079d8d838c06f459,Mirai,arm
ad927fb6e644abb3be028dc31f0ee52cba9324b54c75c48fa630f8cd2dc95599,Mirai,arm
ada47c6c22fb39706c4e93a769af24b4814daed3d4ffe1d8f5c535b75a810d0b,Mirai,arm
adb486417800ad9bfc3237c5b9e45a7f0d81db29e6f9ad87ea027a7c9b0e7478,Mirai,arm
adc10d8cedcfe5c4a80ed502b937074e8b365602085d6a86312ce8fac4bc2fc3,Mirai,arm
addd922991f9969a36be91b055a02845229369f6ee245ca8f262a1ae9e0df71f,Mirai,arm
adddc495227c2307dca9e6ecc46ffc8eab0a2f877627af66e844f2df1d8e8ee1,Mirai,arm
adfebe41d07fe5b014be28acab0a8899c8e45334d97a12aab2168791a5898c6c,Mirai,arm
ae268974b1a943a4dfa0438f9d07bbf465f573dafe811f164817afef93fb39e6,Mirai,arm
ae5003fb6a932d0a4244caa232936ff04a61d3e9c7c02df5d9f2043a518cecc8,Mirai,arm
ae945e4e0cb457dd1c1eae8e7df0a29b63f40925b5565397d298f4dfcdcfc33f,Mirai,arm
ae95c9a37f7c9de5267e515743064ad8aba67995346048055cabd053a62835ec,Mirai,arm
aec176a9c4563b039872b19219404e0e362c0b098d87fb8f17a4e904119531db,Mirai,arm
aec9c4499acb291b544ed62383dd18d424054bf76219478062cc3160c7310443,Mirai,arm
aeccfa9ef02917bb7bed048da8703c35801125427752a141a451b801db6040f7,Mirai,arm
aedd95ff27d5883388c22f7793f025f4fe25ca818b588ad5b2f431114b72166e,Mirai,arm
aee58a7c6b013b63749ed5928824c7772bca466d542c72ea79d133ea7037318c,Mirai,arm
af09c3cdc687f5fa809cbc12d388680994cba18250bcd5c8ea8e596694270676,Mirai,arm
af567179151b37e29ee354ff59aaaece43b58e1b3d1d101c356e6d979468e319,Mirai,arm
af8882f3ab44df7028d961bc77fff879217d3bc936730cc365d77d2531b08e39,Mirai,arm
af8a29cc3f00e47a025e91316dbec12aeb9067a38a356f6dcc40f31dc6f51c77,Mirai,arm
af8d42aa90a66efbe8029eb9744eeef507717d2b5abda6b1a4c2f2a613998626,Mirai,arm
af9a1c08c3129f4f33216f925ff49e60f801c36efe43975dbd3384f77b4bc2a3,Mirai,arm
afabb78309757b0753397d9831ef56c3f54be511944f5ecfcd59f9e18a4c1791,Mirai,arm
afb51df2c9ab3c46029c2d10c15c66ccb800827ea3396920f638ea680b6f46d8,Mirai,arm
afbdeb2cc38e78c8403fe7fe2a4b487ecfd286fc75d91ea1e685e952075d360e,Mirai,arm
afde372294ce5a344f75c53e5ec40853a2348e0c43584e56b12eed12fab65829,Mirai,arm
affeeada18f632c28fc213bd4eae948473188ecb644cb2000386ab6d649e422b,Mirai,arm
b0118a8b210f6a0e2b201f65a5eccc6fcce66bc4915b951fbcaf2f8603a43c7e,Mirai,arm
b0526c036ceeab67f316e72c5fc141319692947699ff018ef51bfdde0fdc058f,Mirai,arm
b05d774ae96304ba7eb532551aa8fcdb628e97d10f0b93d3053891b5208afafa,Mirai,arm
b06692c157780b1942d102b5b3dc336c1fda7b19d83bfecf964a855fe614585d,Mirai,arm
b06a692a960bb15be414a091916aec5acc0b99b1d09f0d5463ade234a9e23da2,Mirai,arm
b076ccde3d6b0552a63f8292b5b69e6485d104dbdc3b6f9d71725497e32647b8,Mirai,arm
b0a226e951b03e8f221ab099c3c1c19687a9175f87faac50c14e433d5d1d258d,Mirai,arm
b0d9354774695c30a7aa2361ae214988d49cfd875ed7d8c271a9314f38b5d4d9,Mirai,arm
b10b33212c4511c112a401daa94876d0368dcf47eb52e1a683dc7d50490471c9,Mirai,arm
b10b6e52391f3e67545defa7e7c5d207962a35253ddbad2cea6aca2441ede369,Mirai,arm
b1495dd8609a94c215a14f298499a12779301e50fdeb36d6e9e97e7eaa055f86,Mirai,arm
b1679202b71e5e5815790179ede61051aad5dbc627d419db7ecc4116a1644dea,Mirai,arm
b17ca1c07222511532631117aff8ab0f304ccfbc1b569db450f0bb558ea20f5e,Mirai,arm
b19bfefd3cbd80bd9383b8f328b509b8da7c7c0ecb07db18343bcb92f5b489ef,Mirai,arm
b1a3a3397bd840867a4b9b2a0f5aac1d546e1adfaf0a784347c9d62a93e63415,Mirai,arm
b1ae85de4eccf2bb8ecf6b975a0603a0d1e1d5a8f1cb04e20e2de87bc4d956cb,Mirai,arm
b1b946ad63ccc6d7d407166f61075c655d8785a6412d0f62bbc401f4e461746f,Mirai,arm
b1c71877bbc5a970c4040fb65567c2457c8e0abc158b30b86b6725590853abcd,Mirai,arm
b1cc5e974e62af15cd986d00cfd098b1dd970cd1821a7880b44ee168dcc16984,Mirai,arm
b1cf54200e242a0fb282880f7c8f4a009266d0aa794b3e7a382ea4f82550a75c,Mirai,arm
b1d29f871ec8b301f2921562134d8ea653fdc479e4b1c50fe2c2c88e939b2cef,Mirai,arm
b1f5e1208082236c14dd7e811da87392c210c4056f9dac970f654de13d48adff,Mirai,arm
b246689e30f69aae4bf393218305f8bd231d7c67c7f00a8beb88502c3e012501,Mirai,arm
b24fd8e1a9c4ca831c6796caec25b8918c2439ed165fe8383931498a498c1b28,Mirai,arm
b254ba49bc349764e0058214391494ea32786a2b8920247ddb5ae0da2c19213f,Mirai,arm
b2574afad493f9c1bbda9173699aca796cfdc1c88bf588b9b1e66f04b86ecbe9,Mirai,arm
b27d1929a9e2f21e116b45f182f0eebe4d014ee911ed424abbfcca4a53969d8b,Mirai,arm
b2921a73094728110fc3a2394fe20f231a0d5f48bde47b5db7bc809ca65d0f55,Mirai,arm
b297f5cae3dd25463113a0c5abc54f8803801fb60eb340b73032f8f56b00a0bc,Mirai,arm
b2cc9d51a6e273c4cc37e206a2da8568da42a74f4c37cc7db7b7a1b3d77d9451,Mirai,arm
b3034080adac50f657bdc182df3dbe9fabb41c12f94de5825b4f156836e53e70,Mirai,arm
b30b591ddc04e323cfd37209f26280110e6b0c5ec5d17677e255687ba5737048,Mirai,arm
b30d68adb1adcef93ccd5ff7e168cf2476c5da5100ac8c6ca9ba44b7e8af49a4,Mirai,arm
b31c6eb237f6270c63e1540445ca41f008d9f5ed6cc8902fb3b8e765779a7868,Mirai,arm
b32b9cf5e0a037ec21e629b9c34f40ffb8d4491edc37f6baf1ac4115ad5ae0ec,Mirai,arm
b32d3cba30b87ff5b0d605f87ecdf9143391f98707ca770c597591f0b0561ada,Mirai,arm
b32f4b56d8f0cdcfaea94069195ecf9cdd73002f274e2bea00b2159da76c0fa8,Mirai,arm
b32f8e7f7d14af3b1415eaeba531dd898cfed8843bff0bfcf192f7a74ddf3282,Mirai,arm
b35e3aa867802cb0d428f1a8e36b2cb4b5a8193c86a6b8a3702d75ad2cd717d6,Mirai,arm
b3f13ca85c583d093631f522609e4a72f15c0cbe1ef817b759ab431d27457a8b,Mirai,arm
b41191b22e9b693c01fd7920f7bea8920f7e1a921d4e667c8dbac35aef6650ec,Mirai,arm
b41a75a6a80ac5ec7215bd14f7a89fc2c58a24b1a9f3861d70534888c0eca283,Mirai,arm
b41f4a2e5e6cab333abd88bdf912c83e582c72e0a14de48daeaac45e9fdfebf7,Mirai,arm
b471287dac14c4ce3c675d9d3ef9bda965ff4f3db1eb45af72549a9794425770,Mirai,arm
b47aa2df489256b2855a458d34dcfb0d9d1ed84548609981e27749b061b79f5f,Mirai,arm
b4ba9617c3de34ef1c225b9836043b5788e69ca7f19c6a05b82d302ab258db14,Mirai,arm
b4c777d709c48ab4d5ab9a690d91a7c32c30321e71b673f1516c707da7dffd8a,Mirai,arm
b4efd3dd07076f90e3d534669a9e4eee4c8dbf1e9fd7cdae40bfc775df7471cb,Mirai,arm
b520cdea5e5edca5ba59936eaf1894886dfc5308e61dc48f97175a6e6c805081,Mirai,arm
b53f249300c8aa71b7d73da01b0cc3a2b7fb53cb7fa3f226b7b69c0775657188,Mirai,arm
b55004d715ccaf1e758b627b7d52dd5f1d6c242e5e22c81a6c355ada8cf1afbe,Mirai,arm
b55a474a3d188b244dac37b56346bb3f23127478cd875374dab2edf8c442b94f,Mirai,arm
b59727e90cc8eef29f96fe4bc208e9162c43a7b2aa69329a31238fc34dd7ab50,Mirai,arm
b5adaea760cc05abdfafbdc364e6ea87e9cbd10f39db2ca4a1e188d9218599ff,Mirai,arm
b5b59b9337010e9d4f82f4c1568cdcf2e508fe69e8a9b7529a5209c786eabae7,Mirai,arm
b5c9bb2e426b9a9d2b5358bc655e0d45d56f6b0a07fd43097d4e5ace5b341d60,Mirai,arm
b5d0053df7ebcb8e25ad9e1869fd2e5b2af06b7338e3d205420a7c78bec16cc5,Mirai,arm
b5f7b5917615ef0fe81162426ed5f8bce022ffcd2beb5533d4dd0bdb5906e850,Mirai,arm
b61923c6290b1f2acaf913a5ccdbd1f655a69212a7970040de9c007c8ca383b3,Mirai,arm
b62231aaf19475dc959a4d17186b121017b00ddd11ecd9d6bd0b1409255ba668,Mirai,arm
b641119f165d2723872b14f663209441d4001a2db471752c05c0a5e911b4e33a,Mirai,arm
b65c2a5334d74ae2c487195c1ce253a28fc0cbf9bd8728a8c4641dbf8bdd0dae,Mirai,arm
b65d826271342bb947df77519718788640243b9d3a752a11a52d542878f5e35f,Mirai,arm
b661817212583c45d5754aa6b1141b19504fde5adbdf0136d94a25e924afcd58,Mirai,arm
b66cbccb031398c93e417ebe0eb35163c8089ebae54c554e0d011542dcdce192,Mirai,arm
b6705d9bd8999a9a7903c3e56987d5abd28228971f64b7d46b8bf9793988d212,Mirai,arm
b67c9976b292cc58395fcc8b14000ce6617bbe48b8bb3751d0bef4bd3d6066a9,Mirai,arm
b692077f2b009c242bd7e23e88dd17e65d175b02a7425ed683eadda6a4f6a8cc,Mirai,arm
b6cfd218b6bda350372bc4e612df05ede6943cad307a2c1c769b1dd1bd168eae,Mirai,arm
b6d234d83775ded8082080a0f8f93d664c0c96204f76053fab2acc46310e42f3,Mirai,arm
b6dea2bbe15f7cd55539eeb9db0d84c278d4f5fbf72aad972e043b7448234152,Mirai,arm
b6ea88d8fd49ce3d25f2bb037c5ebfbf2e023ff2ba4231a7902ac3fb2b6105e6,Mirai,arm
b70c98d0630a45dc5fe51689c43b8cade67e47f73935a5975525db4a6e7f7372,Mirai,arm
b725935f5a3f76daf68dfc86d05f146934a0f80c9ed235be1bc9e4f7048db105,Mirai,arm
b736b6081ddaf4ff01a2e6179017a3c6d69e35d0f6edb5166b8913ab23fe3e32,Mirai,arm
b73eec86352eb222d4497d6c811ad22453b843b4bfecc2a41ecb28a1ee5cc4b8,Mirai,arm
b7bd8a6811dc599630bdef18b770158962dcf04d6bc6ba7ae66fc3a9c9263c26,Mirai,arm
b7e44f9a24b7adc235facdf82773932c79119682910f56b3078ce869f398fd98,Mirai,arm
b7fa31095d95225653d70da102e4e2cffa5b2a31f5526d0e2c8e00aa99931875,Mirai,arm
b82896e8c9cc1172dc77252d6ea382e22c0d9fd33147587e733fbb07436df439,Mirai,arm
b8577da827f10dbe3909cae50c0465268ae5aeed89a20271d50095ba9c021341,Mirai,arm
b8598ea72ba70645cdcf406f0bf45bab359f7342f6dee54e066973120675295a,Mirai,arm
b8a5f7cfbcabd548e4aed2efd6061b0493bbd503bb92acaed8b9a22b29259ed3,Mirai,arm
b8ab6f63e813823e65313507933400016179c288ed2ca85f255e2d0a37879726,Mirai,arm
b8aef4885cdee2202aaafbfa392766407e77fd6204e6c93d48a5469a392eda31,Mirai,arm
b8ff724d855106c96d80f105a7b7926563e8c1513173fff46a5914465b1d594c,Mirai,arm
b948dd23394cbba2cc58338399fb71c5cbece9ee2b395e1e462308319d165ba1,Mirai,arm
b94e00f81487aa06ab6114f6fc7f753428f5353bfcd63239751b60bf06482c39,Mirai,arm
b976004faa079c3ff12de3cf7fa4351d4903f2065c43a43740a5d8dfcaba5ed7,Mirai,arm
b9b11a561e3230ffd34e6f7826d30ab7f2740debd97677e8c4449d741141e4aa,Mirai,arm
b9cfb7551bdafdd83683cde45d153626b17c1ea38911640954b36ec908f638a0,Mirai,arm
b9d7a1151a925e20bab32867f20704dbe7b67a39d5eec3efe3cf635702809cd2,Mirai,arm
b9f6aac4917330337a1689d30f8201b35ea0a5da2137fd0b07ab1c04d1241e14,Mirai,arm
ba4e1e7e12eb35df6e4ce434f401f59930f4ebf33cdac140f19091f91448c388,Mirai,arm
ba55465e5c3fb6243d60699aa8100426ad19fcd4fed26a18ccaa9373d6dd0c3a,Mirai,arm
ba805829161b1162c466d4b6070780ff41d15f78a51f120ee9d0e995562ff0d0,Mirai,arm
ba8179237bec018e5dcb64d981cad3231bcb4ad76c181eb05afedae2d4784ac7,Mirai,arm
ba884fb02b8ce19cab57568e9f6493c4604de66fcfc05e7f15ff767ba24cc3a5,Mirai,arm
ba896bc4662b0498cd91d0c392555c159c47fe9c787ea3114cab04d5a48613d5,Mirai,arm
ba8da6edfb2aeb5624e88cd45acf7dc4dbbd8f063fb03b9841b51eb0270e94a8,Mirai,arm
baa35aea3eb9274692206452c18adfdabd599925b3c266a7042c6207cf601ad3,Mirai,arm
bad76bf876243df847a7591c64cf6574acb062f6e848b7139e04e12f5a5a45d3,Mirai,arm
baeb706cf777ad7b93c6396a38ce7e60202b42752ecd2d86f751f40f66ffaeed,Mirai,arm
baf61f1a9c654e21b9a482ffd6de1281810f3d6cb610fe5ec7d3b04785c67b0e,Mirai,arm
bb00e382770d558c1fb72dd4c7662541b4587f09833e692cc569788a1794e3f2,Mirai,arm
bb0b2f124495d82fc483dba559be9db8e61d6d9e895a1ee45d9e04261c2945e4,Mirai,arm
bb18994225a9a2ffb890bb903c413622c10fcabef3c5537f579175e69c77953e,Mirai,arm
bb4b23d43c87a72fac09ce824b1d578a64cd36f3d68d8de97fbb0fdbb5348075,Mirai,arm
bb751e294435b993938caa4c6935e7d1b1be950103eeadb53cd8040a55d2ad7f,Mirai,arm
bb76977afc526f45fcc1232aab9d3bce717b09ab337588d8cccd53cd4be7dbbb,Mirai,arm
bb8501c7034f21b73f1352fbf532192cc4165344ffaf7d0d7976b4b30dfaab49,Mirai,arm
bb8f0d182d613016608b90aeb39071c10436ee81159a0a7ee47a855c39783d22,Mirai,arm
bba9485acf3eb1fb813157d963b313ab7150aa8e9bd3e4fbd0942f1980765145,Mirai,arm
bc0452ff9aed985d3fc0abbccf2670cef9da19582c725624dca8935ab98a448f,Mirai,arm
bc11add7d9988f219c3ef0dbaf6ee76e0ba3d971e7053847215b85c5c1e8fbc6,Mirai,arm
bc159c9b6f6abd3a9ac6bc8d2b7da0a528dae9ffaaa47b4c64b666bddfef8d85,Mirai,arm
bc2098f2b31761878ecb7c01da7f33c03534a147176c29c7d9a44855f5fb39af,Mirai,arm
bc659571e0992b6f633c2127d4d432a1c8b7461e0f65304e859324a16dbb2c24,Mirai,arm
bc6af62171ab30b14c3c7b440ffb59446d58ac6d51014e95f33be2b54ce71d78,Mirai,arm
bc7179dd207b1d0ed57fab8e8b1955f7a37023bcba31be1feaa6670a7707798e,Mirai,arm
bc83babf6451fc4e6ea1358cbd9ee78c63fe81781e1e84de725f7bc07035c532,Mirai,arm
bc8816fe4d39d79d1a98d36217d1ca301705c9c47cd5bb71fc84d4669f03b032,Mirai,arm
bcbf42a5f2626c784960e2b60756b748477c8adb744cbf8afad5d1f8ccf76df0,Mirai,arm
bd0fb11812efc8ce04c64151bacf03153174d99b1c17c0b9390aec301ac962ef,Mirai,arm
bd368f721a97b213d63ef0a07e2259e61f0d02dc5cc1ff561e23eaeca1ca8cf0,Mirai,arm
bd4723dead226ccb1ade728fbd6ae2c8569f9b27167822e19a2840cf3b399d58,Mirai,arm
bd5e4c2fcf5a694eef9dc9183fbe9276bf15ea7b91a592163802fbde5ddd62fb,Mirai,arm
bd66986d0a06d55c54c11f76d038fa409d2030fdf3afeec45e369e7e1bcc82c7,Mirai,arm
bd6b3fa5917ccd8645c077a2820cc2272d54afef52c775f6c28fbc8902b99623,Mirai,arm
bd805531ff8448cde6eb057866b260dfedbe8abc23de9bea8290d6e051959b56,Mirai,arm
bd8898a6b0632b1c44e4f68f762f7398ee085729ad226bce4ab06b41d3131fef,Mirai,arm
bd93bb358c4114a78e94d6c976cca55f6a6c15e6ed029693052854028183b25d,Mirai,arm
bd9a7509bc154dbfbb8ab5bfcb67c4192545ab3225d0c2eee26168b657e6c40b,Mirai,arm
bdd2b17a089ad10b4fab3e2faf73aec3a29511802207a2e6b23ef078ee118b54,Mirai,arm
bdf40fb57823910889321bec52e82ea1ff76c1af0b77f4918d6240263e1a19d1,Mirai,arm
bdff815241aedf4b44015988bb3736cd9615d37ea791c1f99dd737a1b68bc8ea,Mirai,arm
be0ce3c011bb4c653fa4b1647a65eca9a4f3c74cb970e6f40e1a076043981230,Mirai,arm
be3169b8f0ba155fee2f5ec26549d585a0c2a88c1753d0d5021b9ec9b4f15d4e,Mirai,arm
be4066013dce2d3e81c6bd5e8a7eae9fd2cb017693b2f5a7918b1b99e5706c4b,Mirai,arm
be4d4228eee8bb5550b88c063b2a5722d1ad84b69dc1585a156c0ffba27bf74f,Mirai,arm
be83db2a159d59f1e5ea2a3cc727a28f0861889feafd8b0c14e0b72fa840b741,Mirai,arm
beb59862560c0eee42a2bc2454aac95d388e5544718d561d4bf646263f40b7a1,Mirai,arm
bebccbaf982b5fce6dfc07e1974650cb97c44c3aa9c1bd68a94efe6a8952ce29,Mirai,arm
beec644d889c6b04c11816b80b29e3eb08b057afabd050dfd73b61d3cf739a1e,Mirai,arm
bef826e0458840d709afb8ed3b9c93a41e9e8483f76f03dca249316f814f0447,Mirai,arm
beff94cb8215eb035ca81447f733c8c4b72eb146af1a1f14a7d2d6107e2d639c,Mirai,arm
bf16338091eeb851761d1a90927354edfbe30873ea301bf62b23a51f66905d7b,Mirai,arm
bf16d3cc88c37dba1bed9176db30e0c92334c8594b16c146e8280a0ea9044580,Mirai,arm
bf277783dc62d64bdfeb468df6e80c4fef0852cd5eccf6ca5b36757424d048db,Mirai,arm
bf2dc1231c11c0cf3659390c604defa4f20fd45452e0c98bcbda46ba8f569194,Mirai,arm
bf32e6582ebf51e92706f81d1f59aec8ea24b386061c7796f561894598314624,Mirai,arm
bf45b36b5e33ee9c9d4e7aee987403c96dec4f112a913c65a68ac35c5abb07d7,Mirai,arm
bf5c3b7ed835b27028739ef6cc376ed614f492ea5a3b1f66c28e2dd85fdced22,Mirai,arm
bf6435e071d68cc6d48210101bf2a29572fca2a99705d2aeb082ea0c066682ca,Mirai,arm
bf6914912ebdbf594ad9acf1267b3376a638a754bf8f06efb50383b6374e0b81,Mirai,arm
bf6e7231f70ec8670d764dcb44edc25476898f7b9d946f97c38331bcbc7ce4b4,Mirai,arm
bfae6d48a7b181ed1bd00a9f7149b7a55e03fe2b494a6ff129774357d0eba876,Mirai,arm
bfbbaafa5e0822fbcae9219323eca23058b4f4251861686992257e47c457ae2e,Mirai,arm
bfcf135e733a43c093429a8bccef1c4ae9ef8bad76f7e6cd101706f1b885243e,Mirai,arm
bfef327e055a8448653fad3c9015de7d2b6b29e0f5bb63a62a37a9e6383da9cc,Mirai,arm
c010706ca588c4bed92d5c2cd437400e8efd2026afe4d8474a18ec59c8d2b515,Mirai,arm
c01bedb69b31a7e8c0b810012f6736f92941dc62c437246d2337ac892c2770d6,Mirai,arm
c02472782b55cec75c121ad8c8429d7a6b326a3255f71f0beb1ce1eea5f3e69f,Mirai,arm
c04c94a57d2a9ec5a123fd761f5317dceeff08a66c8db98ebe81ab0a3385e356,Mirai,arm
c0691508366c9ea2c5f68c0a6493680cbbffdd3053d1cac1c8067a24a6743c7f,Mirai,arm
c069524d37dce3d375bba446f4d8d1a3d5a76e1d51abb38feab04aff6c8a2e5f,Mirai,arm
c06add5e161ddfc9859a0219129d10676137d45611745e9e56eb4be0b93f341f,Mirai,arm
c095ff92547f1d0b2271d2f44c49db991eb3fa62eb8d2fb427f8c19b968abb4b,Mirai,arm
c09f24472bda6c213c03861f2860f6d4d4724b5914da1e0d89c1585c0b50214b,Mirai,arm
c0b0a9f99ae04ecb97996ecb42c0aaa189d611e2f6a16415b6c2e3011156d908,Mirai,arm
c0ca6ca57df02f5711b9779c95b4545d4a497cb91252165af440035912d7f2f3,Mirai,arm
c1336beefd197d58e1327d1dbc21c7f12a3840e2278d74338414a25159cf40b8,Mirai,arm
c136099ba0619fb6a915ed1640b3e051a6439bc9c55a61f4e32dae255881d0dd,Mirai,arm
c15b5d358baa3175ebddee7f8e8e0c5b5fca462123f682402f7961272ed7bea9,Mirai,arm
c17462e5b90d8139b7990f89afd6dcf6855e69bc2c63ec9a78ae2c77e97ee26a,Mirai,arm
c189b5c158dec8bf34455fc919a16b12aef08d9e8c92e3b63cb6bb56adbb46fe,Mirai,arm
c18cc64d73b6162bdf6cfa3410f53abc35fa670f873cc03fc15c2917750e8bdf,Mirai,arm
c18ee22404f3a842a7ca10519d88ee3ac0d83a98b483768d4d3f1af4d850c90f,Mirai,arm
c1a042915857f4de6ff1d44659040b4746c8e4f9ff245f9e658af20eee10bf8f,Mirai,arm
c1ab1fae75680b4f4623985b569eb52905c47e2a2c7a69c50c2d61f251750f6e,Mirai,arm
c1fb7982d22846a6ac9a838e3f7c42d657ef912e1673bcf7baa67fb7871e1b1c,Mirai,arm
c1fd417223ac939e6fe80e4b8f0445259e65995641d3792f610d660a817278bb,Mirai,arm
c1fdfddc727e6b643c91dc4ca7c7cd0a43b0b074703cb8ef034a0153202c9cec,Mirai,arm
c205b17882c27645f2c651681be39b45737a75c88c432cf3c06837e3bb47eb48,Mirai,arm
c24a21945c133c48d027d6314c20b49dd60d91b6d5d7c089c1fbb0b9b543a506,Mirai,arm
c24ea0b2eb5cd66e654487e1cfcefc08cd011ae4eefe26deb7b3aa8808356921,Mirai,arm
c2593e4b1bc00862950d28d75060d42ef8bcd2cc65f9281f67f3f98511d48b43,Mirai,arm
c268663897410371672548d00cd8d30763ee52cf7a1b1be43d159aa9cf103e9a,Mirai,arm
c283418e25d016543425e4d69a714c022661db010476a7815dfadf122c2ad1e1,Mirai,arm
c298d5078e7082c296e273c8aa0ef7421695f6ebcb6d9c527d9291816cdc5eb6,Mirai,arm
c2d826fe3297559a741d723e0ed2faf71740129a1173fa72843fef2fca0a8aa5,Mirai,arm
c31635d9cbb46ae5e483dde254982baa37ca4ffc39c6d8eedff489cc08794325,Mirai,arm
c319444c306455e07323b60f24646e0f905cffdc476e19ef5e78d378b7acf381,Mirai,arm
c35a547a4f78f63c9dc1349ebcf5984b1c52b2c9d298f46f4b4a077042155f75,Mirai,arm
c3719241c54cfb3d558e28313c3268cfbbca37e812076937812496500b84b193,Mirai,arm
c3ea850b8bfba397eb81ebd7a71eadda06b05963b77d9ab0d5a14b8f6727095b,Mirai,arm
c4011757e11790d88efced2fbd346d30eff5438f4d7e54dce32968b097c3eb99,Mirai,arm
c4078a0968c4ad00e2d9e724933f786ad4b5785dff792092ef49a6767e385f9f,Mirai,arm
c42b8f04914356e580cde514f2cf0714b1cdb90ff91bb597b25814c056047058,Mirai,arm
c42fa738ed3df95d89e8b1d33a2c7f3b03f329e201c0ea90406c881cf51b115a,Mirai,arm
c43a27451025f15240ce47c26dd6e0b549d50fafbadad44e375690542185b1ca,Mirai,arm
c43abd2c2dfe2768f6ae0245a6dec401218302dd5423576a32b337afd7200f1d,Mirai,arm
c441396783f35bdc7cfa8e2ccffd7b920890ab074f7e2565085300f71d2fc5e8,Mirai,arm
c448680b4e43bf3c9a21d13e4443b3d98c1a9b30858d1c5bb7ac8d89cfa48cfd,Mirai,arm
c45463b338ba3df135ee514901721b150ba2fa8f5bc9e3aea349845c0bc4d44e,Mirai,arm
c47741aba4bb32e1252983bdd28a79289b5d3874b2225d844fadc24de40e2448,Mirai,arm
c48acdb6c34ea4cae61e9e95005ddddaa28f45f6e7a2b4bcf3e9c196d2f87b8e,Mirai,arm
c4ab9527bb0258e4e177e354103b00fd16124a80b51460a16b5eb4c124a7881e,Mirai,arm
c4bf0a5a8dfef0578689300246578fa97b27e958661cf678c9c2ca17b7db2b6c,Mirai,arm
c4cee8b5a4e433429f50100216960d859505e04d9aa613bfea2d447e359fc243,Mirai,arm
c50d3bbfb0ab3ab42fe28606e3c96885aaec46444d6b528bca9b694f5b417626,Mirai,arm
c5345a77932b3c6ac7cbbb8073bce631286d9409ab1e6d4ea16fe1e767abffb9,Mirai,arm
c57be527c0917947087a7e744f3daeb0e5159eb019a9857e55bd4e6764e06a65,Mirai,arm
c57d752e49619f0f1245d696efb9759cefe6a6364a5ce2a5d036168fb826bc30,Mirai,arm
c58ede5813ed4190568c186170f109b0f5f9a8eaed2ff3087590e63f8a368997,Mirai,arm
c5a020b16224d1c21d374f68e4796b0c82c864fe276a50a799a5d2fd4acc5532,Mirai,arm
c5a0c2252d13237f4d979e1f4b06068d2eacc3b8d86765f1493186b6d3e9dd7c,Mirai,arm
c5ae47dbd0d1cc567bd4162da44bf1b462a2d2524c44624a16f6e079e23d3400,Mirai,arm
c5baee4181316f01c02a7b99fd23c2f6e90025ac4555b5dbadebe3a1be937b81,Mirai,arm
c5cbec79f5836c44540b6b346e04d97fbe066c2f6255f40cb03cd367f0565a4e,Mirai,arm
c5cd97dd0ec87c5391cfe63b60a53edc1b60e5e5ed9afbe8f2dc66ed036005fc,Mirai,arm
c6341b8590bcce64b026e9e24d91338c6aced45c42f5649591937da05ddfd9be,Mirai,arm
c63c11941aefc114157dc3c333c1bbff59c5b66fc2bac78bb70c44f580b837cb,Mirai,arm
c64a634e19f3f3c331b88fa3839245986c9d14393eea1b57e08e84f7f483eb60,Mirai,arm
c65d3e5ab76161aaa63120e10e9ac06fe1feba3a52c15cae45aed6e67e89fdee,Mirai,arm
c6663a72b4863516fdcf51b3826066df47d76b7be866b3d14190f8e2b54ed8ec,Mirai,arm
c66d07f139e06155280ed159e48db23971319efbd0cf2fae13765a700dfb262f,Mirai,arm
c675181194ec752500649a43b4503358bd2ec3e7cb86f8154354f228d7a79c4e,Mirai,arm
c695419a9a2da4c14c842dde634ec64044fa5aba6c085be2838e5016eacd9079,Mirai,arm
c69a240d3462c98e5e1a76a8e30da88b70c2e19210d3f2b75ac81e0b966f83fe,Mirai,arm
c6add5342ec67c4ca12afb6e5d6b8fd7d305c9e5a115a0853bdc231c5d9f0512,Mirai,arm
c6c4fb95177c776bb30e5b83b8376653b4bc3a09628f9086067aa8789b564a03,Mirai,arm
c6d9a859206450cb5bb7b988bab98f318e9aacbc6ab5c29b9e37adbbf7a529e3,Mirai,arm
c6da7877932d738766a7a5eed739e2b6dd5aa5ec6500fcd04d250c66fbccbddb,Mirai,arm
c6e4652e2d1e1f9d9e7c77318bda3792a39e1f69eb927f51e2433e7dda88c4cf,Mirai,arm
c6e83da24c2e8b3bde3b9242d8ba8318c549cab29b64d866e92c5d4c69e52821,Mirai,arm
c6ea24ed258ede2bd209676134639346f5f732ff4d95b52e4d699a16bf7d1deb,Mirai,arm
c6ea7ed0850cd1ebc5e05999946e7f0435363d35cbd0f9f019d902051b299752,Mirai,arm
c7013e666e244430ed41de5e0da7e0daf2f8abd882e99959ffe2495d20c8302c,Mirai,arm
c713fa08e6edede3bcb222f521bc88129083f66bc3c3a8273cfd83686ebecf0d,Mirai,arm
c71a018c787c965e88a9f573a6e073560a571cb1c32df8a143c94971dad9f872,Mirai,arm
c72fe0511dc1476aba58c1df4059c7682bb8693cfe972705641785d8570d577b,Mirai,arm
c758dbbf0b35fd60b12a9bc41115cd844a5ac25277362fbece733704d84ca2f2,Mirai,arm
c76da126161a5a1edcdb41f5d9ce1a12a1c962e1d06f9f89efdcf4109b812d81,Mirai,arm
c7bb5f313c88bf604aeb79923e38eed16d95e8888670fc0c7d8e0e06a3fc9758,Mirai,arm
c848744bb5d1a4c65ddf21eaea23260424edf103bb424140fca3d4f365650301,Mirai,arm
c84c9d29089004e085056da231019ee14b94f00e102acad26a5f07328e68cce2,Mirai,arm
c85fbabffd69e5939f059e98d02098603768b674e3f0c47302fa66de1a1b49f3,Mirai,arm
c8858ff75a299f4efa74c380183b0e05053ce197ea823e75eb4e2d3bee403938,Mirai,arm
c8901982103f10fc55ada7ce95dd28754a22b09b1ab3a4fd48f0e2a4b78b7972,Mirai,arm
c8d99fdcc96239eca4bd8dfedd2646b17c0727249a9994a79f57d7ea3534bbc5,Mirai,arm
c912e2b48d117dce16444dcf9af9c734b5d5633b0f2cdebf07fee8b047764d83,Mirai,arm
c9311410ef8c5b3adeddd39daf764fdf255d62cec0d308b9ba1bea92ad97d219,Mirai,arm
c93dcf3baf8572b4dc51fd4ee100c142a2e6f831ac893f489f27ca9adb8732d6,Mirai,arm
c96e14bc4f33a52071285e400fe96d609784ae0b264b60659696530ac0891e5e,Mirai,arm
c97061485a83f994aedfd6985bb0ac649a1ed9253abefee603da5ef285eda0dd,Mirai,arm
c9797eee07dd312efb5dfa7ffdf5179fad56802c2fd0bd4d21a9c1c394c51de3,Mirai,arm
c97f43c98c220528f35c08ded4914a6d3c9f2b9ca94c44c0e68808996d947194,Mirai,arm
c996319b4aa4bcdd7959b87d268b2fa4d13608b011f2562eb7cb4f3201ee1d80,Mirai,arm
c9a7956f3270c31012a025931576f799590fd2e339974f1072b7ba37c60f511f,Mirai,arm
c9bc35f8d9e6a2cc5ae1b66567ad3a815fee28ed0c809296d10c8578d718d26f,Mirai,arm
c9bce433d4d65ce03e62ab939877d1768f8a7ff472fb69c1e9369353a9c9f8f0,Mirai,arm
c9cafdaa34b9148ffeeeac46a4fc94d16861954f9d49058f49c9c87ce08d7895,Mirai,arm
c9de31ae868456e07435145fa6271d0e1e43b035c9407361f16892159ebb54fb,Mirai,arm
c9e3a09f6a4d135c37313634790a42a699812989559e6f0f7f7f1a7c9eb64791,Mirai,arm
c9e6632b83b22a0ea69b3b93133d779835f4bbbd7596d7350a97b4de618227b6,Mirai,arm
ca012e8fd4e1e8497caf6bcf9cfbf9c985206e75c0bbdae22b39dd2ec87387ae,Mirai,arm
ca6f40ccb6da67c7fdcbcee2cf262cfde26cb573df9884eb75d9ed6ba3aa52cf,Mirai,arm
ca76d6c7c8f2c2a2fdd5d2d1e8979eede27fe9f02b2ced0c96fd1b37b36e53a8,Mirai,arm
cab719f9725050a45f97a6de332fca92328201dc7491dab732696d37d173c095,Mirai,arm
caef9d4bff914cb065b86aa5b9a060136f28abce1eaf3e18dacf97d4f9b0fb48,Mirai,arm
caff6ad70a6b0124f84c0f31a4fc64716474b374befa1b8b87d1730ee522fe32,Mirai,arm
cb1b6b597130f5218eeece45df9413937a03a13807e86062d205007b0df8af5f,Mirai,arm
cb4fa1da5773c02102454f1973ec897992df9937511413ff0046b941a540f880,Mirai,arm
cb61aa51c3e9e353d4ad5244b50aba040db989277556dcbd15ac588b9654f1f1,Mirai,arm
cb66328879e972a293fbe2a4b20739321f876d1b6d86b9786a6b1cd83bd59ab9,Mirai,arm
cb696fe9c5a09f55e4fcdc55f2f3633a68846094916881fceb016622d1a23276,Mirai,arm
cb76c1fa6b5f0de5e453185e277b8197f75f9338d0f0fa92b0addbbcf1aac181,Mirai,arm
cb83894bf91e77bf0ea6b74e3e3882986864515213c591da85b9795c19e708b3,Mirai,arm
cb85045b8f45998eb6e26e6d52564e14910e8436a44e85f6037253f10aa3f0aa,Mirai,arm
cb95f844feb93bda2a011b9667c4808cd602498358d585671cdf4bec9f59686d,Mirai,arm
cb99d1a935556cd31f0b2ce80c8ffb311134dbe1146e6ff631858b2824742a98,Mirai,arm
cb9a60c68d4f8cbacb7f813862bf015a1fdd297b33706542ed434a8a3c311f8f,Mirai,arm
cbd15e49cf542bb9f02a1f332677d5db377777412e2bb0e0f7b7f6993b6763b8,Mirai,arm
cc044b40a803a415637f193c151caf8e1e2c985892c8f9dce70e1f5ed06f4bc2,Mirai,arm
cc2c22fbbf313875b7a5faff91035c52dfc1380e03e79483bd36330b8babfcd7,Mirai,arm
cc332c6f765a2fc0c10b0a8152b68453af225ec57bb7b26494c3882a94912b05,Mirai,arm
cc385435e498cad6bf4604c4551f5dee2680dcb9eddb079af6c98e2d28ce6319,Mirai,arm
cc3beaeb44cbee910191794a6ecebb120c2f69f319e1ef40e6f08c14918e4be3,Mirai,arm
cc4f3f869d7e3a831eab9a8d19bea429b5a62413bd927f79a392b6c59362fd03,Mirai,arm
cc542af4ed120d9c9823ada50b6df22d9371a60097c7aa39ac081bb416233e03,Mirai,arm
cc7376476b9481e6edd9265c923884519f8747f84d26886634a67736e38770fa,Mirai,arm
cc7e0f14451b731f4beecbe5c8241622bbbe6d2abcc634e8f5c805af4f37a685,Mirai,arm
cc8373c0e31535a255ea591c9f5ee7db84f66658604d74b5dba0d5ed6343bdd7,Mirai,arm
cc961f710e7c3bd673718e32ec025667c3b76ae58a263607bcba072abe1528b7,Mirai,arm
cca267ee6cb2642441dd0d32602bf9b6aea3fc7225556396808994f6e99206e8,Mirai,arm
ccb522743975c843639ce11f87a13aa9a687f5782b65368a0828372e74737921,Mirai,arm
ccbbb9a8d0c5e0ecb748b565e1326846f4175eea31c95465a4ebcade426e18cb,Mirai,arm
ccf320f603a0fc0a053db12fd62d06ec74b278360a377ef7c17e462e0df6ac7d,Mirai,arm
cd446d210466d1981d986d920b1e9860ac6b88da87bb946508ade235ecf4ad2f,Mirai,arm
cd69e92fde558ab8c79c4aa9c5ca33bdfc97244402be995674619b11256b10a1,Mirai,arm
cd78751c940fc82b62f153d18a7f9f24fea8f9fa529440add0e2269b531b544f,Mirai,arm
cd8e2b005e689b2492ff42df320ec2f7c3d1aa59bb49108b0bab547706a4e9cd,Mirai,arm
cd8e4c3c8db1f5d721002c894e4fd3d14b143edf4b8039226f7e7a876f2af944,Mirai,arm
cd92ec03f21ccab40e41004dfe5b1c42a08bdd3da682b942be47acb363260cb3,Mirai,arm
cd9f18e777649d01166959aa6e0dd19ef5be69e80b320bd63aee72ffead51743,Mirai,arm
cd9f7fab2d781860da7a8bfbe754db419fccc7d9f9180dcdb16839c01f71ca63,Mirai,arm
cdb8aab65b31da8c3f560769c915f11d62791304eba12e26b813121b4d6ae9ae,Mirai,arm
cdd73d84ec18a5c327444bf056cf643580032ef45c67b8b1f8100ab68edd6ee0,Mirai,arm
ce4907e81fc3f28793a462cbad723d398ceffa6d98ff3bf1b070941d6392b833,Mirai,arm
ce50756ba016a5f0e84413dca8dce2f8b2d1f2a5ed9834c3549522d516f17125,Mirai,arm
ce5bddff414e0cd4ae69c8e124df512bd6133ec394a4720a054f3597f7e3a9f5,Mirai,arm
ce6818e3367fe460e5e27b9145816683dfe92b6c0e6172e8cfc83e8a964e3a46,Mirai,arm
ce83d551446803a99e10121edcd0f18ec867b14def597cfb4621eb59e4302d9e,Mirai,arm
cea95fdeef86c1d8d38c90715a01409000e09ff656ca58873f2423bbd840306a,Mirai,arm
cec1caf1bf6e550f463014f8341ea3d8c13d6be6bf3bda559beb1a11b08569b8,Mirai,arm
ceebe94530fa468a069343dd62ec0058821d039bd57281284bd05de6c56fbb6b,Mirai,arm
cef32e11985e33a6217dbaf75e0d0e19c194e1a28301a399835ff77afa100718,Mirai,arm
cf17c800c76a42d74ebe59d2ee5560c82800249f29918fcb6279d24a60dfd188,Mirai,arm
cf2cf8359c35e7ff32674173325047c1c303cafdee7e8d14d2003baf28655574,Mirai,arm
cf2d69e7607069c6c21c9949d26dcc31e1bb8fc18b00d549bc0b74f79d189740,Mirai,arm
cf41d341dafc7b5dbad05b97e80bf099f0e3cb0ef08bd78f99f40f284d6a8ae8,Mirai,arm
cf5e201d5d800f3285f87cba4d2264222bbae4a90d79d40e51cf23684e9d3716,Mirai,arm
cfb17e3975709eccdd0a140961cb54842c20a50e2986e23a20396e49442cee08,Mirai,arm
cfbeadf95f9b03887fc1553580c7bc4ab775aa01245b1d6f3465056a363a7a2b,Mirai,arm
cfce08b446a96f1a9efb302def30c30713874a10227652873b737ffdb4a78390,Mirai,arm
cfe6454bcd36cb6fc86b51984c8969a2c8193aff3da26b079bb6d271903ed731,Mirai,arm
d0008dd0c67cdb91952e2485d46d890af5d232ab2aa357ef9802093f4532ee40,Mirai,arm
d00c5f799cb830fdc00bb42d6d235a3af6d640edf0a15992c977adc02a5f27b3,Mirai,arm
d07a966c55cbb574c109025c033f004fd480ef3939764e4305934b9f29e866ea,Mirai,arm
d0948ff6ac8b053f27395c28ccd54eccd2ceb7a8bce1a0206547efe0783ee422,Mirai,arm
d0a83e52df6f6ac95f18f02af683b91aa5648e57609cf4346b7e98397a1fd30f,Mirai,arm
d0ecfb8598bd19d18a9ba4d9d2b698077c894a20796df3fc34c94f4f069b32b9,Mirai,arm
d0f7703726aabcc46c76c9bef9e5126f280cc77813d7c4f273b7eb409338adac,Mirai,arm
d10386554f41234f8210441129de71e1b62633f6b2748e192e0e55465dba29b7,Mirai,arm
d13c54cb63b0252003a798633d9336628e638fa2f5644576e150add602cf47ab,Mirai,arm
d14e568312778c45dbcf0627afa1124f88b883b29baa32e3fb4bccd67cc7bbc3,Mirai,arm
d168a91c8b403f814e57cd0daa426651e182ec3c22963c52e4c9343d97e34b95,Mirai,arm
d170393cb372a536d3584979344fa6c9c895b43d905bf6fa0cfb0a2052ad2e79,Mirai,arm
d18231fbe7432ef4e57da51117d96ecc7597881230bcfd82be56f69ce028b547,Mirai,arm
d1841a615c9523a39c4f27010e0cb5a39a8659f0911b8f09631e396136b4a065,Mirai,arm
d184ec9a8eab496a095fa5f07f6bd762172fa7d302a3c6145b12abcd96be785f,Mirai,arm
d19a0c0c94a8f966cd513afb065b09fc23e24e37ae321e4167a7b94666ee3fde,Mirai,arm
d1a2005b2896f6b40b465c8e0e0d87cd0626284814d2f74725ef193578fa52f6,Mirai,arm
d21fea404ccc48a8a797f226be9920e8be0879177a1c07be8ea3cc638aaa146a,Mirai,arm
d22a5b7d0af942c12e91c5b1159e44cc09eb840cfdf61c795ab0734747223f5d,Mirai,arm
d259ec690ac52ccbb6f8598990ff2f6245de857cbb25a2570e74ad7f1750fab5,Mirai,arm
d2611656f426ec22c07993b633e3b345fb98039a48f31244a0f44e10a16c5ee1,Mirai,arm
d2860a9290aab25ab80419c73957b5ecb4f306289e0ce7d984e16893662a32d9,Mirai,arm
d2c65aa5137e7cc62468cc0ddab081f85608820759d956bc43bf9a2d55ca9a85,Mirai,arm
d2d3016b21df6746289ef10e043041de557d4e3d9d18e61ced7ad3ce202b53fb,Mirai,arm
d2e9ef763e0caff3fe248fc17c854c24bba9ea32616df38504b2e568192983b2,Mirai,arm
d2f77e35ddedd7d753835176babadfe0f6489fe8f661822f787430796de16b91,Mirai,arm
d2f8f503a0b647b78ee87a9c8edc5af439c0840ed6aff03b023c16412f6d2f18,Mirai,arm
d306a4588bd3a52d8480feda4ab10248143a06bdcf39a444e6b9fd3a6093bcb3,Mirai,arm
d3256ad2a13772b131c9ed25e2d304a73267a79cd1f9dedf921140bf41f51258,Mirai,arm
d33332c6bdd874171076fc9be150b653332f92b72394804df6176da2c39befa9,Mirai,arm
d3375e8a47554aa2876f1efa808847cacab31abab9757b9ee1dbe1436b9c5493,Mirai,arm
d348207f39579ab8c8b6495c8a6dfdfae6cc23f7b192057f6bcd106189577c89,Mirai,arm
d3766f608af2c191b7a37af10f6179eb966fb8820290a22dada2f65f86fc2e6f,Mirai,arm
d38993d0928f3692cf247619e26bebb87c528dc1b539ff0e6de4381543f22d38,Mirai,arm
d3bdad585873dd21e83b8f2eeae549c5c871e0f8ac98d63d642256d8d48b02d9,Mirai,arm
d3c0652e5c9c10f89715839a630f13085a3bd1960bc481b6cdf8b5f90bdd6d3a,Mirai,arm
d3c106bdb232b8b802184f6e29ccede967174145e04adb61e640c84f2f22d931,Mirai,arm
d3f02b1ca3307852c033970596972b009b22e6351e42e9ab42856a1c790cd351,Mirai,arm
d3f9d0cfac6f3ca2a3bdcc12299102d1893c58c09ecad114b0858b2084d98026,Mirai,arm
d40289644566029391a19eb6361129518aebcd5a227dcfe240946a0e32aba789,Mirai,arm
d40f8d2dced05c36680518145c662a8deaf9b45004671ebac92123291860e8ec,Mirai,arm
d41579735edbf373e76f8a0aab1475cdf42cae82fe06b18ceb4a782c97c8df18,Mirai,arm
d41a11fb1546af8d0678d219caaa78ed575fcb7f36f8b7220ed9a6ec62edbd7f,Mirai,arm
d41dc71744cfda136cbedd4ebf949fdc690de4a91f61d08eee61096f29ced931,Mirai,arm
d42ca5eede7fa8575055b88ad7d66e5e47e7b7e53e2ad9dc347c7a0919a72f37,Mirai,arm
d42ef032e26f6d7ddf3c7a8d76f4e44ac041d2179510802c60238fe46063d0a9,Mirai,arm
d46c7fc59a12225a9462610d44731b7d92b6edd371d05b01d1c25b80a219e68b,Mirai,arm
d46e56b0bf5574ed570f0133c8cb77e603915700f8ffd3753fb06eecc2372bf6,Mirai,arm
d4b7a44c4346b3b337638f83b10baa3934f1918a6f306786f7cc070177cc9bc6,Mirai,arm
d4c301a1784375fd6cc3a9e48e4d59b6a5e301027d2545f791e9037970622ebd,Mirai,arm
d4cdec864bc1fc3624f3a5318de4debb0896841f8b0b4215ca33e951dde5c812,Mirai,arm
d4fa5c46323319b84758f3d17b5df443dd056816f4c7622773e6a66799bc8cbd,Mirai,arm
d50228edf8889309dbd75d0c6f4629660bec5f8988cd00e989f9f1c3c6536d88,Mirai,arm
d5267c61b6e621b662cb97b879823aad885d3f69f6ff2620969a6b9b55a9eb0c,Mirai,arm
d54338b33eb7b134d90b51ec53d06d33c93e3da007926d0753835f0f2b34cd0b,Mirai,arm
d546180a2779ede2d04ffb954c799364adaba26b9598c2fe11ee45509177fe54,Mirai,arm
d5477715397b5c67b8a2038168eaf4ddad0d493905ed1c7f9861e304a19d0f43,Mirai,arm
d5541d192b443696768ebc19172b5270f5eeb498e4bfc4ccca3481708ef1f168,Mirai,arm
d58545bd089faeb661f49368635185aeea29fa1de4103acf4febdf8ad4c693b0,Mirai,arm
d587342e56bf09ab83bc8b32b161315db9a49f16c141ee1c746711367472a874,Mirai,arm
d59e34cfe0c6b6f45cb91949a2e8a9b66891a8317343830ebe552236a085e04b,Mirai,arm
d5f3e8acf8b3dc80fec0d72edfd1c0e3a70ad57dcac2a82f83054eb95334b5f1,Mirai,arm
d636a9f6cda200996372f9ad247bd56a1d4115e661c3b026f1ba88c3af497307,Mirai,arm
d63fa000269560c17be0a5d6bc9f4dfac726f34af57d648deabf9e749b20d5a6,Mirai,arm
d650014dc909a3415d5360e3f9327e2e4d8585967638f1f6821557c1c14f835d,Mirai,arm
d667869fd5855933554524ae27a71e2ff474e82942452b33c2b2b0efe2c12694,Mirai,arm
d67b6f9759fb23bdbe5035121414a1763fb9cea261378dce201072427a91c329,Mirai,arm
d685bd43bcbaffd3af4fc8aaaeda455056804b765c89c6fa1605baca47f24113,Mirai,arm
d68b203aa4d9061f362b1aff44cd5ba318400abfbf3932dc540312850b7da55c,Mirai,arm
d6a14949b5acfc76508fe79bc84c60c5e1ea9e96f80a0344e232b1760c1c5509,Mirai,arm
d6b0d29cc6d76a5eb35c5eac33adc8a00f32b945b70ce3776d505f7284a7d652,Mirai,arm
d6b4677d0eb4caf450c4165aebc8dbdb10577d731db01d4861e09229b59c0b36,Mirai,arm
d6e062ea065a4a77c0439b1012a08db3a756fd4b47b90f111852951375a156c9,Mirai,arm
d70d7024851d8542d1266ae07cf4962b9d7728f3de9820118aa04b8a137a47bd,Mirai,arm
d7272b979f40a23241a1b48296d3c6fd3b1cbc05137568310cb2f124522ffc79,Mirai,arm
d72f90f59f8f431bceb2a7438fefdb17c511ee9f7f3b0b029c77ed7fa5bde577,Mirai,arm
d73de4aca4a9d9ab66441238f24b89f0fe3f2f4beac60ea2bc219ba3ea62dfd0,Mirai,arm
d75629284245d0d87a7577a7ab9818718983cf25335c91b427cf30288374c48d,Mirai,arm
d7619211926c42b4e2e1c9e287711579b459ce37699264a27a6122b1a4d14672,Mirai,arm
d7635f803c8cb9986a0d4daefad5169531cee6b67bc66a1cf6b5baba8e83c9a9,Mirai,arm
d77643e5207a3798321832d55a7c5ddefac048b488b72a89b9f59e2d5135d25c,Mirai,arm
d78df035ef27a0942004c824e00e945b38006223dd9531e62e2041cd704cde52,Mirai,arm
d7a4cd2c8866ff0a90c9e13197217632448755aaa2ee8c8f49c42633eb784f2e,Mirai,arm
d7aa2295d5f963ac2214944c67f4f221d64acf30507c4682e828d594381c4735,Mirai,arm
d7aef6ccdafd55cf0fc930bbcb049b63e2d79b8fc033f82788fd3ef8ba997b21,Mirai,arm
d7c933920d57dbd609ca7d324bdec5e4ae93f00f04088e578f1465b1a607b012,Mirai,arm
d7cc4f1bb692bb5a38b1a7f0697580ba3d03f22001ee41a5865b9cad65c8907a,Mirai,arm
d7f47556fc7e9781095e5c797e95d9021eb03f95ae64264d339ac9722969de99,Mirai,arm
d807246027100bb4c7e64bade74661e7eecd947be8a917f42039983350dd8f09,Mirai,arm
d8166b83ac0732304f0301e11f08f6dbd18a3bfecdd35b2be2323b3ea856b3b9,Mirai,arm
d83224a5d9f0510099dd74fc678f9bff527babdb547b6f0175d57df57e6b83c9,Mirai,arm
d8356254e573e9ffcad209f094d655eed73357bcdfafb95b603d2649ce9132b8,Mirai,arm
d868a30f9ad6ea54f0be2218642daf569c609c93fc202c5270e45d0c19dc7363,Mirai,arm
d8bdd49c9941bbed2c74e40447a94c60322dd173709260ca830b2e954b11d577,Mirai,arm
d8c3aac41ed78942460f36d2a19341e9af7401efc30412575bd9132d58013636,Mirai,arm
d8f30da6137b3d61515c756415cbc0b8eb92b206d94109810dad973d678544e2,Mirai,arm
d90c7b28947b744969a48b9a34dda09697e432d693706469b9ee3cc3af9245f2,Mirai,arm
d91b5e21d5d45d94b543c43f3dc9c6efa235adabf4ef1f546a270190a010cb37,Mirai,arm
d92481cc54b4a9b5a0e18cc2e6da5f9b7ac0df90374429bccf42347cca1f1d97,Mirai,arm
d93658aa1c6f156863db1f0dc58c1f2f066d65b3adda93ba3b4d1b9e0946af16,Mirai,arm
d9684e6929e9f819dd3d03b04e31469e08f2f434d4f11642b7ac06770479c4c5,Mirai,arm
d97be5e150df9ce104007acb033a475ccc3a23512e877de1476ac7777ae91f93,Mirai,arm
d9911eef14b072a43b418febc3959dafeba1956d97187acefbdc0f2b6d4d3006,Mirai,arm
d9d8c2a97a6dd70b465b52490b92a9b3450943ec26f7a1b8fdca691b0e05546f,Mirai,arm
d9f893d487c15ef00ef170e215cc714cdae8b87b0253369c3743f912512b49cf,Mirai,arm
da0b93fa0dc25dbeca2913a0c6ff950df783ee8a1318e00223df60f42c5af334,Mirai,arm
da0c4f3798c2007d4cdf172804a32bd3e0e651c7cc21f988778997bfcd7a8b02,Mirai,arm
da16f1f52fb3c0dc2ee10876237b5bcae249143b44fc1a598d08222baf62d1c0,Mirai,arm
da2886c8721b1d5ecc0989b8af0fa10b5da5a454e1a96ab7bef07da9a8be0716,Mirai,arm
da360aa9478b29f5de33620a0a46c12841e35410786aad332229ec3eb459a264,Mirai,arm
da3b9edb904e299e4088df0aa00e473796db60865c9ac0bbdb3ee7ddf3464fda,Mirai,arm
da3e88e23ae7a0bc93d3296413483ad1d2e9f0ecae16a38bc8b8090343464544,Mirai,arm
da458ffa2fe13e5ac446c130cdcdb03260fba0b459c6710ec996f2f59d4be807,Mirai,arm
da5980c1097733cf000e050c77ea28422189ad8be59b85903b8ec93f86273480,Mirai,arm
da6249e87f9cb3889502550fb26de92f89b93404e98ae8516f5d191393e80de3,Mirai,arm
da7589edd160f55463b61e26a2cd9db91ecbcb60c240d77a3636dad576289ff4,Mirai,arm
da814d7d573ce413586c94f499d3176cfcdc8c94e163a4d1bde2421c083079d4,Mirai,arm
da86260842bfe5ef2b548473110e473e254d02d49a7d09dac10f7fcf44a660f9,Mirai,arm
daf3421e05b8e1b368d7ada547d349b45fceb11370a166dfabe76ed000ca62b0,Mirai,arm
dafd914a8e4269e23909dd3ac7b833c01b68ab2abe1b41d42f1eab3b7a7f5bc1,Mirai,arm
daffa17095e7d708f35656de3c92286c4523a220e0c7e087976ffa538875810b,Mirai,arm
db021735e460e722b683be480fe116521ba32178e2b5fc503a6f84d980b71df2,Mirai,arm
db39648d2b064c29590d0117b62da5b286bbbb6b384d820f484e75d99192f659,Mirai,arm
db5faa20fa61049a0a1ef8403313152e39b90df5f249c092404db42d71080047,Mirai,arm
db639fabb7f70bcaa4ed58b76638c355e445355892386a8c288cb6342cf1d4a1,Mirai,arm
db7143e95adb446762d45f43a79d53837641ea93d172f0802b6c2f3639617614,Mirai,arm
dba0e891244c23d4f7686854a3a8a4715833a23be62e5e69d66572073e4c353e,Mirai,arm
dbc8b4e35babb5cbea2cee622da6798e3ba22a8a4a62bbafbf67f47f38c5dcce,Mirai,arm
dbe8ab257af5f31d63e58dc3130ab49193650324059d378df16c81c0f64cd2cd,Mirai,arm
dc0c3ebdeef33ba19ade62a1a52cb7835fb76e814c6e5fb2e5c159476295cc0c,Mirai,arm
dc2ba749904f9bebb98ad7738d04d9555cd40948b5d49f20265112ed43d52c9a,Mirai,arm
dc4e5e7d5e1770ac3567e7840be790f333a65d706898abb2732e51f5b39643a8,Mirai,arm
dc757f531545ca68c671b768d185fb414316953e5825952a80a6b9ed81bc8de3,Mirai,arm
dc8451894d3db8315a2c6bbb7c57500891ecc3d5f983a0cfbb29e60b2618d5e7,Mirai,arm
dcb49af988d310d402764de8fbf845640dd0f324619c82a739e294d866963af7,Mirai,arm
dcd3a727907dfaa24c9aa171229932f6994202752f1b5b9de301acbd5f565808,Mirai,arm
dce83c4efb66579445e673393be6510bd05f76f2664320a69a67c041321ad3ea,Mirai,arm
dcf6c07bdea979cae989f5448e715e61a67a84963a80a936103157aaafeb9914,Mirai,arm
dd78b17913d2eed4bb5320c8f95d12742a8dd00b1ec3a676637e7d68dd0cdc19,Mirai,arm
dd7f26b6fade36635827d0c5721b4ffe76cc98fa80988cbc72ca8962981f3fc8,Mirai,arm
dda5fa8da5c2b3272db08900e0e9cb205669dda42d510c554cd76688084e5d53,Mirai,arm
ddac2400ce56a9f8a02fe9e13c4863c2629c1a9c4d4c12687f4aebcfcd534f45,Mirai,arm
ddb25636156e2d7df920ba001668e85ed9d6f4e5688c52d61819bda4138e66ed,Mirai,arm
ddba3cdb2efdc77fb695abfaa07ef18b421e04a3b748ea45513adf07c46864d0,Mirai,arm
ddc0638302f7e766c38c1a8a18f8031274f1cf9215c32e7682d8f075ac952189,Mirai,arm
ddeef4f91c604be5acdd8c0a2a3f8e9b21a7a2d814f57745110c2bf0da1fe283,Mirai,arm
de02928ecc9fd02b63998fcd29940e2a6942317834768564c17183a7696706f5,Mirai,arm
de14cd971bd9bad7194f8222385fe9f82247cb7f45db0c908fa258d61a87a5f6,Mirai,arm
de1d85f3a897be46b55c3b022dc9988eb7e0e62d76b1e16c23ce2c568eabc451,Mirai,arm
de26d18e59884b8139036ccf72fa112a8f8f7c8f28a1b238b8fadab674aa36f1,Mirai,arm
de2f7ddf27158c5c0dab73b401f5d489ff3a504100ec6d7a4514a66481974064,Mirai,arm
de6ad03aad6efbfb07b37897af6d31f98c867387ef7c69e8894300bcc5b7b630,Mirai,arm
de7f66c94c6ef5601802506290a3edc2b965f4bc0ffed85fe43c7c893dd760b2,Mirai,arm
de94c967e29528ace0c0b333d2e02de4031c6bc5591515b5f19264b1ec79ef91,Mirai,arm
dea4eac65775a06d577e220bdf4e67c4493760802d4cec9f8af517399142dc13,Mirai,arm
deba1e92d258232fc0ede60352538e6b2736ec914106c14dc388c54482445ec9,Mirai,arm
debc274224ad72b8c9351ed18ad8791b834ce00eef2c5b5e566260f7818bc285,Mirai,arm
dec8970213a9b52ea6e21289bfca3c9b2c8caa29c00b31d705e69afbc7edab22,Mirai,arm
ded75496b850a0f688879b60c0852fff0c817aab22235a237e7ebb46cf690acf,Mirai,arm
ded778e6fe0efa759518aa135b967ddb2aea28626da558c59d5765a8b5c29ca0,Mirai,arm
dee17ab6abfdd8f8b517d594f6db2c5012ee01b5d247319329f53924bc2fefc3,Mirai,arm
defb059e56a7b634101e3a11fda209ba64f69d214b4ab0b6a85eb868152c2c8c,Mirai,arm
df113f3cfbe8a7e35fdd1c1619237c22cfc6b83bceee3750ae170e7189c26e22,Mirai,arm
df16ae7afd66a4c6322b0e6e581cbdd84b900229b115f464c9c75ff502c57650,Mirai,arm
df20391fb151ce3d266c28fa4ab221d5abcdd6623b1169e19cd84e4fe5b2ba82,Mirai,arm
df220cc3fc56ceac349761af9fad5f4c889a67c0ed0e269bd8e8b743b565b3f4,Mirai,arm
df290112d0ed392511ecacfa9819110ec7e934e1fe53a6cebd25c958ed30f818,Mirai,arm
df6ff29b812490d07fde43ede76c0ba452c8fe648cc31398dd0d01f934a23724,Mirai,arm
df88a97e647ba0b37c072454f8fc3234df456878df6777faf9eb6ddc6ae7eeb4,Mirai,arm
df9286b51eabf7612454706ab5d41a385fd43df57b0a5317df9342d43c377a30,Mirai,arm
df9bc5851b28d6ba3509241e5b20ce22c1e14f375befb7f2b0682b50e3a3197e,Mirai,arm
dfa6230c84d7ef9763ad39a0c32d706be51c061a052ad2845b158bd410f82687,Mirai,arm
dfb2c9a2855e8be96069615372330011371aaffc2551313eb36ebe5a70f1d054,Mirai,arm
dfb9efe22827b04e1f6107733039de0cb35eafacb9ea3fc75379f30a8e7792b3,Mirai,arm
dfc7791cf38eba67049ca06e06a9c23a79ea9cc7b8c3fd6fd812de8acca9aac1,Mirai,arm
dfcea44f95861dd7a00a3d4a259eec3d6ba4d8f9457e56ccb9a0e3e737f9a03f,Mirai,arm
e010cc59c026df1705fbb4fef26dded8b835a6ef72a3c3076b76c2511dc4d5c2,Mirai,arm
e065886f5001fea445007fd4037a46fd5b719ea5ad12f6d643a9674d3be4f9a1,Mirai,arm
e06ebcf7c2288cd97059983312d5ce74f4b12c104f6423b9d7d91019e2703790,Mirai,arm
e087834ad11fc968e801d1be813cc7f7d3b1d850e2a5299683d68c18e127641a,Mirai,arm
e0cdb47b419597457649aef9ba0adab95e1c75a40a2c24c9d680ac9eddcc8950,Mirai,arm
e10d9d14b375bd65f074afb28c86d8d2e23baf6f7a4cb62a294e35892dfb642a,Mirai,arm
e10ecabb1dbe1db6eba4c54fc09667f7e526e9c75071130fe820f4ebea3226fd,Mirai,arm
e11b6e13e60d0039aa31744685e3d9d23e0cbe9d96420f09f761220d634329b5,Mirai,arm
e13396131e2df7ea687cc71f3d922f6e937c91b353686d43dca7382665fca5b0,Mirai,arm
e15634469764e4d4ddf7fa0d53251b30244f1cdb0a880dac5380f2dbaf5d6aa0,Mirai,arm
e1636f7c35c7e43055d599de02c0a9fe2fec559186d6c06b9193560faf0833de,Mirai,arm
e1a26543c3bdb0b1c8e262a1da398601e504d29c0af9abbf7eaed6e40decf69f,Mirai,arm
e1b2d8dab8759f0004d2f988d899cc8306bd9a7c7423735a28b5519f9a7fbbf8,Mirai,arm
e1ca6578de75c39f4de8e0e6ccde97f29579349a1edec0835e118d58fff77fe7,Mirai,arm
e1dced9021c150221caab7607ed0542de13307721d421a4dafccac378e3afb1f,Mirai,arm
e1dee78c24b4e18b33f956f40d2556600b0cae31a9249feb31351017a2b99eab,Mirai,arm
e21587c7ec00495e9bf564e2618237aa5bfa945d918ad4c78768944af10aec36,Mirai,arm
e222d433e0471c04cde03357b90f5bd50e96c4d514dd2b5826d9328bf30dd1fb,Mirai,arm
e229ca70d4e4fcd44df110fc0572abac728bacdfefe396c931d2baca7d9a49ca,Mirai,arm
e22a3329accbd1e2b825765bb38a0992da43e685b7cf9a2e640bda0c74c27053,Mirai,arm
e22b3fe5bb7673a8d65ca96bdd9057096f9951f3df53e5e0e9dd935e86b501c2,Mirai,arm
e26a29e52ed8db305a920d4b77aea2bf3f1afbaf765b1e0e0fa5731829639538,Mirai,arm
e26de3d92ba4422c78801a2a9a1353c5720b6870f5d2cfa8165769b84e49de1f,Mirai,arm
e26f8dd5d4e6bcb2cc98893d08c18a153fef1a9af6677dcdab7f9390babf8334,Mirai,arm
e28318e111ef742c3df51e29e5cec13f045d61b829265c5ebf38e4aa40eec246,Mirai,arm
e286e4c8fd86605e9dc0b8b812581b30ddc7c79ab67bbe0918835d844d9f4f20,Mirai,arm
e29ef2899f0cc44030fc05e3d3e877720e49d4b7cbe1079a8d2b0ad9636821c1,Mirai,arm
e2ac24ff4ffbb16da3b4ba8fd5631d51a617a6e7100cabf92cef3c143cb1f638,Mirai,arm
e2cf196da742c45695e42279a6a8e886f974a9056b83f4a1921a500e1c7cf31e,Mirai,arm
e34a26db35190f0484c451f1f942cc7a7f9a19b8efe8a5abc33af35d38ebb3b2,Mirai,arm
e35a8b3eb10c9a03208435171e452dec65744979df1d906b3254534cabdf9b57,Mirai,arm
e35ea2ce6c5b0422f0ae15498192d661c0c5aef0cc5445302141e8eaa7818908,Mirai,arm
e36566224ac06811a7a6b606ff0f6480c24767863e2ce8b4828a109fc37508c8,Mirai,arm
e366b5183e0e7890f988d1aa46b76d3c0b55caf8f75d10504539e06b46e333de,Mirai,arm
e36ea4ed2459f359a80f0a5b85ca74047678877d2ac25ec4148d828a3a37f41f,Mirai,arm
e372f3b47aae045b1809b6152d08d8eff5ceebde5f3c74f5d2d50884b85adea1,Mirai,arm
e37dca87929150f23fb390374201d32ac08efbaff3c070690ae8d1ba4b1f5d27,Mirai,arm
e3ccab0e896cb1c8028cd46add679fcdfaeb5ca8fefcaba09883b5fdf1a22755,Mirai,arm
e3eb3a65113c4781011833021d93ffc949834fbe1c484870e48b72b263a60883,Mirai,arm
e403cb3ef01ebeb627a0e4271ee627d136c2c18f384f18b46d1cf5696a7bbad0,Mirai,arm
e41c6ad512bc9c15c428c6b6b92c122dd551ff1e3e0ed2b68be34c15c3c6123b,Mirai,arm
e42169df49c408afd751e3e2c195b9d2635222cc47612ff777d9d555ea668e0e,Mirai,arm
e42d2d4b1e709511df895486a8893aba940484b4382250533c186e595ebf9b75,Mirai,arm
e43c3cc6c749f6b49828f6f6c9a4dd83af595e0f94e2103ea1a5cc7ea98b4201,Mirai,arm
e4489c956e2ee7efc44995f5dbeeecbd78aedfcff58f67d1f14f01f22d24a393,Mirai,arm
e44aabe78403c8fd92687914e2c95970950522ecc23cd01c7511e5f304c559fd,Mirai,arm
e459ce5a49fd06530d3b78985063118f1b6a952f1dede24be5f7f7bf210b680a,Mirai,arm
e48dc134a38cbf2573fdb3c46a81fdc792074b5eb9b5a5db60cf515f6d6f92e2,Mirai,arm
e48f543e9cbb3a23251b3a1428d120fd57b2d869db8c5647d38f793dddc689d5,Mirai,arm
e4a6bd6668b9370d0e00440cdcddd2694f1f3e0989e462cbb1ad294ea948343e,Mirai,arm
e4da123aa110eb620876a534ce6fd58324e5182fa76df8725729d44a04e29163,Mirai,arm
e4dce636279a23948353018a5331d1e80520b58fb7ca88dbda121e99ccb93a2d,Mirai,arm
e4dfce1a1aabbe0a024b21cb4cdb017b214794b2458a871cd2dd323be22d7668,Mirai,arm
e4e2768b4835574a753cacf680ff21401da3539d0ff6b653454b443329ec7115,Mirai,arm
e4fe2d2c57158a23f97b277e9ac25db18e5947aa9f22a15b33461ad079f5a084,Mirai,arm
e509521334be3e1ceff9e8a0b885df124f2bfe1f71720461434aa833d83f384d,Mirai,arm
e50f73f334cf8641c39c7fde48497c9012fe737d19ed2250ff725cbd56fb80f3,Mirai,arm
e51184dd1e0de6fb7d711b0a8d52fbe5f16ad1d8ba883f1d486f5aaf9164370f,Mirai,arm
e5210a3419bd54ae0a4bcec0608cc859ce50bb59d5ddd37b8c6bde4995a5d020,Mirai,arm
e524418ec0b2c5055d768a2346ff92690fca6adf261170971810e1bc9060ae32,Mirai,arm
e5256fc95a64f6ae9201651a2f8439979f07facd25fbcc6fa1943dd82b032486,Mirai,arm
e54933f8178e76ef51fa7f6d5e271690bd13413413b167b2202436afcdcb4dd9,Mirai,arm
e54a14c17082b6c3bba4f25344937d3afb69701f528f38b6bc78b3db8b808a2a,Mirai,arm
e5676a60aa6aef1ba97458912164bb5fca70e22e8e78c4d96f24428fbc4e205b,Mirai,arm
e56a699dd056848967a379da3d9963561956aa8471098d38b68b885c07d2e73c,Mirai,arm
e5cfb0e12cff16bba42de4412e720dff8176078647a2579fcd637144ea793f39,Mirai,arm
e5d8b95fd6e0a80dc3639de5cbd7acbcd3007d055ae824a4ea350ff8641f73bd,Mirai,arm
e5e19939a75e7599e68d5c500df40846bc437b5cfebbc59f9c55afb42a3943b7,Mirai,arm
e5ecfaf0748a36b2385ed21a490451b31d2e7739b22b68a97bbfcd951e9b26e6,Mirai,arm
e5f9a1cc8afa370ff340e81b7d1406a4dd659786a6c65240d9283a9d42860338,Mirai,arm
e60a7871025bf3e6443e703129caef4304dbb7850686c2503f7a75009dcb4be3,Mirai,arm
e63f6cdef84a0756545f4f97f7aad24523861faa772e60ade4a8c9c808549913,Mirai,arm
e644f79fb578ee2e65e490167a2d50c6a503221da2e6e6dba4e7e6446d4c4083,Mirai,arm
e662067f7bb718ec6e510712e4d3b75c0ec27b8e3c5d099cab726f6f6218ae90,Mirai,arm
e6681536e2e43880d17687016354dc3d829ce222ddea6b5fdc169e41238f7ace,Mirai,arm
e668eff3dd2b5d05a7f81a8a378878ddc777fd08b41d8a5cb96e1d941badb5b8,Mirai,arm
e672e0cfccfc371c974a6f922dc5d046ddac17b0197d6a2b203aaf186ce51276,Mirai,arm
e675a6384878fc00a9679f98e08a2ddd9b84dc0442cadb5990d274f7202510e7,Mirai,arm
e68030d2b08511e3197d7aa2ac79f18d733d8761bad07b8d38a4ec6b680d9b43,Mirai,arm
e682b504d8dc625eddc2e511c8a5137dab2bfaf682e9b0d37de8d601c30b444f,Mirai,arm
e6981fc3f673d0cddc71809f45ca3fcb5535c4a4442fff20d8c87df3c1f62357,Mirai,arm
e69d803a1daf6a7a691df0cb0322a9ac6345fa62669dcc6bb72f66fb19ce9c8f,Mirai,arm
e6a49d0fb75a0a36a661a33e02f542095fafc5b0494671bac10090f9e46e2521,Mirai,arm
e6d75cd57f6d559851e9da904f6675c1bacb32040be3c15d43e2af9036d021d5,Mirai,arm
e6df8a37e7c2b49b2d90ac70e2389308c03aa781ec0f92eb10833b10878c98f2,Mirai,arm
e71511eeae7387aa413d35c9f4a51c85cd2c3a0f60b3d67f43ffb5073ce8513c,Mirai,arm
e73a7c521b286d7dbe601016765d52545ae43469c731ded3b1d885c535492f82,Mirai,arm
e73f50c8ee1c37325ff7e39dd4c5ef51c02e1a7e69891245e7c557195fd3b144,Mirai,arm
e74d4a70110308d42c79289e5feae132d5f7a5dd8664c90224b851f3a1da0e99,Mirai,arm
e74f6ee5d0e06b4c44a5bda8de606da6ee8cc3ea61e7a2e947b5aa65270c56d6,Mirai,arm
e75cbd0abaaede031fa9cd15be66c14ef8076f5ded5e38b1665452c65aec2c44,Mirai,arm
e76f09c630fc390bcd5c874f4ea5e8fa4258840f215fde209001125a17724fc3,Mirai,arm
e77a9e55e2d2109e6b2643e4089fcd22430eb2d490a2ff390691f4f5fe3f4f68,Mirai,arm
e7946f078d27ca799b6e377271125c428aef5a8394fd7ec30bec6626a034c692,Mirai,arm
e7b119085da952fb2c13e697023042d9c5359633a520781b771b8aa435ed9b96,Mirai,arm
e7b87123009dd57e86beb6a396d5925a521839531ac4d7cf5de01447cb9a9783,Mirai,arm
e883998a7f36fc38694fa98996d0495f76687866068b8c3a2f7b6e70a7e887ee,Mirai,arm
e892caf2169ba123ad66a41e0218a43bd947d5e8d9e254adb757baca10b88baa,Mirai,arm
e8bdede809da10dcd6392475300b835293180ebc4f68edc2569d36045f10ef19,Mirai,arm
e8c01591fad2a7b388780f42674360daa6dae801b1673e68ad70188a209214d1,Mirai,arm
e8ea08643cd1691ecfb12bf7b97b9fcaa0405dcb632fed82ac65beed6bbf79ef,Mirai,arm
e96fa8d36e090d29efdc994d9691368a1069dc1dd5417663851f61010957dbab,Mirai,arm
e981e5ef37ec76291a0ad11fff4c5240a09f1f7374b8d93cde9f518e9b036c81,Mirai,arm
e990cc900ecc51cbb73006c2e732b17a4b3e4a8509ca91369171c9f9a0787e27,Mirai,arm
e998e14bb6e90addebb4f9d6656edb80c53cb9e9e41e7d18c35d6f4ae7d86652,Mirai,arm
e9d83e85f26a2d5e56f667913471ec9f5d7f4037e7e8c67b7d001b57ce10ef71,Mirai,arm
e9e0137a29038bd41c9d8655ad8bd0bcbe397a2cba8f629debd8b45ea5649cc0,Mirai,arm
e9ec86ae031a1a21f19d9587187dac2447d1458afdd52ed4e5f531d95ddc2edd,Mirai,arm
e9fe7eddeacf102af3ac078a5885ae3842fa4653c5a28dec5409b1a2f1bb811e,Mirai,arm
ea183e30a99b80cf23bc0daf19685777309379d08aca80b70481be9f941397f6,Mirai,arm
ea2b50e66b0a89d170ce3db2a429d340eb03642bd9553fade5d68a9320342a84,Mirai,arm
ea2c90039a9d4f15204d4b705a8657f77c8600a2f0e3626840c7bdcb143e185a,Mirai,arm
ea665086f75ac5a6cd4a04c00ceed834d938cd6f49bb220cf5b7662bef043e7d,Mirai,arm
ea812e837968f9ccb59be94da0cc12f4ffa2ec1cffcb806daa72c4e71c0d97f8,Mirai,arm
eafb02a8096507d9cb472aaa1b014477c0b7d27645b7c1891e66d0e97c1c3c34,Mirai,arm
eb24caabc7475dd51267d03b3a52d9cad2e7791fc8cebedb7964e585362e9250,Mirai,arm
eb2c52c45007dea90937377e306c2974195ad69a9f7fc11a5d08400aa79a0100,Mirai,arm
eb38f2ec40fc5c4263c41cd6056cca788b1d4428fc19424a0d81e469b95c411a,Mirai,arm
eb4c2a238c2f051734afa7512d8f052d41bedb2026dc0eefb8dd055a970f1364,Mirai,arm
eb719ee2c505675ec273b10c9bced2566bdb327e1127bd145e33ec9cce7d3aef,Mirai,arm
eb937ac0c19884320457499df72c98eaba21ce4f3a03b6b1f565edb9009203f3,Mirai,arm
eb98bb03938c1441269c1dd47a9eb44400607b9d92c4bd4ebbc6cae323d0e665,Mirai,arm
eb99f4311ba9c154f0d202686adb0ef8fddd414c91ead23d2185315539e7a05a,Mirai,arm
eba1b8087bca19336478ade897df4292ca5afc6a65d927765d81c6fe1a6b5d15,Mirai,arm
eba1dd006089436bfdd0d2d8a01197eaced8b3a4b1e2b463c7fbd61a99ae47f5,Mirai,arm
eba58d6d03cb7985b08ce78aef33ece96d41be607b0c4748b0a46cf7203d771f,Mirai,arm
ebb60014baa32852c1e5c7fe56551780a1d15269e3367ccad6a54780074151bd,Mirai,arm
ebca70d77319bb0dd949484938360c864af6f46d8ce7ed150b92241f11494a4e,Mirai,arm
ebe13830afe3adf174b076f68402d75304c275b372ad76a4f3406b5d0f6f3086,Mirai,arm
ebfdcf8a263bee3501d5713ab324261b40508262f1a8e721924c937aed86b8ad,Mirai,arm
ec075aba231b90f5ccc7509c85a60a2be16879828450cd5b2bed17152387be40,Mirai,arm
ec1330bb7b26d691ac176f4c972ff86ba39fe9be28f9b1b5ef6302e106bc35a3,Mirai,arm
ec19d3c007248c928c16290957960d486e8f54b2ba950feb171a1418157b580a,Mirai,arm
ec20d11846a972e64d04a378ccbbc30f7920910ba5be50817fb57eaaaf521d11,Mirai,arm
ec295139412c226b853847ffb687ec49db8a9b0a2d461b50c97ba9959b36ad55,Mirai,arm
ec3e7286b62eea4c3e7a79336ec0836a2b8edab6cefaf4f1c6c42df63155daa8,Mirai,arm
ec47e44d61e29916856b23010c60222eec2978b153f84417fcd3e0e37e9be0de,Mirai,arm
ec4ca99d340fbc4458c27e7075aa9997985c04c4cfb6de64487b7741c88258b2,Mirai,arm
ec70a3cd6b90fcd976991af5c3b0f2d99029b969b1febecb0c58cc8ec1e6b85c,Mirai,arm
ec887c1359bae2ff6456baa54515994c906f191d022f998b49435cf42a349246,Mirai,arm
ec88c4f3efd695b84f6337b5f67e025965fa6cbd23c401052de1abac206c3c7e,Mirai,arm
ece5a9c40da823879fbef2600ec4ba7c6e649074aa7ae1b9b0d7965102cb7dec,Mirai,arm
ed13c92789ac3f98f748e435a3e49069f07404e0d978a022210cecd99507de63,Mirai,arm
ed159151f237716262c3f1d83110931f2e540c1948be356e2511983d8da0f899,Mirai,arm
ed235f33290f0c6f6bbb125396e8fcb68c6eee17cb11aa99bca46d6b703554a3,Mirai,arm
ed2b7e7c20cdae3b95620d44ac84151e346dc41635e3568c29949e76ee20183b,Mirai,arm
ed79e4492721dc11a38449e840cc0eaf68b6270203ac6b642cc677890e036fa9,Mirai,arm
ed82c28b5fc7beb556d2ccc47af70b38220308a962ed3336b2ad092db4d18862,Mirai,arm
ed97651b1bf98443f379b227be7367a923d317086f368f4111a7e34c5e7bfaf7,Mirai,arm
edc00b934a70a554559f077d97e6ef74f29a85afff415d3b7c691a08569d85f2,Mirai,arm
edc35ad4d23664611fe1d49a31f7f820fdde05ebec6f68a9324d9a029058f13a,Mirai,arm
ede6e7109e9a5e7e363e2c7d9c6028e7c47fa4d188a91213bc6b64117914d54a,Mirai,arm
ee1e42b7fdb24d11cb8113d2e89e40e72a430ff962ebeb1188064d6d81dbec1e,Mirai,arm
ee3b2e581a42fb4e3bbe10378706ae1493ca4fb5b93cfa4b535cba93de35565b,Mirai,arm
ee4411785d92dfc69d60170a343d738381a7f00badee8f0bbef2b190b178ca64,Mirai,arm
ee44c53c7bf8ec9ca2e28399df8ddc8cda3ec2ae15b9fa49045f2bd2034ae1ae,Mirai,arm
ee4a0b821d6dcfb329e2a6af9c5d2095fb4e2eb03c220593d622fd73b006ab1a,Mirai,arm
ee573bcabc64553149fe77361b8851f25bc37bab3d4602aefca8641bfccb3716,Mirai,arm
ee633a9d60fa2b138cdab088935b8bc67bb05b56fba4ea3275b4ce2ee20107c7,Mirai,arm
eeacf852e51605ba9f6b400dc6609feead8fed71a068506da3ca54a0aa74b539,Mirai,arm
eebeba8cbc1b5399858501b6704932d39a39fc8eaa0f09aac1289e6fcf848c13,Mirai,arm
eee4040c7d24c909f5b6add289d3d177fe6acf3d6edf9ec349adbd76c9244b00,Mirai,arm
eef8565971128863a90c3215b7dfbbe0dc5bdd87fef472ecdf8018c6a26aa230,Mirai,arm
ef3684aec5388d2ac0e2508f976ac37087e6c5886bb8aecec20412dcd29425c2,Mirai,arm
ef3785dc13f45711f79f5f29494c8d492056ec0fd8c7e11c8b8b0e0a7f911fa0,Mirai,arm
ef3ac9e02bc040fc4f0fafdb5035b095dd6285e94229d3e4f336d0fa2eed7ba2,Mirai,arm
ef3e1c1fec2bcdd2263855980ad58cef913655b1f86a5d0338b97e6620692c66,Mirai,arm
ef454747f94dd1bcc949f90b4f090234b02e841ba24e7cde5521c7d3b631c9e9,Mirai,arm
ef4da0487969b7fdf6e95eb1a6ed858b9122669b38679e6bce4046fa94340e44,Mirai,arm
ef663fa023951cf9e2ff93769782cd1f87a8b2ea02966ea601e8d21827634d2f,Mirai,arm
ef86c00e68623496d3d4a9393ca591abefbaa2cefff1ec01ae78bf0c33e8b039,Mirai,arm
efa4b1586912450b972f370a750961d220f4dbd756145009592498174429f0ed,Mirai,arm
efb3fb857dea33bf7329fbba888fe58062162267b4cc059edd8a3cde316c5679,Mirai,arm
efb678786b87c0890b2f1110fd81580424b2a881636f5265e9d7d55ef0f4cfe0,Mirai,arm
eff9ef9396826d5bea95181e250b783d5bfc2b72e5aa702e82c06178e3bf006d,Mirai,arm
effd469efd164315757ff9fa709b3c7bec3c5f7fd05c8711d88cb0b762192e07,Mirai,arm
f0126bf15b89bdfafbf4a0d846c0dc60baacfe7c4c161d993ab24d9116dfd34f,Mirai,arm
f01b02699746a48c872b4a37f00fb787b037c96735b359a756f40ca5b36980eb,Mirai,arm
f01d425f3a0438fe9a064513eb466722c3b779c839c332c2c663d8f68221a560,Mirai,arm
f03359d8927d16a4d116eebefa785643a62cd51d9d99af1ffbd657fa03c45567,Mirai,arm
f03f72bee458f5e483b204061c5d13b3b764049b69d7ea248171c0e8a726ae83,Mirai,arm
f066efc98194a1f0d2796f04bbbdb244737ec55c7f2fe12b1602cd21c3cbf7ff,Mirai,arm
f06eda3f1fe1c377e69fea9176580a4288a98cd76fc63297406208b8e6fe1608,Mirai,arm
f075484cb59888596e5945750bf5314b504b4cc391e243c89f587ebb0ca069d3,Mirai,arm
f08e9d56173f5d32ee2e6609f5fca6f818a3d8b00edd78f9d5cf7f9834d2209d,Mirai,arm
f09547f951c346704df0704f907bad9dcfbec5282bdbf9f2f2c0d277cd2e302d,Mirai,arm
f11736e4dc7efa7f92c0c110c223a66d2bab6e787bb37eb9fb9b53f1a84f00c2,Mirai,arm
f1336cc5704d44f08de9cbdbb7f1d3b73b3e8d451f024c68a6a5c49158ee98bf,Mirai,arm
f14999eceb6e679738106b71cf4bdc1ebc39b5bf5dcabd2a98bc1abb8e76b5fb,Mirai,arm
f150de1aa738166f8465e5fe64147862d002b8a59466402d23cda1c92c4978bf,Mirai,arm
f15dd3333fd52751ca6be962ee511f9e3fdeca7e668ed950453e4538cea7a7e6,Mirai,arm
f1894a95b062cb316de99c394dd41eaa4a23edb167efd56d0e8dd9037aebf9d1,Mirai,arm
f18a5e6ac36d4f935acb04fd40d9478926188599b076422dc3cea95bbaff699a,Mirai,arm
f18b9fc1945f804f7e3802eff1122b00481cfa06baaf2d1c728626a3df342183,Mirai,arm
f19168a75e1ede3a8faa6f10f3ce94561c3f6a4ee928aab84172581903944aba,Mirai,arm
f1af3c16dc2057b162c0e0aaf4aab726258f300b117c82cc3ddb3aa137a28b8d,Mirai,arm
f1cb5b506ef23e17267fb8794f40e5d2293f33311efd67266326a0065e69ad13,Mirai,arm
f1e315161d24292bc70284a809fbc7887f1f61c6fbd1ad1007d2dfe336393442,Mirai,arm
f1ff0b7312eabb4f26b64bb7ea446581bca71997948e593e1d2f4b07659a8a14,Mirai,arm
f219e3ae2d38ed78615efd2ba57b95ee43927ccdebd7d8bc9ddfb49d97261801,Mirai,arm
f239f9474165f4dbef50a122ba8aa6625df356b07ea575eabec5e3729511b01e,Mirai,arm
f2493b4d81059bcbded9747f0a98f231d30fc0e23366c7ae309b6682dc654f70,Mirai,arm
f2877683ed5b9030c88b677166d73ef8eebbdff77867528ae77dc5d3e0ffd86f,Mirai,arm
f2879bfeaf5b743943c3f42e660326fa5aac44a52cd12ee0a8cca8562603f488,Mirai,arm
f28c3ccf87cb7f52ae5af8fbf513d7a7d774c9119c4ad9b4f372349b316c6c98,Mirai,arm
f29eceb750103f92411f039e355ee15eeb1f95adb07a81854bc2720716cacf29,Mirai,arm
f2b29fe45af2998eb41ba3cdfd080089e6ec5cc9527e5172d83294e0e6ccd335,Mirai,arm
f2bbb1d0a7892e4ba5ba88be748dfb2a8e41b8ab1eaf8ade2e34a6b804986fbc,Mirai,arm
f2e107008782867251420fa66b1919c8c5301d323b72709c305028756198c5f1,Mirai,arm
f2e12c2414c8419fb77a137b90570187557a82491897a5e7ffeb6e9fd98c728b,Mirai,arm
f31448d54727ded28736d79036ab5c847cd36508978f6aff06935f5b0d25b29e,Mirai,arm
f35649c3b920bc334fcfe9f066d5ec31191a0148d438e3c79a1978996b46587b,Mirai,arm
f35d6c7651f15d962d1f7cc4f9196bdaed15735525e1d48aecc917b08efb6772,Mirai,arm
f395406e8c1b5272319fc05ad74b57c93df3beb37a0fa4639ffb44ae19604ccd,Mirai,arm
f3b270328cbe4844dc8259780ddc69fbc5c872d0781c5b69c562dc68bb6c83cf,Mirai,arm
f3df9d22f41d4ac10a9eb1392624e9bcbd285940e693633764e88e0fa8bd0444,Mirai,arm
f413513476109259af44faf75d18b6c2fee0e9545967626d25126311aabb291c,Mirai,arm
f413bd1240856c343d9d5652cab0575fb9a24da22c71122627375647915393ad,Mirai,arm
f41fcb5b7e461d03438e1632c66dcfbbed163343426f8ed8c6482f3d9995cf15,Mirai,arm
f4226d741712096b26719e5225c3bdfe7ab7d9168746a5c350a256ee7c6d2e1c,Mirai,arm
f42d394ed1d16ba6b272302aae293edb61a0a93e77bcef4977e0a521db733df6,Mirai,arm
f4331952a91f78f1189d566034044e3e29f8a7fd14e41001c15cc3c5df95c850,Mirai,arm
f43afbaf96f10e497addc6b82ae9758134088da719866cc91a1c4c74468ed0c1,Mirai,arm
f44f2fb9f1aefbdd97cf4a8d4c35079b818ee345cca0e7dac8458885cd18d129,Mirai,arm
f46cd6bc51ac78b3409c30310de813d7f3a1594148907426020c16e46d14eb6a,Mirai,arm
f490cb68096137bd376fbfb849279b577a86c5836af5006a01bb437a1c3e5451,Mirai,arm
f49190d2c4e04c10646fd9373e8766b9ee0a3d04c8b027dab9ebe6acca09776b,Mirai,arm
f4b2c24647ba3b74dcd0ad5fe3fb3cf51832479da650a7807f8cd519719d0c36,Mirai,arm
f4c8eaed13abe11de8795b76d73aa2decb15e2405f936bac02f98c955b4eb65b,Mirai,arm
f4cbefce816daf9dfebae4013caee7e0c227eaf43728b9a64e2cb9572bfa62ef,Mirai,arm
f4e5d140f14c1739651418388edc00609ed1abb1816979205f079047561717e7,Mirai,arm
f4e92ed8063ca5d44bbe0f809ad58fdfc26eb8316aeabc1e590af024e0736ca1,Mirai,arm
f4fac39ad38d543f288c8be853f9c588c8970fc08bb7da7b5d88a8f1ce32afa6,Mirai,arm
f52a2dedb8424845c6143baccc97e5a312821b75ebe194e237f70a7dc707e4a8,Mirai,arm
f52c42ae2d7b90161c1f935fc8830b7bfa6cee75ec045e09e5ea9daa6f12c81b,Mirai,arm
f5592e876241021f97f46c8c964871741b4c2f40acfd1e65649707aabcccc8ab,Mirai,arm
f5795043b9190c6c86b6c26b23870eb61af74b2c541dafdf12eed175ee3026f7,Mirai,arm
f58e10d097674914c811cb494567f50812ae7fc3c3c42919f48268c35f2a1cb2,Mirai,arm
f5ba01590df3492a530d19af7f92155f2e822f822a788a0814973e954c9a4259,Mirai,arm
f5ec069f87a976f707f715c6de73ed04d054706d79a8237c4f305d630e42c5c4,Mirai,arm
f5fb54a65d3df53684654ee0b15f531274f77d8006ab23197f79d83e1949e70a,Mirai,arm
f60c9759436e56676e12107107ae50cff5001cb3b19f6ec30f544cf966dfba99,Mirai,arm
f60d29cf126d616d384b4f4f2b3a6a5f91d88fb35df9aee461dcc7703dfca067,Mirai,arm
f61f84cda10253182298f67dcbee7aa8ea689518a8435f651f3f7de4c3641c4b,Mirai,arm
f62bccbb0e3fad72141510cdf34051acc6d9d21f45d4a1d46591e0bd0b3a3f44,Mirai,arm
f6331f902326ee20ee3bc3f9872cdef17cf188599cbfa34c9f2e939b2b4f1aba,Mirai,arm
f6373caabb5a4af04726006c4f07e56863f78c8461b66338f5fe2d2db30bebb8,Mirai,arm
f67f2ee63ee2b509f5add8fd0e0246e6fe8efb7ff39e918007b17e7f1246eb35,Mirai,arm
f68594326e6e216eb48a8eb31cb6fa12a4976f1705427cd70f54e052440a5c3b,Mirai,arm
f685d2189cacbcd6fbe7cd28a53581826af3221936e427610fea27ad998bba31,Mirai,arm
f6927ca5d628904eacd1789eb91bf73cfb31ee186d08ff3e0d3eae3243e8a54b,Mirai,arm
f69c1d6a9e429fac332f7e41d539510e4cfe0674637a9c6fb4924cd2cdb38c82,Mirai,arm
f69d5cab2321a34e21b015beb98192e16bae10b3459b3c46d0cfe495540655a1,Mirai,arm
f6c25d2b8841c74629e7b17de54caa7658a1b991e9b8c8bb3d89f3c19816ad6f,Mirai,arm
f6d4cee621f14ab0739faf9cf1c4cfa893dbb97ae3666638bd29baa68a6e9f23,Mirai,arm
f6daba523484f0c65c2fa0601197d1fee8dd33b477081a3ddf5fcaf7ef29d381,Mirai,arm
f6db2428ba0b7d6ca024e89a82136651fe9f8030d6f8a97524bf6dd67155b19c,Mirai,arm
f72c43eb1ae5e05964e65c8a6a30326d26f1bf2e2421a19d5ba9dc6b85a02a4e,Mirai,arm
f732c9a43df880c97ec1415abb3599e6f23fdf5e95eb1e18f9533dd0a9eb34b1,Mirai,arm
f755ef9daae2951e134b90296dd04e56f4ebf6b903a19dd6f42953da81eb0c1f,Mirai,arm
f7565e706165086a8c88c5ca3a0b97c2be67ebeda4ebd100fba3d9be80b603ad,Mirai,arm
f764146f34600739e5db8305bb6a4a1b0d1c1a48d62160983bed6f6ead303bd9,Mirai,arm
f7894468b064651dad72231a5dfabd0c37017c1d7556f90acd7fe1196ce859c5,Mirai,arm
f7950cb591c0eb40097a290922335768e385c946bde5acb32bf993b58e1aec95,Mirai,arm
f795769893f50896bf3df269b53c966f2f4289f02e3a7f510330e2a4db6bb08d,Mirai,arm
f7a4907d94abc349c8cbad5d8ea4b35c218c3602d3a7fee29097c8f3ffaaf13e,Mirai,arm
f7f782e174012b1cdfa77de77bda2493b0986e0c2d098ed69c1364d052ac9790,Mirai,arm
f81ee29bafdb31c46ea637c8d89ae2454ad08b03c90a7b7d020ad8fee4f81167,Mirai,arm
f82360a45ff1be6c2002528d7a678fb0dcbccc22d9cdc753057f4e30b651ec35,Mirai,arm
f850833f578a31d7be64cd7ae668dc51ab6544208fa0a8b1dad31415edad1dc8,Mirai,arm
f876f3d8a39c824ec83a097f7b2f6e1a8bd918c53d7d9af6391d5a2f9e02338a,Mirai,arm
f882635506de7341e6a969a06d07561e85974bca257790193e07a7c3f89b26e0,Mirai,arm
f893db26989a0599355299dc204eb634923228c0dfe5f1e0b032d29c36029a77,Mirai,arm
f895733bfa563bf8769571325bbbacc8ecc0dd3813e245c2e2feff9bfec9b488,Mirai,arm
f89de2b47314a277e0ab7bc49f2b9b083639a4e5aa2c59ca9ce91bb19b3a7fb5,Mirai,arm
f8bc63428a2d49e6703a62585c01c70247c5e7c8ecb95c4fdd147a25317776fc,Mirai,arm
f916e62cdf26216b309321f5672661e8d1ee38f36a191f503a2bff54c6c3252f,Mirai,arm
f926b8b152feee46ececa19eea9e37fb05aa19257d5ec01c764e5749180d02d8,Mirai,arm
f98ad47c102380290927c6b11c9b3139312a876dd4550f6d5609a3c517ac8327,Mirai,arm
f98b6742caa8af624618ddab8ea8588d8bac7a015893ac4046ba2f8151b1ba23,Mirai,arm
f9a4b2b7e970a1e29416073028ae17fa6cd95188f21d76138a938f5e9c023825,Mirai,arm
f9bfc275211105373bb8fc264c5aee2cd01d1c874b0ad98b9b281575881778a1,Mirai,arm
f9c4313c32c563ea20976f89580c61ec932da0b0196fb146a2ed35e56ada5b8f,Mirai,arm
f9ddbf165b16dfa47daa70596a47e0b06519634aea2cb003b1ef520f67824db8,Mirai,arm
f9e9078cbc6aee63539841cdced45be3f804252ca51cfa8a14d5abbdfa9e07de,Mirai,arm
f9e99ba094955d846aacc8d914e85ee5ad13b4b80049d1ec5053e84eb1c1e9d6,Mirai,arm
fa0cc8053d2f46cd2026cd1fb8b96e432e0948aae8f8f92723f16e926650a5cf,Mirai,arm
fa2252bf84438c6dc721ce4bb2fa0c4ae03317cc717845528eaa0d93e3104c53,Mirai,arm
fa33a46329c69ec63e51357c5ad7d7380b36615b81072e1d76407f4c7ae124e7,Mirai,arm
fa508cbc9070656f6e64a24c77a99386299089077d9c71e67e49645a7f6541e7,Mirai,arm
fa5c0b8d87ef8536c049e9eae19b8c571203beb0195169d2a4a232635425059c,Mirai,arm
fa5e2d11c567ae806f9e7ec0f627f2bca7e86e856af1136251a1fdf91aeac0ed,Mirai,arm
fa60e9c2c7fc439a1268fa1e9dc20b3e66c1dfff2c133c6ae182d04ef3b58379,Mirai,arm
fa61ad3dd2134ec416ff2c489abb187f37a29c0cb0ecfd59f11667aa1c7add6d,Mirai,arm
fa6a904e1dba8718ab6a14f2a70724845660a81cdf4621ddf04f8c5adf50e9c3,Mirai,arm
fa77843d8eae6f26f7d3f0be5874a38228c7280997ed3c5f1342efe9f44e4f1a,Mirai,arm
fa8ee1d0a097f93ef59c8d18902502331c7507edf2deb5be43233610f1cdb990,Mirai,arm
fa933a83051a873d1e7de0ba799f53719e1b16e58d1202976ca7156123b9b814,Mirai,arm
fa9dd2de838eb0d6ade1b452c6095f93a4475c68aeaf71a680da90d3aed8155d,Mirai,arm
facde0ce8c8483e1cb1fd47ddab364167ec2c54453e498ef798468a6c306abd1,Mirai,arm
fae1be69fad0d62e267bd290769236b9c243d84a8420460949feb9aef0aa2cff,Mirai,arm
faf689c91d89bb10a40ce6c17d9c4b8ada2808e773815b9b4cf5328aeced55b7,Mirai,arm
fb1aa5a27a677849540822a2a8416ca4fce3a6dd603f1b2a6783b4009d457963,Mirai,arm
fb2a7f62cc9656cc56847c6cd7e3362472e0e15d0b692b3da88575729043e8d1,Mirai,arm
fb2b331efc42895e433825ef8714c97d46f3869bb89c0230d0d3e84be6affa1f,Mirai,arm
fb6436478cfc7bbc9832ea8a273d738e0c0899d017c2f93b79f79a1942d3874d,Mirai,arm
fb9938d89816b1bf62e647ef8a7c1b54ed26e3a5cc0ec5df88abf917ed9b654d,Mirai,arm
fbc6897193a97dc257ee8376b559eebb8ca30676dedcb429aa2bc6d306121860,Mirai,arm
fbf39ce2a28760791860fbf158e03d151fa982c0dbd9198a7669d11458fc14ea,Mirai,arm
fc170c219b28bc2adc32182d3a330a240827e84478b3a8111a82517ca939ecfa,Mirai,arm
fc644917e01e26f60875cdc918dd9095b803ea6d4b229ff380bb3d7fa165296d,Mirai,arm
fc729554f9f0e889e76634d54246db6f9f075420d36d44fce11474801f085fb3,Mirai,arm
fca33bcad47a538d8cd57f3332a2d8f36bda14686b609fce650a4f251b21d20c,Mirai,arm
fcbfdf94e920728f47dc0437e8d7d2c9bfd650b8d1d74cfd3ceb3739177e5fcf,Mirai,arm
fcc51e714d92ca8adc070f159518a11410da8d6059ecc493fe9008c709e81da1,Mirai,arm
fcccb6ac87e56ba7e1c086817bc7a8e95cdb8309225c82b14e0bc52799539465,Mirai,arm
fce2059db655f7ed6b6ac7c39de5e4f9cd6dc4e4b2b378d5cc5383444473ba7a,Mirai,arm
fcee0e643d29a0a06bdb2005261fd8d66e385467208288db8eb7539886838130,Mirai,arm
fd11abe71b36e0d93ec0ffd6ca748ee26feaa0ba7aac3101e3d9b2e4821f940b,Mirai,arm
fd2a3526399e0a9e855efa692fb3d3181952064a28057ac9247b22ae4a54ece2,Mirai,arm
fd342a29799d509657237996760d831527ad3b14112f12fc3f554356f32e253c,Mirai,arm
fd34a02657dc2cf7b37cb39eb21b2eecd643100a171a2ea2611d1137b756f391,Mirai,arm
fd37dec894470a878ca310b7cb32ebf6b55c65c5fc59235a6d1a7c43db9247e8,Mirai,arm
fd4e7dff7bc9e7db77ad11bd24f36e5dd0930572b01a57d7497d28a371eefd16,Mirai,arm
fd8aa8d8896e8221bab443e8da9209e363bd12480f722775f8578a4ddfaf7415,Mirai,arm
fdc9ac322b3b920826c757a02eae88ea0d85684bf942ed49bba4dfdce17282a5,Mirai,arm
fddb1dbb4a97f757aabed0aca51a5a3d452222f7a91379e49220546c716dfe9d,Mirai,arm
fddd15184dd9cc2859eb82ece524da2f7c2b7d38ab07a3658e5521cd6a1ffcf4,Mirai,arm
fe033fa2aa6c52931ff78e761660a3fda2f4566e5820562a1d0735a5b0bde6be,Mirai,arm
fe1a6a551c567614c9801c31a69e4aa2dd12a711ebcca5831c425edecfa78416,Mirai,arm
fe4b3e788186e01eeb9ce9020ea69e4ab799ee29a9c5618763f1b2ac8047cf4e,Mirai,arm
fe5152e25f06fa2faf64c56b1adacdfadcc19b9f542c84a7c8689a8cccea5530,Mirai,arm
fe644dc719bd6a64d5837112055083287a12cf692f776d13b26fce304c2d2bf5,Mirai,arm
fe901a4fe8fffe4e8882f6626e3ebb69eea46682e1ce79b4c1d13d37ab3c014e,Mirai,arm
fee3ea1706cc1e04042084e466b182afa150038ee0ee6c8b1b179f55e0b25a14,Mirai,arm
fee8cb6bb18d5dbdbd09f38962bee45bb4c4e4da52165993823744462c1acc74,Mirai,arm
ff022428eb55dbc672e349ee716efe380923871512811a79060fe3e322056e20,Mirai,arm
ff0e259318164b9627a3d230d85a7b0d3dc185075edd9112a3451924b4b6d056,Mirai,arm
ff157dd8a27336e421d26cc8d5e77fad8d2499b4e2c55fcdeb5afc9f28174720,Mirai,arm
ff25b276b7afd65886fc53f079163deb1ad4891bc2de0af9b488ba1122760619,Mirai,arm
ff265ea63f7d5a97ba793fe6892ede23714cf8b7e43db79376765f40bebdbcac,Mirai,arm
ff2cb994db921188654449c42b7dc0aa726ef2c7218fd8f3117182e6b66a8203,Mirai,arm
ff2cf42186839c0ce6324a9c01e3808a0c3c3151099528b21ceb1d2d3ed3d4ab,Mirai,arm
ff2f7ae1bdf29f690907e5dce5dcbfdd40df8c20eef30c0c50cd1c61eedbc898,Mirai,arm
ff43d1aa40fef7d60df86a8d74179ccab9abcec06d9c803faf0130559a42de77,Mirai,arm
ff55258913352664be35c4d14c75a917cd58af166dd3f7914f0876d6e1d33fe0,Mirai,arm
ff7dd2b736179f020c7ceb27dd9ac26627499bac66a68de0494471fdb9c146ec,Mirai,arm
ff8e4670897fc3bafd2fbeb899697fd6168e3e76614b8725a81cf55190d66161,Mirai,arm
ffa87f2c12671d775c3e5a2944024c5473db8871e02feb89eb31fe7d89892bc3,Mirai,arm
ffb64690d91625f9102276ec902a9b0966603442c821df8653d8f0172f0a7db0,Mirai,arm
ffed716243d6781340983df787ee3e65bf6fd7c1f605aee7e07f5d4597284185,Mirai,arm
fffff6200035003b5b4cec543bb545f4f43cd795a7eef625eb4da06c9a053f38,Mirai,arm
01bd3ded12b68c3d29d7c70b8d1bddc4b4a3934150c2a28b20d5928fe11d2f56,DarkNexus,mips
159eb28915ce05f82b86acd181a5255f32dab6bc191109b5ab9beef4e78ad98e,DarkNexus,mips
17d271ba2fd5bd4558171111cacf59c4333dc95b2ebaaf37ae9995b7c06ba628,DarkNexus,mips
203ab86aab7c81a19aa4a319de2d8ac0fed069c21ea63a2fce70655595cedf41,DarkNexus,mips
2ad62e3109c730fbb6d3e720caaa4b02d863be336d5c570c11dfd8b9630a5d86,DarkNexus,mips
2f3b062df57cc2d9853e26f3353136286d7d2e20e490d55c0bb1e34410c20a79,DarkNexus,mips
32940c015dfbd3a151f884021af46106e62ac0190ec05772efbed9bd6be58920,DarkNexus,mips
3898fe1675ee06514f36caa1876ef86cf76a45c103088db272eb1308a33dfe05,DarkNexus,mips
393dc7217954fe6a509e39bbf7d8b2ca896a6726fb19c16b51f980f9718f5fc4,DarkNexus,mips
39a4cc18edf40d8f04024cbbe70f4a5af460a59e6c23fc895ab2ffebf066adf1,DarkNexus,mips
510445cf1fa58d1cb98e3dbcef0e4aa4622ed591e8391220267c42ba4edba6e7,DarkNexus,mips
5319ead9e93be786cc47859158a2225f034fc6dc30b1ec7ad827fab582a68a17,DarkNexus,mips
581a6914c7d16e65284d45b8085b9d5527fefe3303b390097d41ea4d3abf49e0,DarkNexus,mips
58529fab0c69cdf6f29e26c3a32079631c11e2a32cc3a34bcbdfff479eccd5f0,DarkNexus,mips
60a840bc925eb7f95f81faf266f1bb6d53c64c442200ecb57a474c2cf8f3f950,DarkNexus,mips
63ff5f7a5d402ce2501836d16b02b39a5e2febc084babc0afd1d1f73c2f2b250,DarkNexus,mips
6534db4dd825ddbf22784aca2ee18608f469b5884e494e3a40003458d1d7a895,DarkNexus,mips
65dbeb01497a4b6f4b6fcaec55093712181c2b7093471e47d967b24ee043bffc,DarkNexus,mips
6b7735bf01df85e1e52d8cfe8a8bb235d8433afe770b003ef58cc4c493b39200,DarkNexus,mips
6d54f1dd88aa9a16af4013ca1cde52e9d01d5c074b7e465ab6bb9ae4dcab20ef,DarkNexus,mips
72068c12012ce4df74c53bdb684ba9eccfb6af987a589cfd0a25ee29bf0bb12d,DarkNexus,mips
72649e74b1d64b95e6d09b984b4c3e6c0d1bb17143b67134915e82cf8c314d9b,DarkNexus,mips
76f7aeaf10bf548bed5ecf77c9efccddf48bbf3e3d0f9a38222c79a161c85afd,DarkNexus,mips
7947412f6be799d626c8ce76d54edd9d2b59cab18ca2b21d1297e1c0c9d222ae,DarkNexus,mips
7be9979a97f97f8034f0a8d3346d3d68e3256ab2639f508dbd7013ea06e39cb2,DarkNexus,mips
a82941fc46f3a2e9f6f5d09c6269c8b968527fe2f0b0a07bfbc7f3daaf13291c,DarkNexus,mips
b18481f62a0a7afbb250ea36dd6d472806416365af3360838e95ad9d4021e619,DarkNexus,mips
b55a5d04181d93e67ca98bccf89e90a5599274af774c62e47d57e657f75ef8c9,DarkNexus,mips
b7764374a87e65e33b8421cb466aff90a53482ae37a2f5da03f7900cf5c965dd,DarkNexus,mips
bcc166f687ef07046e10e4e1f92fd75f54390b16689eda5eac1aea2b8b8f8db6,DarkNexus,mips
c3b15aa34a3f4612076dc0527d494454f5d11f26c8cbaf979978db2d9706e883,DarkNexus,mips
c69703fce906cb68b1f8831fee4faa934b2b559cee6a02c46305a727c56da653,DarkNexus,mips
d00c2b4d65cce899f3451ca38a7e39343f05e7e518991fe2fbf5d408f14bfed0,DarkNexus,mips
d153a69701012da53dd1e833225920c96bb1cb3b965204139e3d1f342717bc58,DarkNexus,mips
d447e3d66b8a5f4e14ea7ca67e5610fe48e49c227101d33e42fd80ae18c2a940,DarkNexus,mips
d6cb6137618169f2fa644faaa39bcfce251b918d9cf3791b92ff0e35affb4587,DarkNexus,mips
da16b520bdf6dd003d8151651deed5de5efcc139245d40dacbf7cedbbb9c5f63,DarkNexus,mips
dd6030ecbbcff329bae7f2c13b8280616e14d1953602fa109d6227bfbb1d9952,DarkNexus,mips
e6eba6a749f9359eaff89401085ef8404f9e38c9aa0b17c7ccc35f60e9290cd2,DarkNexus,mips
eeeb8499b63874a10621f2bf98cd2c72cb7b6445f0a42615bee6bd8df9df4ea2,DarkNexus,mips
f0055cc443aad3f6a16bfbe103b6404def58dbf6eabd2b7f647941bcfa7b8a49,DarkNexus,mips
fef736dde32327dc6dd8ff9f1e91a76344dc95db28e367d5a322571cb1a13ad9,DarkNexus,mips
001e5ef7cc01943bdabb8d4b6c95a666b074757dc2fc05c0c2b9eb9fc6039816,Mirai,mips
004f7f3ab243321250f50e88b5a20b346e6ce54573558d52d19c4b66f0e33e01,Mirai,mips
0055b2920e014ce3ca26098c419367bd21cbc370cb65065f00564aa2c11fbace,Mirai,mips
00b1bd2146d08c032b3bbbfc2bae2bf2de29057b541c3e575a986605219bc4aa,Mirai,mips
01063ac902ff5128d74bcf3d618e7ac84f2a12ed945f8eac7871330f00ca8e71,Mirai,mips
012268e37720944d479bbac5833502ddb2a40c3cf9a7bb6b2dfec93359031cb1,Mirai,mips
01233770592ad499b26a6981a8bf2698189084591212fccbc84b70c5789519cf,Mirai,mips
01f83c577f7dac3364e65f65ce6eb016f5105517773619dc5b0087fe414322d3,Mirai,mips
02411bd0db40486f6d7a807f7ee68afa5c45ebc0ee2c6df4eef89ab3e4011074,Mirai,mips
0253c6808e47f70c92ac7ba43b3c8b258edbe80300d9f0631e181e3335f75428,Mirai,mips
025736b7f74f444b4dc51cfc57ed8ab883d9113a59e9a7c17b0438d5644137f5,Mirai,mips
0285af502b15c6ed186cbf2c7e5ca64c23394373e9ebef3b7103d6b7c5dbe5a3,Mirai,mips
028e9c594525d62ad3c24c200e715706c7598952175915ef0d397866c24614e1,Mirai,mips
0291a7096cb5e51f59de6dfe07f93255f0ac4ea88ce1705ecaa181cc11d1064d,Mirai,mips
03102e9e8d279dcd40d65a5aa1d78828448e178ed33dc0e09bca93850670a638,Mirai,mips
0317513fdcc75dcfc7a86f47ba02eb050addf2c958de13b9e0793f61e570ec46,Mirai,mips
03ac5b6966213558121b7857aefc2ff4e0ce8f35f4d3328fbc866a320dd80a7f,Mirai,mips
03ae912612e58b7eb1b1d99b8a40f52a6e8b5b7e7402922254ea2c57752000c7,Mirai,mips
03c6e4afb1aa6e74194d70b49d2e10037ccbd794fca0e63eb8e4ba1f4133a9a9,Mirai,mips
03f4d720c23753736ed66f414f9a194bb8ece50ac538dbebf5a71b78f86b68b7,Mirai,mips
03fbfafa96cf6dbafdd5ef1ffec242f9877c176b5161814eaa02af3bca518d99,Mirai,mips
040f469affb33754566755397a6600bfc43517643e4d5255acb42dc231988085,Mirai,mips
04520f8b115a7d624338a88ef42788140e678997ee4692cb9c92f79afcfdb5da,Mirai,mips
0492f9ff53ddf0e449f5b15b786c3d1effd7308a061002766574b010a557f188,Mirai,mips
04a5d8f6e86cd925e90195474d254f29ab5c1e29c0902a09cd5e2c1a34ee27e6,Mirai,mips
04d45349815eeeeb9db8917501d68b743db30c1f6437de449957329d581ad858,Mirai,mips
05281980990544b12f03fee1bcdeb2be7bc39d00faf8efa6e10b47249f7997e5,Mirai,mips
0537a8f8f41d0ff2ed998fd1d1794cd013d763358a963cf97de0e96d2b8da760,Mirai,mips
05473a7946b2c2fe7ebca0498ddd166b7100bc668dd0998a5ecb39b0c1283705,Mirai,mips
05572e4f590c602fa3211a521004e0a565acb36460f4ea84ea0cf0bd9a423148,Mirai,mips
055801a583017cdb09c093f780e7581fed95b0e7b7c08ba130ce649a4217d48e,Mirai,mips
057c312fa31d1b1e799b110248bd1715f6e025d4a5e4566af219064fa8224c5c,Mirai,mips
05a49901b0dc0fbc077ab304533881dd5c5bc2563005be9a6f5a039dca441e35,Mirai,mips
06091921c3e17fa464a9396fd11e23da68792a376adff9b5fa39289317ad8047,Mirai,mips
060e4b55531caf9d0b9529c5eb830b34e11a3f92d9f2627f15d9efcc151d0e16,Mirai,mips
06550dc4ccdcd1ec57eccf6f5f95616888a612f46405213cbc65cc43ed9fd60f,Mirai,mips
065e82805a82ec3fab6ee66f866a4dd47684c8d001da7df89189e5d4e7b185a0,Mirai,mips
0683be18ac693fc3f1e5d2ed04d3b6bcd842f35cfe5a20e28bb47cffd561a019,Mirai,mips
06f757d08a6c91c7cb54de0a02560308efe13cc5c4191b77780a917f9fa2f8a3,Mirai,mips
071644dd4cb68d4b7e5f37ddcf54692c73bb758aa2f29a0f5497349190ba48ec,Mirai,mips
0734b52c751928dfbff7d2bbfc51b99b75bc32227625965fa1fd0dbb7a00c61c,Mirai,mips
0755ce6aab2844fa0089eb76fb39bcf5232ad7ddb36c2168445afe2c437716c1,Mirai,mips
076b3e992ee1e67e8d9d6f4a3e2e9f90723b33edd319abbc3e9ae9cb47467c51,Mirai,mips
07a0192fce82c7d1609f216237ae40381d0fc392f8997c3512388b890a09ad90,Mirai,mips
07ad000dbcbede565cb4a6e9bfd169f6fd696b5374ccd0d5b6fd84cbbaed5e4e,Mirai,mips
07afa31bb86c2acfd0e66770b856a13e8e917419ec019fc2c63ff83b240f37de,Mirai,mips
07dad8dee6b4541d436b28512f8d19000b4b7a96f904739a44c37962ae2fc6f5,Mirai,mips
07fde11ea5832bda1eab22c64f17352f27dfd86d9309daf89d9b24f421e7dbad,Mirai,mips
0810d8d7d9f3186d58500269a345ccc07abf2440bdef47cb9e5c6c2474c6da76,Mirai,mips
0869f496a413163ea915c3dc7d93f23ada4c42ed64e1dd3920ca599f79c961f2,Mirai,mips
088a1236fe2497a4d682b202e1a92979d75aa65dd5dc753a5bba19379c62c0ed,Mirai,mips
089c9d48e15c3feeb101f914eff1e18065664fa6323564aa2a44c6e83e87c0f8,Mirai,mips
08a85a448d64c7c7e803f1335bf5d5205acb7382d3f5d65e93e6b66c6560f5e3,Mirai,mips
0919cdec927d06891d9ee0dbfc09cb33a7c708b36fb23c7a7a67e84a7e1714c6,Mirai,mips
091c781d2df7bb29eac19f530fe79d560f73b66c40cff1f59e40ac477c68aef8,Mirai,mips
09a3d2201c4f244bb792553933691ff4e307523c149980dd4d12710218db490a,Mirai,mips
09a654ad3942769e510cb0fb8e2a2799f410d7705894bf803f90e08750f0980e,Mirai,mips
09b7cea73ea71f3b131bd07bd60ac0da78fe4ad79252ed2ab34b1a0618b9c4ba,Mirai,mips
09c58dee3fe6b11bcb46e52d8f940f9a39b7d8ead9f88d934a0caa964a6f64fe,Mirai,mips
09e90abd81641fe8c169b5edaf0ac264724d97b2bd4475f5ddb31bf8fda98f94,Mirai,mips
0a0e5ddd80c80c22ef44345f0426f818351f295aa2ea865ea8a57ab532c594ae,Mirai,mips
0a16f035cd67ca785102451eeb3a19e3f0bcb30f6999b1ed84f8a7255c34f7e6,Mirai,mips
0a1fb86805ffe53cdbb639ac611b748a870118fe2733c731ff01507bf6db9a4b,Mirai,mips
0a6ca09b584b94fafe1f82e2dd3e13578e5534539fb3c2115262d2acb35c5c76,Mirai,mips
0a9a7660ceacbdd248f1b1ef5afbffd387e4742f652a0dc1af1a8ec05d12b38b,Mirai,mips
0acc431a8658dddee0596ba8eed0bdf032285c510c98951fb851067d07a2fc48,Mirai,mips
0b202000f26ffcae66caa9f477863b13243aca74d9cb11214708751fe7f081da,Mirai,mips
0b7a541f28b02a615318ecf81e9ebf84aae6cf74cd2692435dbb341952a0a2a3,Mirai,mips
0bf59073e75d3612667160b8af9873ccdfd260f87621123008cea743b20ca2c3,Mirai,mips
0c021473f58d2fa5d91a291a281a6e09b764319cc202e9dd9de2f2eb05b50e5e,Mirai,mips
0c465a51240dbf901d0ca230025e5e7033aad2ae12f6f6d9177636c1cfd6128d,Mirai,mips
0c7b1bc887e02c67859ffac4bf889302841f7925197592d33936b431e30d7ca4,Mirai,mips
0c808ead9c5d91885924c9b1f19c1ff2ed9d36a8e4e22ff792f5609b46b11988,Mirai,mips
0cd2b9a5c87581e15873f12a0e318a514765fa885f0520024625329d7d63f59d,Mirai,mips
0ce71d2c64d43a2a4b3c2ca6df3fd847e3e294e9404d29f3e2ed57b9502d410e,Mirai,mips
0d10eed341f3508384127d09369904d7a8c33a019a19d994adfdf04bba2fbf98,Mirai,mips
0d41b05e155f1cdef618467dfa638c09ebcf5ad70416fa30db32ced0c7e82a84,Mirai,mips
0d6e4055e91a0feaca2f77fa84c179fa1f96352d09a2ccd8c2690d3015053642,Mirai,mips
0dd3bd2cd7ab6941134b2a85e588957852bdeb9520a6b71122b215cd5d543921,Mirai,mips
0df8c389bb70128608018a60eb6d7803108817ace5a77a15c7a418c83a124290,Mirai,mips
0e93e54f6e9cac9cf6be1609f9e9cc3a3429f7716f96c3657c15a6afa94849c4,Mirai,mips
0eb536eadda56b7e10b7a9d29cc1aea1c3ba44d79b4714b128c71351c09cf1c8,Mirai,mips
10013495acd442632172b37809853a9f904c93d00616fc0a79e96194a6e7bede,Mirai,mips
100b6aec74c449a42d9dbca00a68591b1c1512de06e0fe452533c72c183a857b,Mirai,mips
103507697a6c7c5b06735f96e9e9a333cac1181f0d72f891ad72c471c10ed827,Mirai,mips
103910b67337be655331d4bdc0a39b4903d585724dffd00d91d375e01d859ca4,Mirai,mips
104136a1203210a6f450fc2df169179aea7a5180851dabe467b6b2d76964ad95,Mirai,mips
112235040855c68f32e939a603d0c8a1f1647cf90c4093637f7968a01deff51d,Mirai,mips
11301d048ac0d3c1a28607f99b71f2b45c0993796bd2f1a7ec63205dfa9dfedd,Mirai,mips
1177b770442a2e5a268c24cf3f8697317efb18b2c7bdce22c819d7aff7a2b661,Mirai,mips
11bb98c1f9d41e0ad7ec68cf6ac863501cef8c1781f7edf08e554ca97cfac021,Mirai,mips
1233ac9ef4361f7eae6118ba9542c6b332387d790e06fdd71c0bb932f0e160ee,Mirai,mips
123669e07d21ab9b39d86698260651a72f24b9235f99fcc803ff4dbbf554bf2f,Mirai,mips
128bb00621f999caf530bcd4062fa1c5eb13057433b73bb0b0af1339ff434a97,Mirai,mips
1297059aaf7be8be655b022084620ca00fd4dba156b63487efc5b32d5bdc4d0c,Mirai,mips
12b32f968b3cce3e1ae5defa1bd523fac2165f8fbe112f63d041901c6156736a,Mirai,mips
12c300d0bf57e05e094dec570e4f42ace565b5ee2c6a404346d463ecc003d51b,Mirai,mips
12e3cbaa3a7b93e765b15e145453048a4896f511473d14e6b66563ec1a32de56,Mirai,mips
134dfd0bea49e95bd69b750a17593a0283cf71be19970d9ba5e4a7a02e0458e0,Mirai,mips
13764289171446a04f4907db5410350a52e503e2bed2b2656d4687788c71263f,Mirai,mips
13be8fd15f85c2103631be629d6b1ea1bdedbbbb0a5254f3b0fc0237a92e1ba1,Mirai,mips
13cbc5126ff521616e934b2050bdbad0a58f88c1d5f71345f9a1c050b3052ba7,Mirai,mips
13ea75e9198c600e774b968a48e3cd1b6033f6a6abdd42e0aace7ad9cadf4d15,Mirai,mips
14048a4a7882dc8eae102fb042f5c4a1dc3ef14a99737b47ef2c16955aef5cab,Mirai,mips
14196302a70ad3b6bd6acd0d2ef4b10fd1b5db8024346f6d3b762fd584e547c7,Mirai,mips
1429cf0a77abdf9b7168c9227951eeff0a15210953112cac250dbcda740207a3,Mirai,mips
1458e15bc3fbddfd6e4fc17ce941c967c7f7f6d1288bca12c4ade06fed868de7,Mirai,mips
145ac3b195e49df4a59007f06fe865a71ae49d7816538eda065679fbfefa7395,Mirai,mips
1484c4654365d7626abfd2d350e7b910cd06a6ecbbac34a477d9c3e8badd1d2e,Mirai,mips
14a4c55f935cc2d43f06480148b4952258cfa9479457bccc4bb1bd89e0a7f8c4,Mirai,mips
14b5a714210ad9239d3fc3c1d871fd28fa183297574695c5d67f763a04a0bcef,Mirai,mips
14ccd005b0f141c4930d1e2f65fcedfbaa699dfd89da05ad638c9b2942b93517,Mirai,mips
14d6462194bf28f3810e1c4e43c23a7a0d9b48125537c86d5a876f671fc963d7,Mirai,mips
156bf00613aa53e6df0b3fa4ebbfcb40bd07a3fdffd75d208b48aabe9d01a45c,Mirai,mips
159afe404ba0784a5197e46c574ca7af10f99500971f6fc95791685231944eef,Mirai,mips
15bc7865654cfb5ba21ea601e549a072c015f9d73f2d0299f87c880100d0523b,Mirai,mips
162ac677c0a3efb6ddcdb8d611c4a0bf7b5283870fd08d251a8385772aba0d00,Mirai,mips
1669d88f9a589ab3edc36c3983da75c0b03c0d764a048ec0846e0280a6b06e11,Mirai,mips
168dd33832608e27306180440084d74cc033394c2a46d4f845521353dfe7baae,Mirai,mips
16a2538819ceb85426693e5b943becf7daa7d694c9bc8ae6b9eb67edb91c209e,Mirai,mips
1722bf2ef484b3568b8ba3aa89a41509b3921b04f27f6c95417b8c94a4647fd5,Mirai,mips
1731ad02c2797ea1a8a2b0ecd565a67cee510c0ab61c9965dce8654ac86c851f,Mirai,mips
1742a7073ca29bde8bfaffcef223143b9f3623aca76deefc7a9eaac1f86ecdb3,Mirai,mips
176c337a62932d40aefb262087f48718c37ee2ab89bae1dee96400f8a16e236f,Mirai,mips
17a2435c7cf4685f10c9aaf54d2dd09b38524c684f4cef4ef381ca1ff6dd6c78,Mirai,mips
182ee1b2fd5682fedf5c9f3877ec03f0b3b8de59231a843fee8225417a508a23,Mirai,mips
188ef6d331d821e386ff636aef538b06746eb0a1e8c395df805c0afa7713aacb,Mirai,mips
18da3357634c9a761b0b55aabe19e79ec7f002725725e99d477d4682746a4558,Mirai,mips
18ec1bca820f76e7078595799fa2b8ccdc4e31b315cdf40d1c5a9a6b5d173c28,Mirai,mips
192fb957aa1932ca14eda11d2216e2e6dd1a9a8c8be235b79cfe12ea0158343a,Mirai,mips
1940efc7cfca09b0c788600f96791030950b9a2f43d0c500d5b5fd6df3e3a0f9,Mirai,mips
196d1b638ff88103f51a3431cd255a5794c868884b8a783a00195e9481fa65af,Mirai,mips
197501b701710e3687b8a8434630c5c7757320ae0e90d4bcdd9e9ed83402334b,Mirai,mips
1990c464b4e1c1bc7f1d638e47d723b39a74d66ab11a60e4b705a20e477b4605,Mirai,mips
19c1fdbc570c91ab641c42e142023ed2f598662aea1c4c769bb4e5f10e1a954c,Mirai,mips
19c4dceed07ead0baf859b6179daa0da3b9ddb2a5cb9a3ded40b2dc3d04b3314,Mirai,mips
19dd8a29a9dfe8045df63a756a193bef6b51a7ac07da83e8b045aed53a66ee7c,Mirai,mips
19e0bd2c89d7548bb8dc850a443b7702076972e5894ec2d566f73557202fb3ff,Mirai,mips
19f6423b4d6642b343c5517eaa59e81d439c6e4b780bc7c8f3b345a7ebebfc15,Mirai,mips
1a2244213fc48a7788d84fd8dbdbb7c9c1f2359062b890f51cfcbcae10a61c0c,Mirai,mips
1a511ed17857b3e4f59ffba35a92ec44c242a1c3d558bb2828c23f3efc06a3f4,Mirai,mips
1a8a783f9a82cdc67d79449cf4ebe3697cbc03b1087ed3090d562f6f2f0ea990,Mirai,mips
1a8d84742364203d933395392c3672aee8cc1ebc77fd473671b3caa21d1395ce,Mirai,mips
1a92d0da6e1d590e5d602b91d0e09e58911352fb3afb3e83636d216988e0a6ab,Mirai,mips
1a9b73963df1a20a401c81b0e965e30e576234029c24865a7bc7aa63dcf0660f,Mirai,mips
1ad8609114a99fe33d2949fc4ae3636c47b34a614195bb9002387e47aefb91e8,Mirai,mips
1b1453824673ec149f6a992a03288cad6343d3b0fcf37af23c5c471b72d457dd,Mirai,mips
1b3cf6d8c0cc6d0ecbf0d7db54cfc797cd5539f11bb024fc5f234ef1b27dfd38,Mirai,mips
1bbdf8559bd6426f0f7fb08cf661423b7fb27e4952d5df2fc40f3078ff4dbf08,Mirai,mips
1bbeaf73a244ccacb7f84b68e2ce85fba2aa6d890ad8fdab51eca2ff15cad33d,Mirai,mips
1becc98e36ddf2de7613a09b1444ae445b77cbbc8e8e0956a83fb0c1dbc9a618,Mirai,mips
1c5990172988c0310ee230667159b68c2bf8f4cea0630b91c5fecbb06ad9dbae,Mirai,mips
1c8ab761830871143cbb8e5547a468c0ce592840b533cf26b54ebe4c41999418,Mirai,mips
1cc02a536d682bc8bdfa240aa0b6d1566200777db13a04f1b190cf40e3da3082,Mirai,mips
1cdb4afbb7894662f0c6dfc6a9401137329332908850414476aefdfda839b5c9,Mirai,mips
1d38f176ac70caf7e174863797b6f8db30e4d38ee33baa3df02b891fb0a985ea,Mirai,mips
1d58548510002986581686c990d8129a2de80eaf04cadf26387e2a2a24548314,Mirai,mips
1d5a20e7a80326657d3bcea70b720e27f4c571157c5d382b8f37a337f58a6aad,Mirai,mips
1d615b5dc28f0813d51217a1221edafad446c69910f94f42793a8e17242fdbe6,Mirai,mips
1d81fe858ff99f8ea76bbf19647d2dc69baa6b26eb31209677b877a961a46885,Mirai,mips
1dc5350c32faf10eb36e9a2703cac55df6ff9fc70a5d1157835eba9eab29e882,Mirai,mips
1ddc163a3a0e1d2d83035f96b546468985cee9a8a0a04d39f1e7a76caadf30df,Mirai,mips
1e0579ce621d172b5d016b608dc67c6052604fd7bd8146de6629624cf18f932f,Mirai,mips
1e0ee34e5eec521eb10588e1c832194f0091d2c7eaacf27a584f375f2535f60f,Mirai,mips
1e5f96da8cf2bfcbb41eecc50e84c519a603d10b052aa9ce4a7ab6203bd6ceb7,Mirai,mips
1e6258d2bd2f332a908ff42b6745323f46a9144c720f4ffc71f2d8d3d1bb03a5,Mirai,mips
1e75ad90a6b49cd011f089620ed30cf80fcd89e8b55fe4b4e90af9dfe4d180d9,Mirai,mips
1ec9c1bfe5e48eb6b1bca9dd50e9e54ab706a2c35052f135619315bcb320009c,Mirai,mips
1ef3dcc7de664a6d02a9fd1d5572ee36600adfb712b931c5cc150b9c683b3a44,Mirai,mips
1f0f967f89d8cca3e243abf5df6b37343f582765d5a50c4d901c52a55d43fb3c,Mirai,mips
1f385dd4dc0abb4aeaf4d7caaee64f5229fa1883df01b228deb9501ed48bdfdc,Mirai,mips
1f3b900438fc4e815ec5063a345186d2850ac84ce38ee4206c99bfaba130d756,Mirai,mips
1f4c7c813028284b76919e0680eb23ab927add97fa6eb5fe218757f3793843b5,Mirai,mips
1f9657bda59ccc9eabb1669bef5eb0dde092db2493966c027672e7253770f9bf,Mirai,mips
1f9fc613ebe334afef731faab0bc504df0d74fefe8605d75173efa6467619e75,Mirai,mips
2005348bc31fcab3ac381cd990cabd0fc738ab3f8b64e6f804c2a7127a5f00de,Mirai,mips
204f66c5895790fd73f9c638be46997d6d51565dcd93ad007fcb9e81dd9154e8,Mirai,mips
2062014c8e14c9fccbc3fa2674fd081477648b3ca317375c30ff9ddb10a10a40,Mirai,mips
206edd5e96015fb0dd8d12e75c17406adaeecc4670d2f66719e4dd57982a009e,Mirai,mips
2074487069488777e835c320724fd68b7cfcc05b21713977e8006a53ed017895,Mirai,mips
20784065b69d985b14f5c1723fd5a66aeb81c7dfe7814ac2546167e2a3e9c7d8,Mirai,mips
20a4d5e7cb0821ea6d5ee3b99665927b9515c7b02efa577fdc222cbecac6d4be,Mirai,mips
20da6f645874e1557922a00ac407683d84c310109487d3a963ba4012708f186d,Mirai,mips
2162c194ce88d49a9ab9bb09d86ae33833a9698c2d6f38cffeb6d3958caae0c5,Mirai,mips
219382a6169423a1c2c68075b2a34eff771e0231c5156f1261285e3cd64ec924,Mirai,mips
2197996c6c4b4a1beb9274391d2b649b90e5f200a6cca021a3f6f68b37a2da27,Mirai,mips
220c9efc2abefd466e153e3b739574ff550e67e975f3e55bb7530ddaf84f9663,Mirai,mips
224e24969d2156a84e53eafb27679f5bcd10aeabeb10bc894d0f0004472de408,Mirai,mips
22b2c0c2a27cc5b9a96cd42fc8d5d470d50be8af346ecf784a03b0400a721326,Mirai,mips
22ffd9027ec7dc88253393b83f2aa9d22d3798ef17a71b9e0815dfb031600785,Mirai,mips
23115fedfe3f4de7f8dc714525ade0c0a89ec95a7472509a559b93e833b3cae9,Mirai,mips
23125b5947209f4586767c82c397ef3ac01a354a45108187ed12c77990640d00,Mirai,mips
232b0a158157932eefe4b1bab6d8ab59b0b79aed3e8713c0cd6ed9e21801814f,Mirai,mips
2339ef367b62c71a054cd6dad02d69ea309b1b90f54194d97a825126c6eb0434,Mirai,mips
235c600742c4fa7a5e6c035537697c191b66d789ce9b9e7cc962fed160e9c69f,Mirai,mips
23a838a75ad0caea8a6877c7f5bd8f3693cc30bbf1cfe5f924ac3580cd5d517d,Mirai,mips
23c3ae3eb2c0a3f0f9f3a813fd98c6c9b4bb1593f0685035462d92dc9d45d0a1,Mirai,mips
23f2c00f12c334f22ea23354510f2ff1c5cc47731ec5351ceae736cfc741d31a,Mirai,mips
24060a7eba20a6e6cdf4f7f6123efb10383142ad5d3f6fe3a1b9c4375c26dc22,Mirai,mips
244403b6a6e2118b71c4723e1552330ea99c9ba255ee55f60817aea4dd307d61,Mirai,mips
2483e8a6e65cbc18ca48e3cbb19632f19dd935379aa455e196d5ce079e3bbf08,Mirai,mips
24a807b4e8e8851c0f1fc761178ae29361cb17115c76313ef09ac38772013a00,Mirai,mips
24b0f1f20997a62387fbe237efdab594d79d4414c449ac1a59a44f3e2a10c1f5,Mirai,mips
24e7b9e4742b044027f81c94e68d2907cf9dae31de1a49f91a787279bba8e720,Mirai,mips
24f0d7b989984810419353e10395913923cc87e71e2321c7be17ce5cd260de71,Mirai,mips
250d6ee4efde0e6f4794ab1d3dde1cd16d1fdab2b6593f94904e5e7db36e3521,Mirai,mips
250ec2f615f1a9e5b414692a95928308571224a4908327104e8a69c06e987a95,Mirai,mips
25109d280845f149bdff9722345d405b030ad48b0b29ddadbe2e44e36404b8c0,Mirai,mips
259383bf5f05e2085a803a7a5e7efe069f1c6770e9b980da2ae1bb20b0b9aa3c,Mirai,mips
259b374f496b6400fce2180e889a1343dbb2a2752ad397109d871be44f1ae3ec,Mirai,mips
25ab8dd7ac88468b456c9846bdc6e86738eae214d7262c25e2ecae80ee1a2abe,Mirai,mips
25b43a64beab7af5221a871e3dfc06122d179b6def70eb848a5526506df9e1f4,Mirai,mips
25b4543674dadc8fca868cdc37301ff5a34ba10d53ae4949683ab429dd5ce44b,Mirai,mips
25c61d53d712269a6e5c5dad5b198708edb5b8ecb68deffea8557af862e432e8,Mirai,mips
25f1069ad86fe9e21c5bd098142cfe877c86a1ea06f49c7ba141eda7935d8347,Mirai,mips
260657b0953701f4b8df4a2332669b23c082166be0bfcfadfe5cfe56621c06d7,Mirai,mips
2609d0aeed9dc30ded723ff183287834cc8d00f4aca30dcdb2650515b1470230,Mirai,mips
26147bd7718190e72287e2ced050709f502ccf14b890295c34ba1adef055e6b4,Mirai,mips
265ace1283ce2e56956b6c4cd17ec5e40b60c23d9c1955e4f8497d64a3085f0e,Mirai,mips
266b62f9967d233a499ecbd91915c8ea9a5cd79690ee65ae5d1da65d2d0967d5,Mirai,mips
267f9360c348e87301749fa51020ffbd2124ac62dbc7d66f8483eff4ebe389b0,Mirai,mips
26aad25a37ca18d9dc51ca1d9cada68289dcc74eec1b014a767eb123bdb44093,Mirai,mips
26da4aa9d9427cc0bf3fb15a2d3b2a80a5d3655ace8b5c36b77724d3d9ac38ef,Mirai,mips
27146a49cd7bfe02b1589780d2b41633fc14d1f32c9d7b2ef6f2b2d7ec2ef376,Mirai,mips
27834490fe513b539356a1ae755660c18832cd6b36b1bd884eb971b80d9890de,Mirai,mips
279a477c002218ad7a6acaff4b09d9bdeb0eb41b20fc92f3322d1b0cd7016e0c,Mirai,mips
27ace3c6a063b65a338c2e735af455c11a45141d1c708d724baa878b7ceda88e,Mirai,mips
27d9e111bc5e40038448826bb4aaf7f1445d55e79d60fe3c7e9160357865876e,Mirai,mips
27f46aaaed605161aad529819ec8df8d5fb9bf340f01ae38fa487e3fec7f8520,Mirai,mips
27f915bbe23f808971ff50f2923ef7f6fd43761f377e63a162cc23a7283b6e88,Mirai,mips
285081842448cbc22abc059b8a9d70be59c77bac1f3632579e1f8980149ebc04,Mirai,mips
28f267569f564c86849ac7554352ce980eea667a58d29b6f1c82f3561fef877e,Mirai,mips
28f5bc5351362c61ea43038f88c5842560441fee4c4caa4e146e007d920eb120,Mirai,mips
2901785eee5eb4e5d3abc1460fa609a371f20e4bc5dd001fc0bc89878527fb79,Mirai,mips
2934cabfabe971253e829c7d3ef8621f8f62948bafc779342c7cb5d562a9295a,Mirai,mips
2941bc9f4c72601e72e872cacea75cea0079c64c32f7f701b80106f4266a1a93,Mirai,mips
29c775134d9ae3023884960fb8bee562b220881b27655701b1a38e7edc6bf2dd,Mirai,mips
29d59016ee3ca57dd46a6c8199e96e4e8671cc285f9c7e2cff3c29d1f259b024,Mirai,mips
29efd8ddf62663ddd25fae6f169bc090ebdc53464cf379d19edffcdebddec797,Mirai,mips
2a4dde294c3bd23e6d46d48687fb82350f57a319d39d717a19382c5f702eafaa,Mirai,mips
2a5b147cae7a6bc396925bd46f0a01e7d1347734e6511de80e8dc6539147929d,Mirai,mips
2a6343e166c748ac4414c3201c7f10b71b9ea72b5b9ed0f562d0bcc9bf9ee774,Mirai,mips
2a6bc7c935f99d26dacb7937086b41ce5b9c1b8e55909093ccba8d4324f8ce81,Mirai,mips
2a9355f40dd7ed92b513f0716eb43cc409c504bf1f4c0a7baa33405afb18bb51,Mirai,mips
2a9a5f4ee2f992de33e673bf1ebad1101d2be9b0fcd11479586b3c30f6bc2d07,Mirai,mips
2b03a01e760e6251b4d94411179b58e32566f2b67e6f4875eaffaab672d191ba,Mirai,mips
2b4ca5025cd7dde82f3046a0cc44b34e75ff4e94f324095380ebb2bc7147a40e,Mirai,mips
2b795197ff3518100b275fd37df65ebe29d0a613c2877d1f1b4b1b1416968034,Mirai,mips
2b96466717c515f676e70dea5264e9d071a7babeadf4343bd1bd1119b1d20687,Mirai,mips
2b9e5677617ed01d2db2aeff6b1c7d098c8654e528faf3c37448837b677b788e,Mirai,mips
2ba35f86e859dfc8026357df4805c0b91f416e6c4c5d0866a9e7209574169aa8,Mirai,mips
2be51df9d37ea015cc523bdf6bdabe9f309de68f804de9cbe95d782a2d17232e,Mirai,mips
2bed71166739fa5cc7555c7f3cf1ddce3c25f4a6b545ac6b27a31cea996b28e7,Mirai,mips
2bfb0bbc696eb1d1402578362db47dc78a9e68595b6e0d063782620ae56ba277,Mirai,mips
2c0f4452d807f04a2010665004b3aa651719f90989c039578298aa6ff3562a3c,Mirai,mips
2c4cd14b6fa24b5e1407884accf7cd5342e244c9b4ff7ca72a49f30a87e5259b,Mirai,mips
2c8a1a2d10cb10b8d496e3105cc8e13c7c2e9e1cea117da7c10c9c5d3d895acc,Mirai,mips
2caeb149c201c02c3bcfd77c654f24baef802ba4fcfe58006bb346abae7c8d17,Mirai,mips
2ce68d02a3287b8f4408b1acdd27a050a52508988ea48bd2f96ca64f43877c2a,Mirai,mips
2d428779dc8c41eccef43685587d052318fcb5bffbd297d006cf0545cbb0a043,Mirai,mips
2d50494ce3e51fa013963c2e3806862e71578b7f713008b3453919b005b24a57,Mirai,mips
2d6af26164dbb034e9ed696092138444633dc01ddecb03d5ff752098631c9cf4,Mirai,mips
2d6afeec8a37b3182b719dfcd6d21e39b7a67afdf3e33d499a477a11bf6baec9,Mirai,mips
2d7cadaad70a7ff61285f545ccdac7e3d263d7b14ffb9cce8eb408c9246c8512,Mirai,mips
2d9dcdc5f66fc728ec229a33dfa845c6b8217d4a34bc916c6982cf3c97df03e8,Mirai,mips
2da76ef19cd79417e563e4ccc4e9c706892b1ab0ef28f03b1c054b48a0ad6d38,Mirai,mips
2dd23ecfd744acc0a4deaf36ed8bf0ee205c55df71bc0aed7e573faf19334351,Mirai,mips
2ddec617507a71355576093b1c33b4ceae7ec9b99fae5e106e60c1bd9343106f,Mirai,mips
2ddf04643c880db3a6676476809289f2234cab68c6005e00617c3dda593007c5,Mirai,mips
2e10ca5ac544077889e1d4d9a90c418151cc8742637a18619b002a05b5e6b07b,Mirai,mips
2e3e1325834aaf3ed4a821e7e3a834374959a04c0ce863195f79b8feebef88df,Mirai,mips
2e5cfb8db22eb96fe5588b440ff2d265e6f8b59e7b34c1d310418d1cf64f975e,Mirai,mips
2e76b4ea35802e8f0df5a963c6a615a4183fe9ed377057929ec186540df0971e,Mirai,mips
2ea00733d5746eabbb0f35ae4955a193736fca8ab2d8e4f7d81e8323e1722acb,Mirai,mips
2ea3ad4210f20ad1472a6439a37327a948e69dd73a79950e6ada08eb82caa799,Mirai,mips
2ea5122b02622ca36c1769f38502a9857695d7bd7a855f48a7c03abb7a22574e,Mirai,mips
2ee2d721d2a608d9ba34a042f88f9544fc9392200c35d07707b6d646e80c1414,Mirai,mips
2f3c2f911dcaa206ad1a54abb513e45db2c631f2d2c58ba9d73449ca5bc0db39,Mirai,mips
2f8ddbfe2393fc27be5fbe7d7970c4af0d7367d6f2a135dc99787f3be99f2a04,Mirai,mips
2f92039b2a335e2687ea071f2c8336260e21f04779a5729326bfc43c42150336,Mirai,mips
2fc4bad167b8c4c80cd24d07e3424ab90638897a3a3cadb641b8cd2683ec582a,Mirai,mips
2fd62d239a2232a8391f955b0c33a7cfbc23b042ee4e2d10b1681386a833f5b2,Mirai,mips
301ca0ae0f00af14fc4398f2287b40130a4d32f3f666496c83a9fe41d4cb341f,Mirai,mips
302306fce003495cb4d3346802f3ba2a5808bfc889af683554bec9d4ed6b9ce6,Mirai,mips
3030fb455f8b52f55e9110865784dcf0d5034e7b0d5c7684b92093ea745ebb82,Mirai,mips
307891de4efdcdde8e872b87ed704ae697bc828987e6b565773bc623c0b16843,Mirai,mips
30a5475535327c08f9ac2245b143e831de52f52e17b606b608d2c6a2b0ddffb3,Mirai,mips
30d94ecca93ea380877ab12c1822fd8152b76bc21d887181fe9b062a41f35647,Mirai,mips
3116b20e81e504b968138c142cbc6de5ce06b573a777cf4e606f2ef126832516,Mirai,mips
311c2a27c53878b3365b3c1c52aa304691e1d54c82c14942b9a221c4fdec5779,Mirai,mips
31241db269ab1fcf284888f92a4fa73c2391f684477fc28cef0cea1d81046d2b,Mirai,mips
312f4ad27ba20ebeccbd49794fbd204e12f92d895660bdbd838752769af184c5,Mirai,mips
313bce40a9fdc68d3d7d024e1f36beb8a13cc0a63fc38b02cbcddd4f27d5d8e7,Mirai,mips
313d6818bc94b29b9956fb18384395534d570ce9832428f137ce90c896ecdff6,Mirai,mips
3161a2ed40d797e67b824827de2739a43af0a28f30a3fdeed926af54030f29c1,Mirai,mips
31671f737bf52fc1c1328b8a2dfb89efbff8ba7794a19a718fe8b53b5c23db13,Mirai,mips
316b7906411467c7b6734416231f191fa5b250c57cf68967413d3edbf98d04bc,Mirai,mips
319a5a8432d0c1d1202ab0259169cab856d75e37bf931c530ee5813f84f5c6a3,Mirai,mips
31af49f6f5bcb9758f91b23eb6397f25614413cc9fdc2498ca89e8f4e8b92422,Mirai,mips
31b18676098f987c9a46423e365f8c67bfaec7539f92ffbea799b300eeed68b0,Mirai,mips
31c3f55029a7128996f6db16ebb2ff3eb0230b1e70f23282653d54e5f3c3dc15,Mirai,mips
31e981e3f5ad4e690546c0e1c731c50634a33e5279c8e6df88d5b0e05851b002,Mirai,mips
32293e35ee46b3aaa6ca49c36a8e6ca12439d96311c2a120d934c67841fa9398,Mirai,mips
32535b5e01c6b4b4807d957fc32e28c0f84cc6b9598bb207a5ec7063d0349ddc,Mirai,mips
326c4d325a2fd98ec9fdd399c82b903570dc576a35de0c90ec76ef04fb1284f5,Mirai,mips
32e73d113019d360f048bb63e02b9ccc798bc8ad962b24f01e3d9dc969ce0114,Mirai,mips
32f18c49476901fdc42d1edebbdf7369bc27919ecb12812b76a634688b8682c9,Mirai,mips
32fc42f1cf4ec4fc5b1f8b3339280f1475ca3458316e131be7fe5baf3844d4eb,Mirai,mips
330a27117ee7c2d0f3ae47f08081232fe2a902f4959dd3b371053e154619c939,Mirai,mips
334214356a9f7798593842d7a28259a5f30e170914803c56ebfd17383406e4ed,Mirai,mips
336254e715cf12bbc51e2e866597072a376b6cf6abf9879860953fa58a4130cf,Mirai,mips
3392121b235472915225902d404e7e8aee0791c9f8b532743276f1c913cb0a35,Mirai,mips
33a85bd23656ff4551d74fdb0d786d617ea1d930f5690cd8580f41bc1c075643,Mirai,mips
3429b634d18ce22d25c3d477f0f479eeec71be9aa44fdaea57475e1c4026d685,Mirai,mips
342ccdacd06d38696a7900e570450109ea416e7a10a1905b2238fbd47c214aba,Mirai,mips
34a5d726ea29bedc67bf434748de3e2ba1ccf5fc09241f4e0cc24ee21b1f8714,Mirai,mips
34b73463c4ae48dc8949142b49d677e7295a7a4f1864d56d62c1fe41bb25a16e,Mirai,mips
35233e3d313e9bcad9649f1b10bd60d46d934ed24c7e9ec4dff8241ba26bf62c,Mirai,mips
3588f99909057c237ceb6ecf6c221ec06dc6c307d0b6e52cfa32155b9b954121,Mirai,mips
35c6407508abcd27af4ca0bdbd1c87163b10b8a281e9fc996de7534ea79404c1,Mirai,mips
35d144c79fd23eb6c2838d69df2c8b280ded497516dfcdff038ba39ba4ce973b,Mirai,mips
3670502dc786ef7b8a6343ca2cf7eb5923c0164cb3ef04f740fee47c0b54720b,Mirai,mips
3674643201654754f96cebe45f447e386d5c6736d5d414483debf163039749c3,Mirai,mips
367b8b6e4e4c8adc8e973e599e40518bdc560a4a0b99ec506a74723f34631dea,Mirai,mips
368d51207364fd3d51fb207706ee54d3d65fb4bbc6d4d6118124a1abc113f9fb,Mirai,mips
36b2eb2d0f84e34cb395bd7c007f19800a4bda9c0c7fff94c13a1e4077c272d4,Mirai,mips
36c05973aff51c3ae6b8dd66107d353d3edc88497e995234bc4d760d8fdf74de,Mirai,mips
36d4395cfe04e2bfecf55eefb51933344e3992a69192cb27cf1f457bc22ec87b,Mirai,mips
36ee5c69972fb5eff00790b24449721f8316e27712edd685d69b18bc243c1bd8,Mirai,mips
36f345989fd5ef132809e2b392a0644d236069432e49b67d16ab0429d595774b,Mirai,mips
3797301fa2b17483d3c37258a924509dda7ef38c121ed6f7c0254eca9837b46d,Mirai,mips
379c87952b2d0ff0eb773b4e3af2b0844de05d98f7a1ba2431c6920c87ea4c98,Mirai,mips
381228c085cf585582c9caf8f53c7b5d7fdc07fbdbd0b995738fdc87e68a89a7,Mirai,mips
38489e2a4b9f806c1eb7ce0bef969ad2f0c58b9c9d7bd8f031cfb5891d5848da,Mirai,mips
387c4fcb6f663f74b9dda4778bbe48aadb98e8a97aeb94adf244d3d4ba62c3be,Mirai,mips
3883331005498830c3d818af853f7b3e0a1b444bd9d556a9ca9782e739b522e1,Mirai,mips
39100e378877b0d1d7ddfe25e00aec3a530157ba8382e2781562c6ce9659f625,Mirai,mips
3923cb53d7c3f67814e920e429c6a3fb318682471e6faa048ee64716dd4affc1,Mirai,mips
392de9c817d8addb68a32a563a6cb3f980f494e1e723f35bf8fd816a68608251,Mirai,mips
395b5ee04e8cd4fcc6b4cdbee52f3812705d4d04bd59bbb56ee1580f40af2a9d,Mirai,mips
3963cf0574b7628028bd763ed0523028c193838022c5d9b766cfb0073d474d07,Mirai,mips
396ea3919991eaaa2b66910c7dd3a051c21ca2387194b7a8ad5ce8fd681c64ff,Mirai,mips
397793272322b7f2920a5be71c3f5ab7c993bf5f7d8e09e5cb6c9da293120764,Mirai,mips
39bc66adaf917f7efee8fa98227f5239f369110fdeb7c79748cba915edfd2629,Mirai,mips
39ef6e5ca8e8495f32efcc2e6d7477a2bf9e7524c7a7d9ba59a0fc9966dd472c,Mirai,mips
3a075e4144ee0c65bc9f2fb5418c53d508db5072805fe2d4bbdc3c892f92cfe0,Mirai,mips
3a3c266a6cd4cb7e1ab51151dbf5a9144460dcd8ea81ff44dc00f6f267372a86,Mirai,mips
3b0047343460ecb4c5b076afa96f26d093ba7e0d7aa59335f511a71e10dbe596,Mirai,mips
3b3932ee80e9c64b74994969bcabb246f91a98dd0352fde869b77be64fafe25c,Mirai,mips
3b94a2511aaea5dd1949566c8941c971a0b462866481bcf9c9a2f16bb1081479,Mirai,mips
3bb8cf7e38f992ff2fa6e351154fc6a04de8b6162784c065f148352da4e70a4b,Mirai,mips
3bbb5da22494a776781e0cc8904c3c4f288931f30a17fb74287239f7c9626c97,Mirai,mips
3bc3d173693f64469075a0b43980c501f38458fe710a60e4342351339644905e,Mirai,mips
3bc444538931b8bff54c2c096025015535b2c9578a9d7977b5b4c8e395ca29a9,Mirai,mips
3bcad99981f686b0ed6ddd5c7b5186976c20c8e919940ba40184d2160f3c0137,Mirai,mips
3c0eb57e81bbe6007435606aa7f60faea00f5b2e28242b886396fd367d7932e6,Mirai,mips
3c215f919ac496e6c77c740c61a5b85a704285d5d33afa88339d7e931fac217a,Mirai,mips
3c30f951ca803b2eaef9509b8177bf58309154f11ec33668e43ad189cda09cf4,Mirai,mips
3c448d82931ec416611a51425616863812f4d04224b48c71ff627b0213205ccf,Mirai,mips
3c5f742b21c9fba5fc0f407822f4158616c59458d28817543364f3d75e673417,Mirai,mips
3c75d9d563af3c33cacb150fd64e2f89a1b46e13c3782453c5e9a7814ef9ea37,Mirai,mips
3ca974989fe15f68cc4e3e6af87dfd33c4e36fc8d5030ab29db128b6f8ec2e33,Mirai,mips
3cb35c0f1fd9807fd22569b731dcb8ca24665a3772a2c252c4e1408820243aa5,Mirai,mips
3d3192de1605f832eb22ff73bd750598dec5a9052616b6e543b4bfcd76581069,Mirai,mips
3d4db8d86e83c06b199acc487245f571449ca6510d242e7decb5648cf7e225a8,Mirai,mips
3d65a2c2060ee956a311d4c32282b1555c87a30d3fcc13cf02d6097e229f058a,Mirai,mips
3d8d5c2694f6ccd38864fef05fd63d6e1e1fbb376c5b704b6dcef21104cc94da,Mirai,mips
3dac84b6bf52d2f3015d5067753f31a812cbf25e5f5972ec3cca0e879590f7cc,Mirai,mips
3db7eb66184f263516b03eca6f119cbd6488848932045292cf4265af80986f2d,Mirai,mips
3dba05f06239da605efe8b154664949cb42132b6aa1d99498318f88850d2b169,Mirai,mips
3e6dee9889c69f4f837dd3e92b36dc378e6d29534e5e2c5e313ef0ea99c8dbf5,Mirai,mips
3e7cd06db3ee2703b48a22f5536bbf48f280ff32e7708edcbc84f49850d177e4,Mirai,mips
3e97c0bf45b8e566d72a26b150ac45ab147860a13b3c1a6b39a0b946c868597f,Mirai,mips
3f1907f076387c199a079b11451eeead4bb04993b898176b3023a12d764c623f,Mirai,mips
3f779117adf4dd833f24407cc66fbff299be539b014b0805fa2179ec528de588,Mirai,mips
40072148613c7fb15f3564f7d93907190f4bfab7f1634e8c8b4cced63cc8c4c5,Mirai,mips
401806ba3bb1425d32cac9e6d34c65cffd542687f2d3b1af6258030fef90ad7e,Mirai,mips
40a04efd7798bb38389614fc1176828ebb54b061bd6d9cbe5a8594972514f4de,Mirai,mips
4141dc409d86d4a0b96a9c956e0cb412a5d4316976c37deae1ab45fe5c1acc7f,Mirai,mips
4179ed19e57c454a69255afe6199c4224cb7ad7565ee4b402f491f20621bba74,Mirai,mips
419ee62307e8b2132adfb9e54f93cfd9c3010e96d2687db21b501037be2a4cfe,Mirai,mips
41a0574067dc75c4588a56a7ee105fdf3fd08ede22016e011826c4f729d6149a,Mirai,mips
41b5e7d673af3211e5376aecdb97f48387f0b7dbb1cf9ef222090ff90251481e,Mirai,mips
41cb6e3aa08a6d929d2f274c2b44a027ecdfc796e2c4dcc5dba81f8a8cea6aae,Mirai,mips
41d398fc5c0d7b293dc25f06b3d7e1972b992f67398e47db4f00555ca7da260b,Mirai,mips
427d3584a9d573caf39c90eb1fa275eb0045971d858588c567cb8a413c106b4a,Mirai,mips
429c262bb328c44a336111659a02702f2cac56478ff9bb57a0692399f8dbf221,Mirai,mips
429de71455e0ce1242116da2f720dfc49e2ea32880ef0fff22eccf8f9e3c7bbe,Mirai,mips
42b230a51b8a9f76679e80bfe6b79bfe0a245f902f052c14762f5ff565b68e65,Mirai,mips
42b69037cea93a35b509a80ae40505a65de55d6b6d06e9fd11507eb84d70044d,Mirai,mips
42d2aea33cca03bc057725ac2c2dbb70a81c80fb64ef3373865175bf31f64e7b,Mirai,mips
42d8e22706d7735bbb222c387077e32813cb3f137e9716509960d7cd6c5e73d9,Mirai,mips
42ead2c82ceb38b96a3ea8cc2e9ed0911f24a68bd133c33f26d56eecbd8d902d,Mirai,mips
430bff4cbfe8122ef848553774f1e5012fc7534ffdcd6d6174f9d7d8c6b9d2a0,Mirai,mips
431e30bbe823cb2a4e6a6736deb3432385689591ecdebbee95dc064a2e86902c,Mirai,mips
43396209720e8fe5983f8ad0ffb60c70fb2ae3bbcb71bec2cba71373091494de,Mirai,mips
433ef997af123579c8f537cd018f052b31ce695758fe5dce737c2166f8071131,Mirai,mips
439d8e5bfa72ec60f557b90cf4125999931a82149575187ec425c5b310832e1d,Mirai,mips
43a17e421fe0e456d1482ccb199ceb874fe63e5548973984f43ff572b49e08d9,Mirai,mips
43c67a61738f4255f64433303cd31187dbd9acecaa336804f8fe25314bff2d3a,Mirai,mips
4446632cc53a439acb7062057fabcb8f3f497cd7de47227f0e9fb45c7e5fad9e,Mirai,mips
4472b2a8263f775566097c331d5c9293916503a33e4c3fb5096f855bb22718de,Mirai,mips
448a974e075fc634a523f5d33e3b186e389d6d5c7aaaed9b23b4da543450e386,Mirai,mips
44a4ca8c62d13335fb8d0bad92b91efd413ab1d5fa1d1499b400941356dcfa60,Mirai,mips
44bc2346d0dfaf8b15cd9200e033f35c898d91fd8213118c058daeb40714396c,Mirai,mips
44cfb6a0707475ab207706c1904c9a66b2a9dfb199998d657c1f7cc8ca9c2928,Mirai,mips
4507137a95fc199442485c0275324ddb842dadc040620c72b71d7e655661895c,Mirai,mips
450e2e29cda720d568299d646cb0bd908d7a9e0e8434739f30a98976e64f49c6,Mirai,mips
453bd08837ed60adf297ef392b6291c54b3c039e3b4af685d902e5412f3a0936,Mirai,mips
4570859fe4f615c1d6d83b1c3b03ee46f21910a15c4339dfd6afcbbb58b76de9,Mirai,mips
45992b91437e9dd3c2b6119ad069685eaf083843b3f1bae606f26ac5e72c1859,Mirai,mips
45a3a3dd368b1d3f1cd3321db2c10ee5d005a282bd1f2f2b4753f8c252cdc86b,Mirai,mips
45a959f89c91a4672343e1d9d0424c085eea6c3dbf1bf82a7cb715643ce09e76,Mirai,mips
45b3b9add731796524926f59547e03904f8829a6cf2a1b1ba3fce211c02c0e89,Mirai,mips
460fdf16f636b2db869bbec6fb306ee6ebdcbc97516bc89bd1697f1f58d3dd79,Mirai,mips
4616e4c72b48cd56db0f88951a206cc1dcf632d5831e210ad88433a0f1d01288,Mirai,mips
4647269af79dce0413086716572554e82f1d4baa3f99ecbf572ef06bfed94a18,Mirai,mips
46877dba68eb361a457b0ff00f6352a96c8708cb3a78cdf506cc4e557d56efa0,Mirai,mips
46c3667ea905a28ad184e1d51ebb640adeae213321eda95122719bc602673b2c,Mirai,mips
46eff732924c5db6863c13a01a0672b5f4e09a97087d5b295826c6a9558d8095,Mirai,mips
472f3f6b0f4f2dbbe1af76ad64d0fed8df5e6e4921154dee7f594c031de1bb02,Mirai,mips
474f068869d1fe74827c66def432a4504bdeefb63e96277249efc9867c323d49,Mirai,mips
476031de6677a9638777ba7cebdaaaba072874c46f516a651ef61e264feca4c8,Mirai,mips
4785510c8cfd4ff2dfa3af60bf4f77ef3406594bef3e2c19e5116e7391aef0db,Mirai,mips
47b40143012cac1336a6ce758380d04ae68beb87594515827deb05a50639ac3c,Mirai,mips
47c55cfdb2112b3c611312d813d0e2ba41d9ccd8dad0bce6f89e7bdabf1505f3,Mirai,mips
47cd52151daee57ca8052f6edff48fe69c5f6d12059d4215fbf1d9e8d68631b1,Mirai,mips
47f3c5ef9d13f552800dd26853c45448d046f959988fefee4d99fcc00708a762,Mirai,mips
47f3f806f679e8375f7af068e30120b272a4d1ef8e2e441b5babb8da21a35bfe,Mirai,mips
481d176ccf60bd78be977c95fee9eeb066627470417bc5113babcc2fad0e8071,Mirai,mips
484cb3006368878fdc2a01ce398c7a6e4da0992a21976679908cb42d6a5fe1cd,Mirai,mips
48b0ab1307149888fe36fdf66b48d226ded55be3581edfa5d2a2f59b4117bdc5,Mirai,mips
491c57f11f89f7894f2175b999a8f71365630506979e3a6e549fb7e526603182,Mirai,mips
4954f8eab4230ee39b39eef236157a229ba966262b4d36f80dad3a0717c5475a,Mirai,mips
498821fa163462656d67963e43dcb59be400765354c9ab76817d7be88ec3e1e6,Mirai,mips
499ba22f3ec3f557cb2713acb1587e1fb1de34e3e1adc26eab5b60b2a1529b35,Mirai,mips
49dbede4714fc2dc63785a030e5acf4b465d4c2867e48af495600b99e78b4755,Mirai,mips
4a0712341513bf85c27c5eb1f970d2224d122641bdad50a6905253f68b78fdd2,Mirai,mips
4a16dd3a77f0dec09933295c8b4eba417dd1d9883149389b82796ebd3fcab24a,Mirai,mips
4a200941fb8e846549f697685ae88bbc6a2595bebb0239de5f047271ea81a6f4,Mirai,mips
4a96830e65d8b79869cb4a343ccdc366ec6f90dd552eb76debbbb191ded0eb2b,Mirai,mips
4aa4a540220365eace8b3acd56d6f98aaf326c25d4a2d062a1bef2c55a93f443,Mirai,mips
4ac25309602eb8d10fd025f70081f238647b21797eaf6575d0e6d8d58c3734ed,Mirai,mips
4ae40005b095b33a00d6d77134033b6ea4ef8b7373083708a2e5aaad000f9afd,Mirai,mips
4b13503e21e4f9496d03a920b22a66bf3326e84f81e2cfa6a4b7428121c6a3ab,Mirai,mips
4b51bc4da1f45a3b33bff07270ceba0194b25338d46b2d47d2e88e43217914db,Mirai,mips
4b6cf4c2afb2b73a8888742b63f21b109140be3dc879a60753e0c0a2a57fcb7c,Mirai,mips
4b9106c86bfe68863d143f4d3bd380d6fba0ca0e57e957557b2888a55fd85c23,Mirai,mips
4ba88e56253cddd14975a32ae36119b9d16e635abb2fbc9d396fc1b9eaf8886b,Mirai,mips
4bae2f1d90f45133093c46185e8ede53ca62f932162016d59ed8ff65eb7a9f5d,Mirai,mips
4bbe96b9d4facacbf2bb7f95c59682dadfe8a1be7c01b57dc5deb3b3a8184313,Mirai,mips
4bbef6d75f44d25be2e5f0aee8c71693e507bd23b203076864cd4170a2d274ad,Mirai,mips
4bee7a31766503ab7283bcd614f33258955eded7cd7f55208b15f3bba263c615,Mirai,mips
4bf85b8e8d6390f2053ed8939b4f7d542d9c12cdee844fbfea3e0ec02876954c,Mirai,mips
4c202d116bb34484f900b1a637d3098cc7fafd4f39d82252917cf037c6632102,Mirai,mips
4c4c49324796a34df2134c485aac59c6743e21944771134b1fc8a86aba8f1a21,Mirai,mips
4c699cc9a11922131d95ed08cfcf9533f0f6c63c9e0ac0b55d64902e95ba2874,Mirai,mips
4c786a1a5abda41537474c2d2cdea8830c5644ef089bc1d693e2ca4674a66c66,Mirai,mips
4cfa2c724dac0b1084b9cf8a057031587dc5f7ca0d4e2d51d9ac8c16e6bf72af,Mirai,mips
4cfaae35d401b2d32aa038beda11cd27443d01be4cdea8d1c9dcb7ddc50b01da,Mirai,mips
4d13be60bbada2f7ee6241825fb48c0c84850273095a51877b6927c887cdeaeb,Mirai,mips
4d954d7b860a6b8ddf1ef4bf987fa280eb06496088e6b961928c9fb76d498c24,Mirai,mips
4de44634805aca9d9c9d85614543936c6d205e966140d96ab83f5c98f3fb7bca,Mirai,mips
4df4a0813bd7f14be2230cf220bbb4a9bf9a4506f4b376f06480fa718a61e2b7,Mirai,mips
4e0e011f9c2509f5bb6fbaeab7097c35207ed908f3b2adaaebd250db9f7ed033,Mirai,mips
4e152a8df0a56f834c5618bb005a63e5ded302782848297610b31e1267deb119,Mirai,mips
4e18e4d51893b3876e2e878a6387c056ccc73aed132a055286ba002d992a5bb2,Mirai,mips
4e26d978601900d8c1db3e8f4e783086cffa51e61b3a35825d1d28b2adf4b1d2,Mirai,mips
4e306f56538f2fd0464246ebcb28a659362c1657e6e33f6a9bfef127ca4b835d,Mirai,mips
4e88e5de664f8a0e29121520a8124e7c5b0f527bebe69a1b46a89a3d88b171b5,Mirai,mips
4eaf31aba143895520b9da2e917146dae8777ccd2750679969be590608a0779d,Mirai,mips
4eba3dca28936eeb8ee0c235fc8262b865f2e7ecd1baaef1b3a3bdacc5740b9f,Mirai,mips
4eba618da04fe4f103846715d7828a9b4af17e41f6b360b5e8c8e475f05093d1,Mirai,mips
4ecfc05327f23f4f8a680dfc5b5824bbe9ad5593344141783b2ce8cee7f9a857,Mirai,mips
4f02fd8a5be31b9a458df8d85b0511f92cbeb8725e81869c84c90c81486d31c9,Mirai,mips
4f0e8e4c208226d3cc4832329ae691c8d7122a58354c0ea63df294a8290d67c2,Mirai,mips
4f344ba1ab5ae62e1bdb66cede59845e0a1c01a10eb33595af3c76d3366f2dd2,Mirai,mips
4f3f0d8d3ecd5f0e890a4fd732117283f5f84065734e6308b31838af6e01f802,Mirai,mips
4f42e049f9a924452b4786708f55e576bab01990147465148d8dfa0e08e0122f,Mirai,mips
4f5d24bad0144e64ef63b2a8b9fd471f9fbb5c30f51a10989daa2791e6a7d1d9,Mirai,mips
4f8c540be1e9ae6775dc5efbfc25ee26fd2b23d8b9b6fbd405d52feaf489c428,Mirai,mips
4f8dff3c2e887ea0e10c0ec5c332306f38b710cc6f5b4eb20102fc97a8ad6bdf,Mirai,mips
4f90120eaabfa61ac2995702506e47bde0515fe784f839b6fe949cbd4359ab0b,Mirai,mips
4f9b010493756b9aeed830bca7103e8c83067e1c5c85a68d2b054f82aa193873,Mirai,mips
4feafefb0cb9048b47f1fc304ba10c4e14a28428f1bcaa1b8b0c69caff3d1dc3,Mirai,mips
4ffdf5a5cc9da9c01cb96e0b8ec6f05ac921c3c9257471ef4f8c0209d4714e19,Mirai,mips
502101a473c579cba80e4329db83a6ffe5241dfc8a2fecfc60fd511a53e8dd27,Mirai,mips
50737fd850cd523bb6fb82b23721c14dee50166beb9c7a7dc02dbd5415a8d8ae,Mirai,mips
5083585adada941958d62737b92abe7068c790f211cb616046fa5006843a6fb6,Mirai,mips
508c17695598d4b47ff952b2ae6d006be3d0a5fae09ca368d922620018e6c770,Mirai,mips
50aace72d55d3270c7ec6aed7a1379f9449346aa90ae74ca581881bbcbd84b8d,Mirai,mips
50cdf4150af1002b719b120a79d8f6654e4632893c563a1fe8c64481635f8972,Mirai,mips
510161b1cd558ee0ea310086cacad6e3c4a270b5255c773750fe9b586e97d08c,Mirai,mips
5109608dbcebb0d3d2b148e1b8e9877a241e091dc8f47c9a4d5a1a1599b0c264,Mirai,mips
5109b19698450edabd0b1408691fe1105cb6307c72f2bb492fb39bc415b94da1,Mirai,mips
510f5edd7ef0cfe35adfd0aac15483410d50ad7fe65985731264fc4c43246b84,Mirai,mips
514c938468c47c027695ab6e614e1e159eadae37479408e95b7eaa80dc04d956,Mirai,mips
515c63de2c5d694e8062bbc00eac8fcee100c34421770d16b352aa8f75c7f29f,Mirai,mips
51d32cf9471d884d12b4b05a13bed7ce1b242bf13db815bc0f4f27ff6c180934,Mirai,mips
52594e122a4e23ca754624a9f3686a46bb532ed8765ec81cf4acb58d3cc4723a,Mirai,mips
52972236f0a8dce7f94628b252a06311a4943482b69de1b55600957739dd1584,Mirai,mips
52c0ec6c7f0a96af9cd963893786eb31f50fafc457b01ea4d3b375616cbe69c1,Mirai,mips
5380a6024663209b61dd9b366ae569340bfdd258433b2f500b44fa307fbc2e1d,Mirai,mips
53dbca84303edfa81221d5be159be88d21b9c5d2cfc59806b257d5e222678837,Mirai,mips
53e998e23683610611ce3ab48d7943dba3936dc1d64c3d0d1667bad6a13c04e5,Mirai,mips
53f56620c3c5781e9ea5161ddeecdd21afa28fa86b7d38c0bde46c0bae8f2a51,Mirai,mips
551cd69f48413fda86530927f8623403669c5ba7cf515a03aed6854163703708,Mirai,mips
552cd4a1625719a87e57e7432325e1dbdb424fda3f1b17b359a22e4f06948a23,Mirai,mips
554ca092f886c1295912c8f4def235054e9e60eff752830c3f70f51c0325fe42,Mirai,mips
558047676b6621c278f955fb5d4eac71cddb6a08927bfee960df63e153810a9f,Mirai,mips
558b3a1ae70926cca66c234c9fd5cc5659f9c19d19b0efb45bd3710029823fb5,Mirai,mips
559763a914b9bb61e0111c1f4d5e519c5cb163268234774e794390a754b6069d,Mirai,mips
55a739d9f50ddd676c0694bc025a5e30d76b12399e9ea7a9483c747643f88119,Mirai,mips
55eb1d23b344989dd4cc0fe025a2f73d9432bbae106415074759c2e9fba1f5da,Mirai,mips
561a7d3a1c5a0822888b66bba06387626d9e4d6316495133c2179ae9c9449c9f,Mirai,mips
563876e5ea59f5a3216b895d01543904bec3a7b73cec8896d7d06577db4d2240,Mirai,mips
564d6d5fb9ec66fee319e808060f59a0601dd42a9a3ce3c4b35c9b8698fa1ab7,Mirai,mips
5650e0e86242f659f8733936a92c0feee2b746a57dc7b11777642e7f9e60a8e1,Mirai,mips
5680cbcd088b2d32a173cce9b8c01cbab6905f7e3297092dacd2ed102e70a335,Mirai,mips
569eadc0aaadb403fc6c8038ff342d8b716820be05f720567ac68fb23e256e50,Mirai,mips
56af0649a81574ef23df4815c73b916e27d203a7410e7115c0440fc0fc6ee358,Mirai,mips
56c56cc486765220977087c0e0d10966b3a3e3ac583ec2c39c3458ae7343510c,Mirai,mips
56dab66e2d2dc0e4b007e4ff79279943775e0864c9e623466f9cd6e3ff9f2ce8,Mirai,mips
57075c5ecdb73bf36d5844db31b4f9ff8470b808ac9437f8d1d1f82c0e86fca4,Mirai,mips
5747c7aced5d2152e9ea2cc4a3682161f4b018292feb32bb6f1029d660da0ddb,Mirai,mips
57533061232e39bccc0c7c6214c41fc30bbce1889ce2445276f5a2e7f601610d,Mirai,mips
577deda648fa9268e6401048db45e22ad107321b52cb1e912936047cdab3a53b,Mirai,mips
5799ffe6e04d16efd07b52cae632188afa80141f77ac544ded453e6cdb32b3cf,Mirai,mips
580fd957d9cda232e182645f34f6f0ee41a70f0393afd534564c1b8e0df216f6,Mirai,mips
583a086213dde2f3462261e872103eacf2c11655e9cb7541fb2b17f4c61de5b4,Mirai,mips
5859ee8cfe94ca54bec86ff72c66e8d29192124d85dc0dabfff53e7408b892a9,Mirai,mips
592717dc4a1af009c479945462adeed60081bdcd8fe406117a1f384a34e5579a,Mirai,mips
5931f6b24743d24968dff25d4c2971ecf3d680c4254d8e4942ce948f88f428f4,Mirai,mips
5959646de6081042bad8182e5d7c1363397072f7d9f02048ddf1214f52b48663,Mirai,mips
595e70c76fb099381aeb9c25dde68631fdb115e57368214b0470ff8d67fa97fa,Mirai,mips
597de7298b33a1c81509fbb96dadc4a8609e981d8d80d1a71415258c8b8bb1d7,Mirai,mips
59858b037795a304e81c26ca7343e7fa33269e3f912fa9e765b4d6831670abde,Mirai,mips
59cfabe5cdf509af8e91e911dbcee1ef88de51803a3b972c756417ba65c5f9b4,Mirai,mips
5a09c86a1d60b97dd5371fff56cd6f04ca48c82cb9e24972144f04b909dd4a59,Mirai,mips
5a36f14a0e5772e7f1cc19b0aa1215460ab2698c89c9160482b81a2288033431,Mirai,mips
5a7669317682b599c4de30b06426ea1b8f7ce2396140353fc146b8afcfb759d8,Mirai,mips
5a9826cc39ceefde5d49a7d69b36892a6abfa41557a4682cd0d311b8e406a840,Mirai,mips
5a988231b547f9fc8e599924d38e59b07141cfabcf57469aeb3fd151052bc780,Mirai,mips
5b1831c0f8e3269f865c8137b15ebfef8d17a36b81a377d0af228fca0d03425a,Mirai,mips
5b199f6892261b25aed4f7aa34a87579c6a084c3118e3d849ef85ed343f33ae7,Mirai,mips
5b547d1097475206f4488e7abf55af9d980cc46b49ba3500de36c10b0207af8c,Mirai,mips
5b55ef860893ff814b73bd398ee9d0ad864b56f1ad2dc3064b24e8fa8daa3aae,Mirai,mips
5b5945e2a06c4732f3932838dda5019c2a2f6c77164a7128803d054ae4fb4cac,Mirai,mips
5b62e159f5eec32d608bf20c293f1ace5a97a0d4b2606bdeea88af9d853a335e,Mirai,mips
5bc08c337b78b3c384bd9d83fe72d8bdc8c0e90a9c9845c74573058c2932473f,Mirai,mips
5beb03dd871f28e623b8e64426f873a24f91c5eedbc752a24c1fef3506fd94b5,Mirai,mips
5bf71882b6d0c66e6ff0b383f55cfcd62ae89cd1c268a76075c2b209abc72b2e,Mirai,mips
5bffcf1f505f34a841f628530f0a90d387ad900a51ba640db3ea84521a518a1f,Mirai,mips
5c178bb25234168c8b2ede8906076bce4b404deca7e2bfd26fc1a074f012c400,Mirai,mips
5c1d6bcab8f99efded58840c9baf8004680c03c012c55196c965d31180a62777,Mirai,mips
5c24bd5b09bfec83f2cc9064d3946b7e0f8c70f33f88e53cc2682f639b1bcaeb,Mirai,mips
5c25178b775392e99ff5436401722ade916642504c5bd739c6fd60661a34027e,Mirai,mips
5c264da5a1e92ef9109ecb9ecd4f8a50a2f605671e44fc85e2af53d1eff61d33,Mirai,mips
5c2a8884938a0036485ecbc814af758cc6a7bf3ef1156ed49b0ee211c43e1493,Mirai,mips
5c592a3a0a2e68b26f40195e29633ab3b2dbd7996c9da7b888d4150c1aac0904,Mirai,mips
5c85f9d88acc9a830e4099941d308a9f4c49f0ccf818d17063f56271d5a1cbbe,Mirai,mips
5c92eaa1e9a95d3afba2b435b0d4a68fd956f40d088d455769f1cbd4bdc83155,Mirai,mips
5c9b8a3eec07274bd27d4f9ca4750333a03318e873bd9c3de72d4b878432221a,Mirai,mips
5ce90df5f0f40b0b54ad2d2f64dcea9371b4b7b202affb0fe1553e955c25c623,Mirai,mips
5d35e494db951afc8d81db2868f4782d1d4d67cae23141c980f6580f588c801b,Mirai,mips
5d8e3abc2311a4f1abb39a9b052f3f4baa864b65fbeb914dc0259ef567d1b10b,Mirai,mips
5dca2a0717df229a089be4bb605dacffacb69964df14eca9d63e3cb4ec32f7a6,Mirai,mips
5df8818f7b5e8fd8e818cccb800d8e57746bc48a1f1f5b8dd5e3fc40a9805ffc,Mirai,mips
5e0d9231c610f3f0c3cde36f9e4930ece8dcf27627f836a528ccb2cb538a9540,Mirai,mips
5e14f82cbb495fe026094b76de54f308322e30bf59c458ccadc032e551b989ce,Mirai,mips
5e228013eb1d7e4913430522dc1654cf22f306b9eac879f696b9b4632ade79ed,Mirai,mips
5e3e84e9dff030c5abf0bc9cb83c299ccf2e4241a1c3b728d7fe10321b76b415,Mirai,mips
5eb1504b1d6c037e74eba71c4f2bd5459cf3ed6bbd02e1baafa552718c031b59,Mirai,mips
5ecd190121d50274b85739c173f4ebb5af96d64cf08326fc6ebca1473aa7e388,Mirai,mips
5ee22c1597b85e46952de6541991968f11bddc6570036dd61f8080a87d83479d,Mirai,mips
5f0af1707cf3d5ece86e9e3f26efa54680affb4e2b1bfc9784ecbf6e050788b5,Mirai,mips
5f155f243d9220f1b192bab3b91ca34a5000c4958fc823c7dac184c3b69642c4,Mirai,mips
5f55941a26489e3b839004f525d0e88b94d1007a7ca81ecb9b0a18cfdf318190,Mirai,mips
5f6dc8999772d3ed8819c17fa93a9593bf754b23f2d45b13b2088c4de7c02266,Mirai,mips
5f95480479552d4a8b01bb0fb6e177c3644315e69256e0268467f8ea84d95c4d,Mirai,mips
5fb2b3784043f3f4dea319c01f45dbb5f8abfbe6070e68977f31e85af926aba4,Mirai,mips
5fca4d70ee0a34ff2bebb6334f8a115eb5d237547332ad31d8b0370af1d1e117,Mirai,mips
5fd18da1601ba782444a75247f0790d5e73c9a33a459791c870f439bfdd41fe3,Mirai,mips
600c334a2d0ee8442add58920aeea846966400e16cf387a8ed1428e0082fe726,Mirai,mips
601597a0f525c8decdc022896a2bbf298528da25c6cdbf7462a2d804408195a0,Mirai,mips
606d278b2e75119296bf48721ae72deec87912742ce4d9920bf565521de4dcb0,Mirai,mips
606ef45ffdf145375fe458faf01e5cfefac0fbb24f0416f7f8af12a0a8dab821,Mirai,mips
60b8b747ff600cba5e0f6128b9e3043534deec7ae3f766746d767883056c6780,Mirai,mips
60bf864502e7288e6b66c35da235306f9bcafa9e747da4f80df456fc39a31677,Mirai,mips
60d93c5b749fee49c03ccf7004586c8df4839ee036a809d1daa7b287eb12cb75,Mirai,mips
61004f53fcfffb8cecc92193d8c0e52636fc303523aec6a42377d362521de667,Mirai,mips
6164ff86c6a5b6f0e8b6950491c2701f2e3e8fb9b879184fb82c6e2f8cc368b4,Mirai,mips
6183073ce24c5a37bd6c75f2b5e16e638645a1c8cf7be1ece3454d1b271ced2c,Mirai,mips
6232e235ad94ff4dc460b0a0f31eb164aa0bf1c0c1171f16c63a048571849bc3,Mirai,mips
62b07e1ab966c1d8e2ee5fcd099fbc3d9b56425ffb7be3b94820ae9399825877,Mirai,mips
62b9355e5678c869b8b66f7ca4c4468d7be7fd551c4e239f4cff0e6da3e36c6f,Mirai,mips
62c166a38eabb8b826e200ba31891efc2bf71af717af764b79ad42c12dfa3c47,Mirai,mips
6317324ec23f764e2871fbeff5086330132c1c6ceeb12cb5a241ff3ec2f3eedd,Mirai,mips
636cb703fe46db9f2caa1fcf66e5c86fb8638240ac2d018c5cb261a8172a80e1,Mirai,mips
6398d85d9b7cbce4e085d2e820f0e9066af329c0ae94d636e70fd46d045c66d1,Mirai,mips
63f655261cdc0fd2a5dc55c3458f8fcca604ba08906bda4666e3c7cea29d81e8,Mirai,mips
643c118eb48bebc87e415f10856ab005b085f25b877a45c84a35349e873f7e9b,Mirai,mips
64511470b2a9395855fc14fe3e617bab82ebd54c134f87053a8b3e24b2c5c346,Mirai,mips
645af8b17013541cc6475d074fd0dcbe8739dbf2a121dcfe20e79aad6aca59bb,Mirai,mips
6465ce91939c5987313e989d65e19381214de7ba027f87fcc3709f2f0adc13ff,Mirai,mips
649aa8058e8f8c9483421a4993e39f7be73d35f32ce6d9bff9ba97a5b5978dd5,Mirai,mips
64b0702030841c33ee1d4a35ebd6c69d3f7bc58b80a3e8ca6c1f87c09516c485,Mirai,mips
64eb8a8d80caf936f2dde7e5e2f86c7c535b0ccde8253fcdc05996d9a3c2b325,Mirai,mips
652564f8a7891276e97910dd7277266de2d822bf515c6326346b2fe3d2c9d454,Mirai,mips
6581b325c28f486ecb9bb8c43d4274dfdcabcb400eda9f63f2770644e967bf1c,Mirai,mips
65a8a1d0d6ae6a965f663abdfbe52da949b71b56bb774d4177847e4662d162a3,Mirai,mips
65e47a61d09dee76afa39912790e830ef600ba31368ab595d111601a9be32f5e,Mirai,mips
65f8ee87a63c054b8efce36c0c2e945fbd5840a6fe6a98665ee600ff977db6e0,Mirai,mips
6622899a56c6470e70af56e0a8f6388abe00dca25fb4931e10ed2e10054dd2a9,Mirai,mips
6666910b946f42f6e5d51c2bd54126b54da6a50e55e984c09f2a4c2fbef836a3,Mirai,mips
666e00ebb34107254d6330068e908047162444a335639ae20e04b6bb119c21b4,Mirai,mips
66978be945d062169cbdea8a003454f5e4de38315d0ddfeca3fb7d8cf87c5ada,Mirai,mips
669d2987ef5b780504b8ac3e24e87a7b5372af11645075ccd8e05709b0bf1ad5,Mirai,mips
66a4f4d22d072c5de6e647848a48e07aae1c4d5d680e6e0b3c917f65e1dabdc5,Mirai,mips
66c1128d79576a46cf8b9da57c9d9ef2aaa9ac196861ac475c6f5fd2761344b8,Mirai,mips
66f407a1c56f7dbdb7f1a190f249f60a2f19e2039b4cb84e2a3140400e851004,Mirai,mips
672c65ecb11300ba4e872c70e6472abb72d47f029d7c5c6584e273729bb38bba,Mirai,mips
6759f4539f7a9f897d159bd346c9142cdf944070bd202176ae23d983d8825143,Mirai,mips
675c15e950125a70b7dc2358c0d4ff02ccda99a3afd7a437676b04bd5d2297c7,Mirai,mips
675c62cbd94c0c0df33aaa221ee9912b2c32820048eac31337b858a999744bcb,Mirai,mips
677548496e7a8d4be872d8dbc8389d1bcbf01d06c5a36b393a7777358102d2cd,Mirai,mips
6796653617b1a3b01627fe3869a16852bf1cf09b4dcc00cc6026f745f4d715e1,Mirai,mips
67b368bdec9d1ca5f68aa64a0fd164af7dd02f89f8e9c34f7a580768a4f9614b,Mirai,mips
67d229bfb40f3d4969d6533f8653e7d1698463ed6bd63e8af59297dca1c90083,Mirai,mips
683122d96afcad65a07ba4976950d821287351da78549571d077d0756648be5b,Mirai,mips
68504a94525d8f8c250c001d4904f2160cc2a742197ba149bb9bb89101e07fdf,Mirai,mips
689191ccc00c2d6c627c03f87c7f3f383984ae1dc9f9f34bd283598daff38ab4,Mirai,mips
689c50df86e40d7235203f45b5cf59d1091db50202ea28c8d63691748abd89e8,Mirai,mips
68ad437374b179cd27da4978938377b3b4f9f7124fd51f393f1231b2fd4959e5,Mirai,mips
68b29b87bf03b1954bdf895e658022ae8b785a720dab89ab516714d0d58f1583,Mirai,mips
68cabc057e17133aa6adfdde68cda712b3b53881212fc03b81223a915d6ea38e,Mirai,mips
68d0c6f76509069a61de71c87a815ffc69bb9fd89646b06d583e4f0107ef85cb,Mirai,mips
68d47f51000500047a5f6beb36cd2c3392961b1b93047c30b17c80da4bcf4c1b,Mirai,mips
69410c97229a463b73ae61ccd296b21da2406e4eb7aa8ab9ece85f60fd7f4964,Mirai,mips
695f7f1810cf36022e8233ca188ab2cd4a3847f564452343c34e2f3f6d550c18,Mirai,mips
6963b93ea35b991a027e8a8d791bef490a6da83b68fe375d21cf34fb1a84f7a7,Mirai,mips
699f6a3ea1a22dd7a39500155fdacfc80ba702c70a95d87af739b424511596fd,Mirai,mips
69cc98ca950f2ab57aa815c17214d6f24079da06cdd0bb69eabadbdb7e50cea1,Mirai,mips
69f9efbb20d1ca23f31d218729f79f73db7d69b4e6611cea09933428145087e8,Mirai,mips
6a169dfeb6e560fdf1e57581dc87a9a773ca928ab08106725da56e40d3b7df53,Mirai,mips
6a334b9f607401132d9f671d0c1f992cb9021993c637ed5d8d7e3e73f82d8e31,Mirai,mips
6a6c687968443c0086a0c201c8089150ab897a6e5942ea595e7be6d7280a16b9,Mirai,mips
6ac142a26b036ec1e411c342342d374a700d78fd3c5ad2e8e13f8a78d869cf11,Mirai,mips
6aff61c75eff84582b61b218c3a3637103fff1a0b2945bdb48d9a2b70fbeda9e,Mirai,mips
6b7372f1aae6e5e1104834d7c49ae45349a476afffa65fe68df73b3689588eb8,Mirai,mips
6b76d7dd05bc3b9e6791eb96136c60d9034040015aa709c8d5f62046ddf6da25,Mirai,mips
6bc42bab411d4298330ab6422a57359e0325aa70431c2e8b04292377e92c796e,Mirai,mips
6bc66b522a3670aa9bf2e83bbeb50c911787900fbd0a323d3429970aad37a308,Mirai,mips
6bdffa47f1fa3c69a0b73a907c9e620abda1fe26ab28fdfbb39e5e7997ef4a9b,Mirai,mips
6c0e43ba8bc49b263168707b6986166045b38616b8a6ee13ff56042a6224dac0,Mirai,mips
6c15f25982009988f1a1f71cfef1f9b17069f518dcabbb4c6219511c0af1c79d,Mirai,mips
6c1920a619e30f3a6e0e649bbebb38415dc18eb4b7a1bd28b3a65311ec400c25,Mirai,mips
6c350e6ea7e193a38e018cfd6d6a7dd8a6c4e36a6f50b43929432de5bc0c930e,Mirai,mips
6c3ca7a5187a6f12061579c4f50307644c79485dd1a6e389ecf24d4612242982,Mirai,mips
6c56e2d495c242311950a2a21200900e5d5110fc237196b766cf499b64f3ca21,Mirai,mips
6c698b985c2350115c61987d67c8f31435da821cdd079d5cab5a752604edca35,Mirai,mips
6ca9151f25daa53b9fab2c6ac2ca292413937709b99e5a88a74d456fdab01562,Mirai,mips
6cd369ae2dff5bb88938301813148b16550814ed494e3899d8fbd396e3792e6f,Mirai,mips
6cde3e411e13db3e45321c7e8e4511eaf5d2e6992e671dd6666ede1bd8581dbd,Mirai,mips
6cfc3a1908b8bcd6d456a44ab1c58971df0d3ce1b2f30e0eb9c697728b21c9fa,Mirai,mips
6d2525f5ebbbe91d1fd8df0c2e541d39bdc8254fbebfeaf810e67205574aeb50,Mirai,mips
6d54022cf8480b0bd38e8cbe8a183bd8fcde6f54bb008d3067cc5856815cbbdf,Mirai,mips
6d5761199874097e0fa9fdbc75e62f17d2afd624249ed167528988fa9fbe588c,Mirai,mips
6d6a1df1809774c0fa406e92d446751310baeafdb6e57436eee185fedb0b021e,Mirai,mips
6da39f58f1447d245c307695a6f9b3b6818cdb014645a6c81332e10f0ca5d0e3,Mirai,mips
6dc7dab4cc06636fe620f35d544e16d843e055996ec294ba1606d59b5d850e33,Mirai,mips
6e3213ca042c421faea012d6f4c1ff996f286fec4d17c0dda01158178b0b0215,Mirai,mips
6e4ccaa1a9a0eca942df5b3214cf120feff2fec9f8e38c9f4228df4eb46162a9,Mirai,mips
6e4e94e7f7222e562adb7c78bafee9639671359598fb7264a275fff1fc01509e,Mirai,mips
6e8350ec7ce56e1f1d8123b7440327f492023475de83fb739115e8b40c18ddfc,Mirai,mips
6ead05bda3093a9da5319ef0834cd82d8ba899b61040f5cd8b91365aae343f57,Mirai,mips
6f1b9eb03d1e5a5c9e7f0686c1e4d2018760ce8c3f2d92974956015557571d40,Mirai,mips
6f438c7a369574aedfb303125754d527d9d454ab133a97351a0bce55c492b925,Mirai,mips
6f4d0c99bc33cdbe89135732cf074a1f6161d80ef63f1ef0b972a10796287f2f,Mirai,mips
6f60429a4fc4e887855ebb7ff63c527d9394b58c851c79def6bc6100726a359f,Mirai,mips
6fbd653265cc7f69246f348c7940522714d8ca292da4b81d4eceb0c32d5f73b1,Mirai,mips
6fd04be72172d1e69af39a151906cdc327fef032f1a2603e520cdaac50c86748,Mirai,mips
6fe6c0439ea834a4fe7ea64cf5a241ac26863d1a69fac9a013ba02b7cf18d8c8,Mirai,mips
6fec8075c0358579a6ea8b597560a44d3d635f865b6efbbfbdb9763717563787,Mirai,mips
70067de0467002f35c75449178aadc7f97912daaf6d0fe3f4a9a6e6bbe1b27be,Mirai,mips
701e7b1bfa04d06863af5c91d7845b98bc2475374833162e538f0c5a2781fa4a,Mirai,mips
7028073463244122060d6d6ae0c94e6850115f5979d46f1cb27440f5d0f23cc9,Mirai,mips
702b13890420337493a5d779553a3d120bc9d7e4489244293f2de922d57d9310,Mirai,mips
70530321e0bf151286e54082f295c3285fa36aa42515391c6a93d6e74ccb6ec8,Mirai,mips
706ff0580bcf1ceb2286aee1345c532114bbd86b60d97fcc5edfc2b85f6d6cd7,Mirai,mips
707e9ec58057c1747c0ddf64fa236ff1ad5d9dc8c366e35785e3570d78bdb650,Mirai,mips
70ed90ec9dd1e49f86124bd654ea630663de1c68ad6bcd11a52a32052e0aece7,Mirai,mips
71011bcbf7fe2b7a6d4e0781a33d19872ffc7e99ca686bb1a526714ea8be3038,Mirai,mips
7130e3a03e071881c42b6e56c0a4d176d4071cc719c5efef27981f25155567d2,Mirai,mips
714a919ad533e64d700cc3397688c139683eb64709d4be2fea58e8351bdab4ba,Mirai,mips
71fe972d19c86ed615733a624b2af095db6b168f2053f078d0e0046da9e0b23e,Mirai,mips
71ff18b4e483db72ecd163f9413d5aea3b306015f805ae16ede870e26b570699,Mirai,mips
7204ece3d3f14d10ae5aa891f1284e58224a4473daef342fd083ec62cef39a6a,Mirai,mips
720f9c8cc4ca221c101fe6e9d8eda4dcdb58776c4b5e59a5232e874a37d81c0a,Mirai,mips
722491ef189b2260e0d5bca40978f470fd35d4e827874b7a92f42310ed79a1c1,Mirai,mips
727dd20e7c3e84bb8e8b32231c39934b3be18a29157fb60db9fdf4b27fd90efd,Mirai,mips
72d3f16e76891784f1816d5b495e6e4e502c1765eb6fd3298df69f303f3a027c,Mirai,mips
72dc2e4b49a74afeda70067830de44475a7ea476462643e42041113f792df75a,Mirai,mips
73098edd3b448d787e7521ee503f1278540346602141b3adf7d2e6c43a703c41,Mirai,mips
730f350e0620e53d3780fa1b756c006ec2303f91bc6dfe8afc81f0a6b0faf02b,Mirai,mips
73301f0d387037516a4d3b16bfb70021986814d195001d7cd0cba47374b09368,Mirai,mips
734be14161273ce22ba8bc4c5b02058f0d618996ae33ae2c8148b726c1341229,Mirai,mips
7376ef4e32065473b76a4c20a000e3170fa21f6ad3f402f8f6c3c783679c30b7,Mirai,mips
738c37091f3dcc1a0bda17484ece3391ea2ecce7d6286fc373a0b67509cd5cce,Mirai,mips
73f58ec5b0437a5ac03ed11b65359d2f2c8c8a7b1254b9ffacb711a051782dba,Mirai,mips
73f7375064f5e78312f6ab73aee8bf582087b2554047d16723fdd9062f297db9,Mirai,mips
7448ce8681457730e1cfb01d05b8dd6c8ca15510ecc61bc2e17aefbdd8cfb13b,Mirai,mips
74728c44745b8834c23f942d7739e39e972a30cc5e15fba0b59df7bfde2ae0e6,Mirai,mips
74aea232003664c8dbd512a1a861791bb4f6d0e1045d5d41be948ba581ae79ac,Mirai,mips
752dd963bec8c6f2a84e9da1478a15c8050d584b03f7b7e8aba90fcbe6d07249,Mirai,mips
75441dc9bdf6f4ffd8d43b84bf043533a88e08b8a379da1b4a1240d06f402e45,Mirai,mips
7562b2ab41a952e7af60a2a7241c628036cb77b8bdc1938bba2dfc283942bd08,Mirai,mips
7572e4a283ef20bf274f3df0ab1a0372ecf08afbb093e2dadbb75b1a85edd162,Mirai,mips
759da31594c0c95f0d9feb38404190953d9379867162664ba1968058c1155dce,Mirai,mips
75beb94a4c5479ea4cd70df69d8f6fa3e7e853bf22928ff3c58595f0d3d93961,Mirai,mips
75c4cb72035d52b6e58dc10c49316f60f0bc2456b5aa3511033a6fe2e68ecc83,Mirai,mips
76386a116dea8ab1702f038271d71fcaf9071944b12a254f8536b604d51338bb,Mirai,mips
7643149f528039e22cc40d529da4d77b5c4e8746a26bfe4d853e8a62465fbde3,Mirai,mips
764ab43a9e8852c8ff1049f04eb2a5c51d0a6cc36bd7f7b562a12a40212e1786,Mirai,mips
76927bc7b76ae880dfe24535bf22c60a768d413ec085c4e3efb5ce99a2d0c964,Mirai,mips
769e7e9b7790e144bbcc2153d0dd6f755ba4b1e78f1707e2aea7e5ed3b92badc,Mirai,mips
76d304c3174b1286c47034bcf12f6b1c73bd09a7e09910da1c9726c5af1aa6a4,Mirai,mips
76e9c2115399757c05d9870751b1541ed5fb2dcec5bc0779343aba809daca41b,Mirai,mips
77090d6fddc784b846595180cd2c4649e6ff3df10965280f19aabdb53007f36b,Mirai,mips
7710cccac59bc5a7968404c854368541cc429acc3b6dd939bd7265a0ba873340,Mirai,mips
7746a0bb4560a21fd9e7a124c4eaefc8ce58b54cceadb2c5ec26ea55ff5c9557,Mirai,mips
774b46dcc38f9be2e5c6413bba0306b3e86c95ffaf78795f2a49861eac4341c3,Mirai,mips
77a4375eed97af7306f56201c431578adcc63a65df8e82b96f2ecdef4dec380a,Mirai,mips
77dafa9bbad87cfd140e0f994f5047e7acc04059e11c9486b230f3a4e758643c,Mirai,mips
77f5771db280a84cc8406fe13ac89b8f1e97e389f6d26da645197dd7ad0423d6,Mirai,mips
78348dad56c40ba0e75532b24104195d7fdee13bf408ca7cff9e6696406cc1f0,Mirai,mips
783664c7b9392ab82e46e1bc06570be0db2203a73b6650742659ca6370899b51,Mirai,mips
785ddddc4d83f84af760b5a0b5943a5412543f73136793151af5166fc00664b5,Mirai,mips
788c46c3c5cb3d3cceddc371ecaa4d20a5c10ad57f207cf9faa745cffdb26c12,Mirai,mips
78b3fed61a3737ddd4e751f7f5a651e5793ac3f636f3bb0dabac0cc3cf9f7bbd,Mirai,mips
78be442bfcce88c1e74da27f64da17b676d1fd27af5fc3a09c713460cdd67299,Mirai,mips
78ce3c03e4ef57c3df3c6ae65e088c29cd071d76dc53b71a11151050fbc27fd6,Mirai,mips
78fd92c07733e98c5584bfb24532886e4f3383efa0088e1af0d362354dbc512c,Mirai,mips
791c5f0d58dfcefbe8835aceacfaed8f2d0ddff54ef8fb5cbfc052b14b0aa84e,Mirai,mips
794bbd7444fd2ff95f9b0068f76488c7cf0fda6b15c698d9b74475c6f1e04fa8,Mirai,mips
798012fd301f734a93c3b5557b4c8508ed340f4a594c792b1d5dee6cd26c13ed,Mirai,mips
7981adbce5a0f9016ed1d6f9c18096dc1656be8227e82ea38dc1674d44b7925a,Mirai,mips
79b05b775c41e06b18ac02097e8dff7e5e6729123cbd08091efb73d93a382d45,Mirai,mips
7a1daa6418c01a6445a3b65ba18a7c041efb50937c1a7d0cee2cee103235af44,Mirai,mips
7a326d9de87678da5935eee185a7bb06da85d702dd2513feb71a0b4aae87eb3b,Mirai,mips
7a3557719ffbf80ccc3d1f4f0ddeececafedcd56844c812daeeb5c2d97d861d8,Mirai,mips
7a38e83cbed48b11ecbe065088224203208122797fe4a609e20d7853fd60c98c,Mirai,mips
7abd0d4e709f76dec1e6395421e31ed84fc6b2d7c2a9d57f6029e3b61510cf28,Mirai,mips
7ac88c3f996aa06d8ad81756aec2d241e4194c761ae5e98dc9b2ba3216b60365,Mirai,mips
7acbb56f702bbd10329226ce49bb30dd18caddf7d2f376b2be405ccd962f119b,Mirai,mips
7b0546bffe9830b3af0c6dbe1241d1234e124bd6baf2a8c599ab7252ab707c20,Mirai,mips
7b1ac4488d09e2c1affe78e64547e9fd07bd10e532a102b126542cc838ca1710,Mirai,mips
7b1e14620e6bc2bae04d37b6e6ee44f171df89bd9079ae80717ffcbf8357efdf,Mirai,mips
7b618f7c6bbe81c77492d48e3dc458666157290027b2776b9643c9ce32575256,Mirai,mips
7b711b45903f64b28702ebf56f295f27346f5ded18a7bef5ab6390160f4f25d1,Mirai,mips
7bb6865c9089d6332c694c803422deb2b972bbb99aff554882c92567cf3937f0,Mirai,mips
7bd09c678e8e52337bed34c8a1cbae0d2828dec60c2610e2d69024937e4eb68a,Mirai,mips
7c18a8bad0e7432b14f259bea83a5fd85285fc8aa1506b891cef7d0bf480a546,Mirai,mips
7c6b818deb441ff69d4154ef9abc445f983af1b68224126eb291cabd2585c239,Mirai,mips
7c9ab5684672607a35460979707a754b4d51da02f4c1d52f1a724d137914bb91,Mirai,mips
7cebf16fefda693255d7298dda33a21a63fb77fb798bb7bed475912c7aa2ce6c,Mirai,mips
7d19ad8a8e6d0a8df6637bee886f8b2a27d3e034980d6f8ba03cbce84abc86e2,Mirai,mips
7d9e6c0a4fade744e96601779bb07e185eb3d863afd84717dfd7938606e1bd03,Mirai,mips
7da681e1cafd8dd27162ae1b1651837a8210bca037492d59005a8a9bd4d2465e,Mirai,mips
7de83ee4c46eca88e6028a6e2a0b2773a6944c7fe92f402568064e727fda1fdb,Mirai,mips
7e205848fe35b2f71cdea34ea05a5aa887a9d1cb41142c9b8851a390db04d0a2,Mirai,mips
7e610c036d95d534fa6fb43342735c1aef1507a386fb6593782c8d5ec8142d85,Mirai,mips
7f33bf8549a2c339f0601348cf49653e23dcb963d9a70c27070f98a68ed4f219,Mirai,mips
7f4101b08d29a43d9affa9264f02c3879c74503afa69407cb38d294da9c22291,Mirai,mips
7f4288aa88f01b9f03a5717ef6503c7b773c7e234c7c270eea07b56a3f68cca0,Mirai,mips
7f69408535b23ad4a0d453022f08b27dc02af79539a5ee6d57f9985786e9b71e,Mirai,mips
7f87680cade27ed911dfb5ea6d0e24a2b75d53314b6cb05f968797d72ea2fe54,Mirai,mips
7fb19b3d79597813a0080e0620c8d1b2c99fb1c2281cf6f233e6daf71768dcab,Mirai,mips
7fdc738d1510c531ce5087f983c868e0f23e24a132f1949d708d27696ccceced,Mirai,mips
806e3c64d7ecb9a31bab76e5a2aa10bf056dde53eb9f3aae34a67ed527f15e77,Mirai,mips
8070c7489f5e0ccc2c2412b44c2965b9066ace9ee4e133070a8b2e64bc6e23ff,Mirai,mips
80c24562b6fea39895d18ff853c55d4b354d42145f7553d8975a43bccbf4a97e,Mirai,mips
80cc608e0893ed375d6226f919b247daf8b958e6e2662f069ba90c6a91463ec0,Mirai,mips
80efb5602b07bbbf995071194d78d94c8f23ab14faba137c962dc990acf06c6d,Mirai,mips
811d99da38fa91667b490b22e0c8882a367ed2940b1679dad2b281816d540c17,Mirai,mips
812ead05501a6cddafc58594d8359c220534548a117a30fd83a34db2df0650b2,Mirai,mips
816e50401021c6edb36329213853f4ed6021ed9e7fcb1e0f7d3369caba7262a4,Mirai,mips
82295c705af9073417d3c3061fa8c75aaa3619bd1b86b13e00aad4bebf955fb8,Mirai,mips
82364cf9cbf9e38ad2ce9388ea86ff18443957b3d5b5f658918ffffa3852f91c,Mirai,mips
82401439adee3c1d21bb6aae9c96bf32fcd541b04bafb1e42e114f68cac14a33,Mirai,mips
8255634e9fd2a6418a4ac3325834499595b3c6959fec57722b32fa13050377b1,Mirai,mips
82637cd3eb5639c473e9125bcf6a029da278201537c01d2d81c91ab60c7d504a,Mirai,mips
82a0a7b52d6d6233f8bcbb00a857e190ed1da115ad76b20302bc619159822f35,Mirai,mips
82b736789c7b24c5f7a60e263aa287cca7659f570f973671010bda9ff9f18384,Mirai,mips
834ffd6eaf4ecbf48fcdef29284d275ff52884ca1153e74079ed7962a2e80590,Mirai,mips
837f4938d64ab2165bd544993a75a3f48fa79596efba211ae2dbf60c9b2a693e,Mirai,mips
83a5b5b7e075e4e3e7f505914b49861e61d8e4c24ae84f6eee315d6df7d94878,Mirai,mips
83a87b2c4bd10eb1ee448c85dae45b2e40f1a948027ecb9d8d2ba6ca672d4423,Mirai,mips
841b20c3ad530e04823629a9acf607374aeb28910a747628bf81f5f01db34272,Mirai,mips
842bd8bed26870091a3f370630d979589376f1dfa31a1f9b8a5dc87818565f55,Mirai,mips
842e0b84e44a3b81bbe7885892d03e2c1b1a85b778cd551cb23608e91b86b593,Mirai,mips
84d149505892f9eaa8bed70967370946cf2242b52c3f44b15e9b5d5374761041,Mirai,mips
851aae8a205b1ed293cc0a67b0a7c19ffc9cb1c1731678cee343be373c19ddd3,Mirai,mips
85269be7abd19c58c96c6420e6b90f2dc52774750d0204c9951ca7a5eda19e28,Mirai,mips
855eaddeba4582bb77bfb56ca7192e5e38a7c2f6864f06f96c7089be477efef5,Mirai,mips
85645cf127a5262c15044cfd2d45a0909bb4a9b14e549bc90e60c37eb5c451a1,Mirai,mips
85fbad7165c960489927ba65f08b7f09da2fbefcee8ca6326d5345493f6cf7af,Mirai,mips
862f62ce97fde807e7c9f2bfcf46fe2519b171c700e1c5b8243dc453d95cd101,Mirai,mips
8636696e31408784a176c437dbfc874c82ec131e100ba5763ec6d7e8962f308c,Mirai,mips
867c9a95f4824f0997b2f4eb93bf85e149988068e3cee4ecf7b55433c15d0b8c,Mirai,mips
86a48f304c5de2896933d6e9c212128f2122eb350650f7455635adbb54877493,Mirai,mips
86c70374e90ea8970f14433ac5ed628f217fa3b8e43aa4089ddf26a968c21f99,Mirai,mips
87212e45c21b54de15be18446ef5c90526553f1833d2a220a3ed34dfa6bd5285,Mirai,mips
87b4f2d203f88d125408e378b082fa8cea224e5188f9451baa18395b39917a32,Mirai,mips
87bc8eb0b8e3bc4fcb7e26104cc0d6f8f479bc2ad04fc96462f7b59248c46151,Mirai,mips
87d176e81e4a47b54598c23bc45d2ab23d377d0318a438f0e19d5dad11c44270,Mirai,mips
87d620cf8d95e7c83f82935579c78f9804f05104a3d66daf51a41e0ef2b38438,Mirai,mips
886ce6abe924422b700a6791be07d942170d2d38bde5f783e822a5375dea4980,Mirai,mips
887b3242499df727f329d5135c9620e83c3b2239725a274605477ca6c252cc4c,Mirai,mips
887fbc38b2d838f0b30ff59bb568be678cd7c0813d575f2c395d60a5b68812c3,Mirai,mips
88821c106791e3cf0c1254c8e2ad1abf62029a3f8a7cc3419e065cc7fe37eb15,Mirai,mips
889b9b0770e4bc09b2af4f60ab9155c3f7441caee3c946b1ee59b3698ed20df5,Mirai,mips
88a5919adf91e5b09fcf50b7809a167677c6a7eb48c386b33f46d96c8c9bb2ad,Mirai,mips
88dcbd8ed7adc37e8ea0d23d45f3479b8d95747ba06c4e357d59b76fda4ae309,Mirai,mips
88f91e424e7c1c0ffca81f0073ff39780dda6c67947c0ed2532372fa46dc4871,Mirai,mips
88feceea31903fe6b13b31fc775ee5e3b907f1a60da335b1c879fb0fa8afe380,Mirai,mips
8996f2c2f038aad1ec0cd0d2a3e7f917ed8193491f73a2752a485806d7b2f734,Mirai,mips
89d51bf28c72bd7a3af2e6f5c7b39524896730b4c9f4eaae805314e635fda07c,Mirai,mips
89de49ea054be21815bff1a1c816e2337e97b6aa2daa433dcf60753e2727c26d,Mirai,mips
89eb689439ce46bd1653c904755dfa1e3a4cc3a070b3c9bea6795bfa52186ccb,Mirai,mips
89ee58f65e4692f638ff2d7b5e3bcdc1cd9e605304bf2b09a07d7e4918542e55,Mirai,mips
89fbe8a3d0fc7f2794e5c480d5f28e5871437a3e6e3d666f5212430853d1ac79,Mirai,mips
8a3055e89d345eb9a945bf5c260bc3a8c8c75f8839f549b2bbe2fa6f12fbe08c,Mirai,mips
8a57f2cce8a919e9f08adb7afe4550d8c99a43e795d044baa1fc2523220aad68,Mirai,mips
8a6807402fff4cbc4b99cdf5d98bad41904295d5db800c41d777d24a6abffe2c,Mirai,mips
8ab4f2f7986c7c93cfbc3515f34045d755620233ef6bf233fe1551ae8d6dc368,Mirai,mips
8accf2800d59ac2538b4cde8bfbfaa7edea05fc889c90cf2406b91c5bb08ed3b,Mirai,mips
8acfc2b5e8eca777064e016a07a17345dfe21767500e1c0e3218bf08a201ea10,Mirai,mips
8ad93762de17c4181bbb6fba881fc947ff5a397c093b3d9eba51b5390ad0e39f,Mirai,mips
8ae33a1129e41460b1fb5cd53767c984e8f909ecc1386ca03443df1a55f330e3,Mirai,mips
8b03e641a4e851eb91bfe661628b6cb17a5dbf5eaf926c8e244c7e12973d1bf4,Mirai,mips
8b07a1bdde4811b87ea1c73b8b199a326f1ac96f60b991895ffb11c61cdb4f3d,Mirai,mips
8b1a31f938ddcda95eefac5c3ccad06da085a8e55f9264033bb3456008a7954d,Mirai,mips
8b3c343b492b980d9a9dab1831ed3218f58dfdc9e292496f2d16c288c733d77e,Mirai,mips
8b9e075ff341c12bfa0c345a9c511cf1686a4dc7d398c459124f510d916fca8a,Mirai,mips
8bcb68e257660ccf1d7a32d7ff1414c4fda85803f1a5ad6c44cb7b75639dfa16,Mirai,mips
8bcc08e669a1bcc93fb8e4a607370db64c8243897bf63ca99dbf2649fe7cb6d0,Mirai,mips
8be607b7a2ef7a074835dac5a27315b6781c360d91db3f677d546023879c0308,Mirai,mips
8beff0bf5e3375ea68052502397a120168bb3b6bf18d8c523d75aac9675940fa,Mirai,mips
8c4569ec065c272c72de4e967087c53435b2694cd0173d850627ef501a3b32cf,Mirai,mips
8cc4197e2022c55eeb30fef38ba0be272f74e38bb498bf2134acc18e4f8dae1a,Mirai,mips
8cfa4ea4480c1c772c0e75fdf87020dc1b1708456e1c462a8ea6cb85eabae880,Mirai,mips
8d8521bd9db6f7aad3e2d4d1300014e7b5f2a0856c71793450577c908e660b80,Mirai,mips
8db44682cd7d4b64922e44e9de02a0dbd661379d48c23603a694298a168aa165,Mirai,mips
8dc918ae776bd4f9190fbc880bd305e4cccf6bba264c0982fffd4f7bacbc9bbd,Mirai,mips
8dfb263b9936eb4c12eb53a770fe355ceec90eb9fdbeeccc42ca8d0f71443dd5,Mirai,mips
8e345deacb3fa39f4870e2e2724005cbcc73d41564f9ec081995e7cec03ae548,Mirai,mips
8e514cbb828fa86c93ff8d5ef0f774e50376d781ac9dfb5af7bf2b0b5c378935,Mirai,mips
8e8075285bd68f2f53f26d9c305e644662c2c21baa8170df04b4c81b69e08fbd,Mirai,mips
8ef9015f6ebad4e9110bf71007a3a650ed1715831ccda68a5115d09ecb8f4591,Mirai,mips
8efabf4512ae7a3099f8efe1ed7d2e3e612d8a9871851cff55ad365f75309687,Mirai,mips
900c5c1dc0f4d7f0e8e2f2a61230193cf9575f28da10fa8128b14d6c2d6cc0af,Mirai,mips
9043d2ca5deb93fdb0d1681e659a70184275727eb769254494b9efb165e99fcf,Mirai,mips
90923d434f7d79a1ae71921dc124a5df8fd5e4516a208947d49d559cc1691110,Mirai,mips
90a2dfe8fa71b90aa1a2d64182b08dae7e210876b7a0be56a6ccbb12f4647efb,Mirai,mips
90cd55c61f96120fcf0d039a2eac79d4ef5df5278d060724c87694152383ff9f,Mirai,mips
913e57291c5053932198f4d9f8eeba7c263ad0d0cef29fe60a387fb436b4c4df,Mirai,mips
915b3bbb3d279d49bb5ae22d68492460fb5ff31456de28f505f4dfb5da88c069,Mirai,mips
91d7c516976097cab54dc2f7ab7a25ed1d6013c64d50707fad1fed40a6e5e2ca,Mirai,mips
91e8d225440348ba067183d695457bf885de923957b945cb6ccb15be15623ceb,Mirai,mips
91e8fff5ae7154cfadf196077bf6180e1ba98b17a14020f129267d74453c5c03,Mirai,mips
92051ff22f78ec2755fb91442d395173eed639b8548fa279f9f003f3a6f40f8a,Mirai,mips
924dfdf413bf7da54f0441bed63011806d96424f211dab2bacd0d49cf343caca,Mirai,mips
9257561f23c184b48a61597d56ef9e88dc2495d8eab9d0a24ba6b2a336801e69,Mirai,mips
92bf0312b5035f2c5b4bead0987eba2e2e6c88b97d9563c44cef92d2e055f75b,Mirai,mips
92c3d58af72b35d04fc6f86045deb29a8d7705643da04c04a4ab176097a115b5,Mirai,mips
92d42276682165d856ab6c928967cd7fa6ab33d394b223a9abd1decc9977f12d,Mirai,mips
932b22f787e7b165fbf8956ef4838ff8bb9dc18441cfa4daff4ccbd303131156,Mirai,mips
936de9ba8be909a61803272f224c9e36af85befd6a60f0813e2d474affd1c448,Mirai,mips
937dfb6af0e868dac58fba659768cdf157b6dfc3ef5ad4fdb94eaf479f8f00d3,Mirai,mips
93c6c4b2953b904d10133d2fd6cb555a8760585f150e05faf311c6cdd730a287,Mirai,mips
93f8687f3afad4e190b970a643c89c89766911817c91f53b3d68610637c5a013,Mirai,mips
93f9950797c0030f06a98e64fecc2ed75e54681ab9da4b79e0e4581e6bbc6c28,Mirai,mips
9402b6d822fa8db7df0ea1abe744756e4bdf1d501ad670aeefe880c29b5639ea,Mirai,mips
9429b9a4b214132e10b56027143408edb33031889321bc32d5d105c745a920ec,Mirai,mips
943a4a3a83a6ca7fc93fdecbe33dfe47906924ee6a726daddb917063494e34b1,Mirai,mips
944bdbb400d21816e48cc1060f1e198406694e01e3871d426fc86da4e95923ab,Mirai,mips
945a90c73d4423c2eaa2d2a1481e066221fc3601c317e7496ac95d4fcc06dc8e,Mirai,mips
94917f5b7b7dbfdc419235dfd9095fb06e6b92f10c51c0b5104ab8917c6cd065,Mirai,mips
949d4bdb2fa9629a923ab2ca4c5f8bac7ddaf2b3429b64276fd3513bdba1ec6e,Mirai,mips
94a426fc241056d23c724712623dcc4119d4918f2f4b9bfc01986fcd5dcc6aa0,Mirai,mips
94a48644675b575dee53926d6a174457637f1cb23773695d3971175b2a845f39,Mirai,mips
94ad6691edd1ecd1060f421825573be41ac0ced84b125ff8ac691d03f6cd72ba,Mirai,mips
94e3c28ef083767a378c172c3f03aa436d7f3e3867ac26639ee2b6d12eeb1e82,Mirai,mips
9518862803ca03026266f28983d623fc0e3a1bf710e727c4909b9e1157e7b48f,Mirai,mips
951f11b01a3c2e0139581c9d4573eae25e30eb56796431a13b8c50873c2471f4,Mirai,mips
9546b3a93b460c2172fc5ddd0e3b1e0c9e2452e4f5c1b857c2d467efcf75d9ed,Mirai,mips
96038544ecb96eb8929bd33c29571b74d4ce9b66843a0b7d46779c8eaa64177a,Mirai,mips
960937ff401b61a5858916d353f9f147cf1cf6ea9514e82a7b7095b781140cdd,Mirai,mips
960f4dd17361a218161ba1b2b9af13414e7644702cd6c04296ad11f5b1e39670,Mirai,mips
965a8e60dd6aa6f5422fa33e9bc605ef4f2d31dfbda0cd8acfa1254907dfc01e,Mirai,mips
969f923b227986163cc4c905b1acdf3fc4072a468be72942f79e6ba8b2494983,Mirai,mips
96b3934cfd42f0afaa379a5dceae46c6008b168b20cd71dd0f218770ac66c303,Mirai,mips
96d1de31e32147ef145e71e39bb76f43c707ba50dd09c168833b2cb5059dfcdc,Mirai,mips
96d29456d2a35bf15938c956b5ea2fe431c09f3cf4abd412078ef8e943ce3b31,Mirai,mips
96e45c26c296f69427859e4372e06427ecd92519356ddee49eb79fc4f53c48c0,Mirai,mips
96e478748c800f59382b11a94c83ee67539d99916897059afdc1e9f66a27ba49,Mirai,mips
974f937ac9f4a80db41a11742fffc2763230ad23ce8a40681037dc4c956bcc4c,Mirai,mips
975a64d3c329da3309e060de108c88e0cae8b2e9bb69de65a0aa5cc1324dc0ed,Mirai,mips
977092cbca8737c24f1ce2b77b8d6a78aa4ae7e1b7cd14a140603504f7045a9a,Mirai,mips
9792363b1c755c072ef4289230e55675cf731d8f71824c274eaacdbbdbcfff50,Mirai,mips
97aa37151991e010bb7ec5e31d66cc93579cf1ad0afe8abfdfad344c53e22c48,Mirai,mips
9818a98a62f68729d01c98f5e2c38466186788f3edcde480fc31a3100873643f,Mirai,mips
9829e1a0ebfe1e2b54f86df77c0e6087cecdd8000db757166fb48a3738294c4e,Mirai,mips
98315b800d9adee2c02e3e0bca24b8f1d357118e32c8fc2c34c323acdd458dde,Mirai,mips
9851bd2f8a79d08d89170082fbe5e707de037506f569a3f47c827d6575c94d47,Mirai,mips
988a3475b4ddae489df4098cf119b9b4f3e959ea0ccac455d5ec5c9c2c8d5f56,Mirai,mips
98c1df7ca12a34a97c69312ffcb00f63bff67a761fa3c35f9365dbec0419a60a,Mirai,mips
98dd38fb8f0694bbf03b67c0bd88204d5067c3d833289ec894c4c4088ddd59df,Mirai,mips
98ebf1056fd0fe965c85a91294ca075670f34d131363d00036c54ff199ed083f,Mirai,mips
98fd865d11103fc4c053105e74c52957491bcf3f3964eeb52b8d67e535d07fe8,Mirai,mips
990277d35031d6c90e4a367d6eb32b34cbfd135336c7f7267b23e613da25a39e,Mirai,mips
99269eda93ec9a283a2932e5351a4bf4b8ec906d98106c037b277f6d3943b171,Mirai,mips
993a827bc98c3e78fdd9be4e0d311cb87ffca3ea6cf8a9620cd75ba650b5fc6b,Mirai,mips
997db075163d6f9c5277afd8cb1c6bedfe593474cb4f23fd38e882a63bc76722,Mirai,mips
99b89211de870231a67b1b7ea9502e4b384203cf71e50b5657765773e58239df,Mirai,mips
99fac0074d5690538812387a68d9a8064d0140bca32a57ddc858dbfbe7d31078,Mirai,mips
9a37486e1e079b8976443bc7d419f33cab0d2821b561b106c048a669121b434e,Mirai,mips
9aa6c500b3f2ac4f2b40d33a94e0b6138ba4b03e84b88fccd39ad270d6e6fbbd,Mirai,mips
9ae34c5b3def5ed0706f22fcb2afd60a3934effa0e47461229aae9b52a8ae3fe,Mirai,mips
9af53c44768cc72627e54822c2c71cfe06c6ec0dd95ee745b9f8f9e1d046bb91,Mirai,mips
9b1226cb7d4b09c4b9db836af6a917b27f2f411bdf4f919c9d4b5d7848a4ddcd,Mirai,mips
9b77be28356f01198e6fdd8aafdcde11ab8372f345f1e654d4c9a99a5c0b1753,Mirai,mips
9b794e7fd39102bfb2812439eb71bba8454fde351572a46e4748621aea0e9913,Mirai,mips
9b8494b98e641e2452392cacbc189d58bad19555990ac51fac5099d3dc1bc50b,Mirai,mips
9ba1d4d8c30e150c4e9fa79b4db1eaf200b5bbf18fb2835f37ccae3420ce8272,Mirai,mips
9bbb902d817db252c8736c04fcf4edec813f61df276b7ade0b5fc6be68dcb275,Mirai,mips
9bdf44f3bca76fd05ab9d0f908ff1f67891d0ae5168a69044cb11d77f49a1a12,Mirai,mips
9be3ef67577415ede64043d0b549c86c9e4e454b38607265d7d99d61f8c1b805,Mirai,mips
9c54a15c9a67e58ab6553a1a651f17a5c64a4483bff88aeb791c86bf31edf5d4,Mirai,mips
9c6f54d6c9e6b49b51a8ebf6d57e67b7f5f4a078335e8581aebb19424986ad6e,Mirai,mips
9cc4048cebca9e52b4954bf6ceca70580945c5fcdeee247b475a33ca0958ae39,Mirai,mips
9cc97ae4aa392fd3fb832f871be7551b034ad3190968cb127d5d3877ea42bd6f,Mirai,mips
9cea75983f9c1bf309a222897b417a5269636eab1f75e82859940e630f358a66,Mirai,mips
9d3fe37932117e2a3084ef7fadec545263374beedba03282e61b13a7419be9c8,Mirai,mips
9d4c62c8a59b4a0605d1e142115ec3e47f1142108d028ffc12341441fd29e656,Mirai,mips
9d52ea0e3e8fb9a3d34c2990b0d92b5dd3a86728d48f6215d4d6b4a4910c7f0e,Mirai,mips
9da83556bdec69f5bac7ac3eebdf1ecf9cd7da322c1b41305846c21d5043e529,Mirai,mips
9ddd28759d291726fe345e6979f5db0e1171d392516c43c16e85dc4764afbaf1,Mirai,mips
9df048d51699aa64277cb09080106350e718549837127e4bc68ed32156ec057f,Mirai,mips
9e1df7ee73b6aa10f42f6adf457310373d72d2d949a635c07421f3b99b667d7b,Mirai,mips
9f0974c0257e7f0f87c0a8b0f27e698b87458471100636bf41409138296b9935,Mirai,mips
9f218587b4e201ef3d3795d814d82cc61d748e299cab37bed31b46c841fee855,Mirai,mips
9f56b7fbf8cf28f74e13ba81696f6c0a6a284eee18c010fad7a6ae9f8664bf1b,Mirai,mips
9f6761688883ff57021ae5f7ce661ac60f5096c0a852a214d0acf74c52d0f040,Mirai,mips
9f908f321c33b8b5fb7d739d47173b9b6d9e0d27ed4b5684f09d831a2606dd66,Mirai,mips
9fb79c84ce30b4ec2cc6fd1993270d4919796b022eba7bcef7aff90768778d43,Mirai,mips
9fea97ddb7ce8489033bc0bd36af9b4a94e49c079627b16f4f972ce9ba7ab5e4,Mirai,mips
a03e46a2de763fc23843e434ed4855df08624ff946becb4b27ed46fe4d903b68,Mirai,mips
a05a5c24264cc2ed874bb2125862ab379e536362ba44401d07ed340d6cef5e75,Mirai,mips
a0e85c1674d1331b21a690e7d3cf51fc3ddba85842df58b8ba827a6fb3ec0b55,Mirai,mips
a10e53de4312cec68cb810bb2545518f5fec95e0d5074f8c7a55ae3f74d4a76e,Mirai,mips
a1320c256aae2d0fd1924387d87f60b7e03eb5647ab623a5d2bf1add5eb87b5f,Mirai,mips
a13372f4b0a05d7200bbcbfbdd54bc6853c7b7e0780e4d3746edbc48a7f5d2c9,Mirai,mips
a14652d6257d73c62076ed2a4c52f1250f4d6452c4dfe258e06658cc535410c5,Mirai,mips
a147bcee99015ce54296432108d0fae0ca7dae20fad0530909fd65f86a48b14e,Mirai,mips
a15578903cab2eeebf10edf2c60155b32daf05845be477d585e89e473768852e,Mirai,mips
a1710ad8d80f496ca31183bbd62898928f785c16af6b07c78888cedd1d78dc87,Mirai,mips
a1c25f715fcb0d2661c409aa39ea9d35b1d91b5e033a1fcfce591a13485c43dd,Mirai,mips
a1d712f495331e0dd5ed62a0ae71ab7790152c31e1d07b1ff8916d35326ad092,Mirai,mips
a2115a06b54cd0b0a2eb627c0035fbb6b05b7ca9219f096151f2423247e1fca5,Mirai,mips
a23988362cdf4f4751997b3cb6aefc1578c0cf4b117db24a973ee1aa3cde8edd,Mirai,mips
a248655ebf8a65b1397e5c4779ef2119bbc344a38e5280ac9461288a5dee084b,Mirai,mips
a277acbbdbf3ff9b2c5d5f91908ed445f6f2adaeb71bde8ac28f7f2c56772954,Mirai,mips
a2bbebcb032577a22c6b89c7e514cf497fd519b9296698e114a414ae8f67ddc4,Mirai,mips
a2d6c42b55a99f16fda85a1bf5eeb17f93d0874eca579036f8234047dddba469,Mirai,mips
a2d84ec18be480520eb558f057d032fafdc9fe5e3af9baede8785600ce488ed3,Mirai,mips
a3240a35b1509bd260e7d64cf5785d48fd37abe9f9380808c8083760e6df9ecf,Mirai,mips
a35707aee9cdfc499fb9ee24da36f58aa35f74827618ef2bab215ec557d33aaa,Mirai,mips
a3781691d44aec90e493543d3c502238eb60004005b450528ad5a970cd1e8eed,Mirai,mips
a3c0441e597065e71c96e4093414f646ac0294e7033f34756884a570b7ce8ff5,Mirai,mips
a405d5ef65794168494f7c0ed4cb88f7c9d58610c9e30d33a3c9e87dc243f151,Mirai,mips
a40c48371307729ed2032fae9abcf5c14208e43737fa6e2650e804164a4b0612,Mirai,mips
a435063d031bd8fea769e4563f98334d82d93d288c1e583e33e1cb9e024fe8eb,Mirai,mips
a499a394296af52eb4c761b1c647162160242f6dc33e973bb741aa94798e21a3,Mirai,mips
a4a425be45fc81e76e2020e14c64a433626e80d3c24095e86bc48fda189d70a1,Mirai,mips
a4a8c200bcedb89d51316eb9ebbff9013398afd91516af2cabec768ab7b1bd9d,Mirai,mips
a4b12df6be8f5059d552c31aba965775404ab58de050df2cb0add0fa5bf84b40,Mirai,mips
a4b3c8604ab3f644bcf2575c86b0e155e6352e431f331e99795784391ec05a78,Mirai,mips
a52b77754bdb8a4dabe555f8635890c1aa0e0ea60a6a9745ddace7b34a2f70f0,Mirai,mips
a53bced743cc63120279a85fc5d1d197785cbfefaf32ca8a65ad26ba657e847b,Mirai,mips
a5bb050a409235c52a43c350fd643b47914fee05f842ec5264a2ab9d71614eb4,Mirai,mips
a649d11b86bc417ce7da6d301edbec894d0c915b6daccd8c938bf8a7862034dc,Mirai,mips
a65bb1b1aa2f16b9b8e1c907c96e32b0785480c05b6c3b20ddd9471a829bbda3,Mirai,mips
a70c9d78481068a5ffb1d8d6c467e4e81a16d2874b19509fba7b8bb6c18f96f5,Mirai,mips
a798b66853ab462be0c2002e1b6f5491039aa99e441aaf3975d6467c967c9ef3,Mirai,mips
a7affed7a346847bc4b0192784da409fe4282e4b300cbee3ed458a1111327a86,Mirai,mips
a7b943d797ddbc79832eb8109c3dde992b65fc2e2daa399c74cec87f6f25b967,Mirai,mips
a7be9baf409c108bfcf778fbce4abe708522ac1df62a53ba5b544de26e31fb64,Mirai,mips
a853c58c48f23d1d2bc251ced0f4539daf49bc34216af954ecc6de336d54ba2c,Mirai,mips
a875c814aacb1787fab839da91d087f0ed64974b8927279b161232374ecebcd9,Mirai,mips
a8808f7c5abaade73e281775cc7335e223af8a5e61fd65971f2fa7ec72add586,Mirai,mips
a8bd7378e7ccde156a97ca9d56e5f95b36066b17bd5bdc2a38fbadb71fc9faff,Mirai,mips
a8e4837dc0d09f5d4ffdb1b05f0e8edc274fe409af08add7bbf6875c71a167f9,Mirai,mips
a90d973ba4eccebb95a31473e04b8cea1bf4ce4a3ca643dd169d2251a05d00ce,Mirai,mips
a98b402240c27d5cd48e3380f6d3881f4e97ea4f8bf87adbeca50e668ca0b852,Mirai,mips
a9978ac7c89b888eedc81ab477205e95d3877a49eb02b1c71c744f77d24628de,Mirai,mips
a9a9ef834552e7e41e1e6171bd99f2b2baa550b407b441fd1e29409a1cd3624c,Mirai,mips
a9b79b81d75ac52f36f6d658f6f6a8d914142d0e5d66205bd81e4a84f7bb067a,Mirai,mips
aa17d8d2907e578de18a0484aa800c687945b326177c351451e27adad2ed05bc,Mirai,mips
aa504e77a2905cb1b2731872bf596d2e75d6887f72c12cd90b2890a0f1b10f63,Mirai,mips
aa62bdc2cbd7e54b77a755adb53e8927cd35d526b6d3e0e175746ef342884b89,Mirai,mips
aa718d3c5dca5cd1e3fee41ac1ef3c362d49b392143560feb95fba09e4c9b444,Mirai,mips
aaa917c94a6d9592c5e487e5e69f1219473a6c83c95e9d82550242d485c8f77e,Mirai,mips
aac70ec6229bcdf17db9ace2bc2897dc3a5748f99a69ac656f9817edcb9e3aa3,Mirai,mips
aad21dfdf2a5eb5404cbe996bca619c16252e42c2f092f65531f9258d1fa6284,Mirai,mips
aae6eb40ca092e314d5ba1e0fc51b79eb3d178a9d0e8f6c81d3006e26623b85f,Mirai,mips
aae6eb9f8b14008059f8855ef066784cd0e7783b26110eb2fce803983230aa04,Mirai,mips
ab0786fb43c357c2af7f40838c119d6d9fe98491904c53f934286a7dd211b666,Mirai,mips
ab40b61829c9f2e6a5b6a97cc2ac97307452f11dcab4cbe5e124b4a2d9d90c7d,Mirai,mips
ab5ad1c76aea1b7b3f031534dfdcd87f6306843dc816b3bbaa5df2346a1a40d7,Mirai,mips
ab6c9f3620bbe992c1fb8c605bb831fbf1792a6a7b27e7c7b40da0647648c0ad,Mirai,mips
ab83fd687495ce7398866848b4afacac82614c48095cfd91945bed4bb8ba14f2,Mirai,mips
abbd4e2d9c0e2912d7bbf0f4a6568a2a0ac56ad263d899b32bcd0a89433613be,Mirai,mips
abc0d82fead7ae2e838c1b5571101f22aa45a421d2185131a0e3d24cf82bd7a7,Mirai,mips
abe7e2ca6681700614ffbd5a71fbf5164e60d4cc6fed704e0e300ee362e30995,Mirai,mips
ac0e04a0f619ba6634c865d052e1e7c5696bb014a51a1cae188a2eec9d50a216,Mirai,mips
ac55c1ee9b90630e2433312a4e8e95e152e69a7d73997188eb01a56949bab375,Mirai,mips
ac59aeb6f937eebbd286b401dc1d6ffa7c9889e70fe4d0dbf26f04a09ecc3fec,Mirai,mips
ac82ce5975d7c4e4eb809f50cab5dfd7989849bd126ce9fb36b9807b4b636f5d,Mirai,mips
ac8f6788c563d2ed453097300383b8af10cb8f0f542956be2c435337e8a8f253,Mirai,mips
acad1fba8cafd1c84e7a84694474fa4e202eaeb8c3aae907ab844ddca8631724,Mirai,mips
acbc68f75fba99e1c6e5cb2bde4862746b584ce2835c51508cd6b1dfee48a643,Mirai,mips
ada98f7f93d61eb2760956fff9b4af962dd184aa0661354d275bd3afe08176d7,Mirai,mips
add11a11122202e1b750b31c288e3fcbffc11a79f584ef21cddb2d32acb66f1a,Mirai,mips
adf18379706cdf0f3a8605627376145519a78a0d3262b48b8c89ef12022fdbad,Mirai,mips
aec2f370b40bc88bbaaf9523d19a361980e880bc93e55e3f35c3d04d65c52be9,Mirai,mips
aefc95c1e8f61cc4e6bec2f3b2481b82abdb3e250994ae4845b33c9799f20403,Mirai,mips
af036819e5ab0703099912425534f85809d644874e70b89db36ec19510f0f408,Mirai,mips
af4fd72bfb45f324e9ff0a4470e7136b537325d043798f091ba87f327edf560a,Mirai,mips
af75fa4cfe2dc96c36e7c4aa8a7b7ce5aaac74f9cbd746f2a4b35815c551176a,Mirai,mips
b00a6a6368408065a526865c5ad3ac5f23c7dce51590a401fe1aaa2d7dfab8b8,Mirai,mips
b03336b3860d0c19b866c0ca89edd43053665e39c875bf1d82749122c426357d,Mirai,mips
b037963e52c7feb067e0333d79bad5e4cd49bbb8e92bde5fb136f981b2479f16,Mirai,mips
b03858410310089b85dc53df82635e41d465b4780d9192409de01662698d15f0,Mirai,mips
b07f97a329f2817c2fabbfe558893df5d8da955e2fcb603c96a914787be3b6f2,Mirai,mips
b088041e381ab53c2d50c20da36e737af30e688472e1fadeb9064cd154d16841,Mirai,mips
b090f85adaca5dcc3216cbacb6c65ab265796a932f9c52b09ee1e8e2fc91711a,Mirai,mips
b0a356340ebf775e6064cf0dced1c290176beaa06cb0066123f45dabb2ea4fd9,Mirai,mips
b0f297caa025d48a627eb19d2118ae4ef6851a306083d06b872465ce62e77473,Mirai,mips
b101a40c2b23cad1d7704e4e3fb1be0d7b5ce09b544f3726b0e21d1c549844aa,Mirai,mips
b164ead55d366910494151fb1e1afc5a1d30f4c598a792e6fca526a5efb752bc,Mirai,mips
b16cfbb380cabc47bf7c3301df38a54e924767b5762427269697dbb1416f7f65,Mirai,mips
b1a3944ade9c63fdb269bcef5812de70ee3d64a5bb24f2be6dd4876bec6e4e7c,Mirai,mips
b1a92085bb612a475c006048f933e8055187b1466da843ca5e9a7a6e1f4b26ec,Mirai,mips
b1b6d8ae4b798ee7125c8851fd2cbdf0011f28397cdced5b6dc6ed771bae8951,Mirai,mips
b1f461a1740135a10eb16d66f45dbc2bedf4a522ca14cdac3003427b7ac8c38c,Mirai,mips
b1fb1b77fb00571c681ff54233c35568144dfa849aec452584f83d979c3dca9b,Mirai,mips
b210e82f9dd1af6465bdd008a6e3eb2dcd7e1441dfe7884975563bea373fce35,Mirai,mips
b22fa5b05553f22f8655c8a049af0f98c9e686c4474d0616ff5ca64cf823a42d,Mirai,mips
b2332be93a00ec56d29d5873fda6707cf89d9b7e8541e214aef23205ed899c03,Mirai,mips
b242dd9eb7461f05b99759b420759039bbd2894ca83eff51d19c12576b8139ca,Mirai,mips
b24dd52eff7da7ada72037619d8adc261ccf6fd0ece96d233090a5a290baf252,Mirai,mips
b32e51515b690a43780b47b3b0ef617a2650f7b3a24f4bf8ac7abb815bf2056c,Mirai,mips
b35e53f3bcc3bde3a2ed40ebeb3e17d1bc3e1203e35bf71ed91b6eedc2eb5c87,Mirai,mips
b37fe514718bb39f6a4a7c141e02adbe28689d1553403d0f6a4711e1e4639b76,Mirai,mips
b3886ec1a8515d7e1d2fa5195d92c9b87a17c2490d7fbecaf9790ac760993d8d,Mirai,mips
b3af4a8e2c2f2d651b416992807823d9abaaf358048975dcf2eef929093c833b,Mirai,mips
b4048e2ff08d95dd21c5bd10a8ea827ded2e9edaf799d5351b83156d251f578c,Mirai,mips
b412e6342b787818f4e4c098cb4362f7319c8509a61527a34f475c03b1192f2d,Mirai,mips
b4146664a091c9ce13a5e77e55c51cf7c65786a38289e93987b72043c8f8b852,Mirai,mips
b428d7aec246cf38b53f689c9ec7aa3bbc4d8ec8cd73f43140fe58cea2ec064a,Mirai,mips
b4496ff2535492bd308d9da6c3f9127677330dea0603d20dcf9599eaf1758bca,Mirai,mips
b46b7a808e5df359c66b633b64f1b4a69a77e18ab64f50f57b49c9d360367979,Mirai,mips
b486180c67ae5032185463987cbb9cdea0ece4b77e7352c121e489d612b7a21e,Mirai,mips
b4aeafadd7140aeffa76c46ec17f892cf240ae15e901b898c228b224f2485ebe,Mirai,mips
b5749aacf284d65673f70344c579da104c8c292a473d886c2a079e2cd0987060,Mirai,mips
b61255ae981861aa115a547d93b8def1724893aae7d2a47a9a7b55b47174986e,Mirai,mips
b625d550d3fa9c04f1181665dfb282946822c3bbf8b7facd19bbdf30e505e8ec,Mirai,mips
b63f5f2b8c488dbb72e70cc8b3ddc66f1ad79709deeb6426d6470044c981c89e,Mirai,mips
b666e0c5f2c504476bc2579c23f26cbe98325d8ba3a4091e13216e55f6cee990,Mirai,mips
b6987b897a9558b205a397ef9a1a8db247cebd7bde4b7626f4288501530c5e85,Mirai,mips
b6d580474232aa6089e2f9583649503cc320f9b82f9e80bbec705652f528088b,Mirai,mips
b6e78e5bd5e82fc64e761ea7a4368e017061ba6d11b465848fbcc72b3c742627,Mirai,mips
b6f62b5fe44492ff995f1261e960dab8f321e94a364830ba87be87e57394572e,Mirai,mips
b6fcbafba2fc5cecb44fa961dc9e001120c938b46ce4f786963f71ea5fc86a35,Mirai,mips
b73c353246e538253293ccc7caf7e6a138c1c28ae07462b99910262979393006,Mirai,mips
b793c39e042dc25d0fc90372a4fee5456bc2992492e56f408a1b457fec84fda2,Mirai,mips
b7ba5aa2f8f7781d408e87b2131fa2cc9b95cdf3460f9778229398c9e851772a,Mirai,mips
b7cb2ed2d06666dce7f6e33a225c5f06674721d69b8124fb48f4f34697122789,Mirai,mips
b7db19644f04d34bdb02e5bafd1c01f504271c682c6427dd0b86820a6b11f55b,Mirai,mips
b7dc6b280e2f079278e91616e1aa3bb2a0144a69356903a700816257ef9c817b,Mirai,mips
b84fde88dc8de37772df70a2987b106048b562c7aecb11b4f0be8aafdd30c7e1,Mirai,mips
b891547a62bcc2582f34c1962607a52307f772ef1ece314117921201ce0a75b4,Mirai,mips
b8d1a17b16dfe6b6ef5c7214926b0f76085348ea8c48b060a1a95c9a43909180,Mirai,mips
b8f3b511902b4eb5d1072dba07d7d415fc4ecccfb34add02f0ca87d0dc70663e,Mirai,mips
b90269a41ea24b72e917d7fe0e8b8531647ee96539942523e53903367a242a08,Mirai,mips
b92d4db35f02b6b55dee816364ca35308095e1f8d42e69774da5a12488491303,Mirai,mips
b95f23a7885f6307eb20b1b19d0127abda552bb2d9c91d7a6e6da5f168a84151,Mirai,mips
b9a6040ea4d9da193be2a1149a5cff4a4e86094c5d4d584b5940c4aa980c77c6,Mirai,mips
ba0d8c2db0d2b522ec0563a5afdf6c21f85c0c9ea8756d13712d7ce12eb79c3a,Mirai,mips
ba33a0875b7b2d15c0442f5f11859b8d96b96a62366d357f5883bfb1fa6d128c,Mirai,mips
ba6b000e6c94857cdefb745262567b8543acc4d52a1c62add1442b7d77a3b321,Mirai,mips
ba6dbf49292fee602400742ac17f108c02358f6e3d33c2f7816b41faf3f13e76,Mirai,mips
ba7ca8ce7abb37fd35c1901bec35faa7813e9efd0739d6cc29233e06f5e5c577,Mirai,mips
baf901224541e31743795a9606fd65a5b1704a04bde6b1cb8d7348317970483d,Mirai,mips
bafd52e1845a093856d56c6911afd500d8ee4fd73f007e3a2b61f21ae07cbe73,Mirai,mips
bafe0b3864283edfc1664a8cf0cefb3e557f3db339c69cb11e7e81a907543ca9,Mirai,mips
bb7a308c2358f74919878421906a0287bc65b4eece8a31c3f5149c8f79735172,Mirai,mips
bb7c3966ff3cb23c38ed4f5f677472f54e4aeea4565db9e0f611d36778c64131,Mirai,mips
bb97a0ae1ae30e10e1bb1bb00d602e678c5af332c953d257f33e161b1f49c7ba,Mirai,mips
bb9e2792bccd38df5a835aa036464aa916cba4a1384512bf94f9fe7d9b128dcf,Mirai,mips
bc5b4e126187cec64972b0fcb824506b4ef792838bf7dd361aca49c1fd36a02f,Mirai,mips
bc6a826592e5669cc6db56be8fdaa71e0186046a2b2b646d80299e8b1db41589,Mirai,mips
bca8a13fb6b8c3e434c718e5d950219da9497d272ca443ca7aedd23de3eae0c2,Mirai,mips
bcb0844c5235c7a5d6baf2c08e61e0f2c82667c2cd194523f78579320da9080b,Mirai,mips
bcf7891c7ada68532becb83b5ece1f26d9d66564acd0c673e72040369a2b4da6,Mirai,mips
bd03e07b80ee3e56888138fafa7524f8e9d6c0b64485e5f187b35c4995224f5e,Mirai,mips
bd2bea912dc540e964739798cdc866b23db7b0ad94873105919bb406da56a030,Mirai,mips
bd2fc1b69c73cae0882a30b5b2ba747efb8bf36e3a9fdf65da8ee22d1fdf7a1d,Mirai,mips
bd54cbdaf0d3df903beebe319bca533586727377fb01a486731b87b90894c652,Mirai,mips
bd5b573a36573fdcd47a13a1d4dd1f7ccd55970b3f38e528484ab874e54e47cc,Mirai,mips
bd6b22ef602e4a1d5035e7c34c61fbdc36a4839a04d9d09be60da85caec56487,Mirai,mips
bd7ee6e2205c4fe5d47c4d80f60cdabce76c89941a4a7d6eabe7818a68e82abd,Mirai,mips
bda06eb86512ee0d72fc59048b0694af331442c4e7e703789b8f00008cef592b,Mirai,mips
bdf50d293e7038e39f9f460e8c1e07ad42fdc893755e6c80f95079ecd67f8b41,Mirai,mips
be0e2eaef0408939b83701751b96ea62ffdc7244486aee9247187b26564164a3,Mirai,mips
be10808333633868eee8482f1ae56673d7928a397cb804a9b46f2182e2802d7c,Mirai,mips
be753311de9cda6c3c306494d16edc2a64a41873dcfddacd7463e0031e3e885e,Mirai,mips
be7870023ae84dec286e4f011c981cdc714c5059ad84c0ff8dbce3d28a167b9b,Mirai,mips
beb4fe535edb12bf363c85d0577a2af7d3774bff79894b6c631abbe10393d17f,Mirai,mips
bee536626b99803be8a72011493607bf3c163ca7b7476a0bf34a2a0a318a5bf1,Mirai,mips
bf176c6fda0b4bd505de0c040d7cea20ce1f57d8bd5c445a995e4c8814d5a1a2,Mirai,mips
bf7560abbafed2a2ec1a81c9378204f5995e8cdcf5970ee66366e6e4f1771921,Mirai,mips
c03bf90a375f8447e5fd1dcd8c716138fc3748ac07bc9a5069ec29d36a875303,Mirai,mips
c088711e14302b8eed98e612890208616f616fc98afc3a39514b40fa70f6f5f7,Mirai,mips
c09f3f5dadb76331c6214f6f4fd523a352e6867cf72dc332a64e079f20c061e3,Mirai,mips
c0b0f3b102707bdfa644c3de32352a55e0addbe339394dec5374cec056f6dc74,Mirai,mips
c0f32715e525c3edb10c7e3c9f81357f6b12096d3b245d79af0fedacd6634163,Mirai,mips
c12deecf8c662daa0afa2a6a270d8a064b6d3f5543b5693da3b1c0577bc23a2c,Mirai,mips
c1a5c3447a38c9070d3079a29bd28d658094c947037dc9c6a533f3c41c5bd9e2,Mirai,mips
c214fb6eb7fdf122d87f214570c548d2cfa3555045d5e1dabbf9d43958f5d802,Mirai,mips
c21c7ee93b5d37c2a25e8c058abcb413bfa6ad2cbc040d7989de5282e7481ab4,Mirai,mips
c2282fb08134db8c15198391e592e39996829ea12d03b9f2e3525645c5aa70cc,Mirai,mips
c247f97ad7457bd46fcb5afb0ca625f5c64e48a839319a1df70faf0c89a169a1,Mirai,mips
c2694bb9ccf3f088659f53ad107affe4f6470fcf24a56524571723eaed89805f,Mirai,mips
c29083a7fc0f7bd2e5f7882b39a904e053f0391ae9547f6f5c0d5e7156423db5,Mirai,mips
c291150d44a9910d82298e1bbb656eb83d234328caf530a188c36e1ae4d1b4e2,Mirai,mips
c2b8ff42745c762470430370b202a41af1ff909387c822beb13600575e9b4d3c,Mirai,mips
c2d4a057fe7f00d8782e42434395a6271b9b166f4595470c3103c2a0b405a0ca,Mirai,mips
c2fce8a563369dc0b15ce9db664268654e6d31ef62a3aa289991cbba0c232bb4,Mirai,mips
c3164255e9014c55de551d011f0eb9d59dd0f803857af56dae22edbfe2f462f3,Mirai,mips
c32412f422cc62cdee606aa1b47128228e6639a5395a21adc68de740f2f49ee0,Mirai,mips
c336f4a71cfb312df534a63999287fccfff9a9261403632b7d95ffecc2bcbabd,Mirai,mips
c337524889e79105d9466083f83546dddc454fbe90aa2d9c6d860041438b5156,Mirai,mips
c358ef7e769c073e6cedc660f70656f11bce4a79b352472b767d124113b3890d,Mirai,mips
c370c23ac320165fee1fab17ab81016d242ab8aa105ed4e00803225fa694f1e1,Mirai,mips
c39fa59aebe392d7a2ab2db1e576d63c356f5f1278dc6c6fd42edd464bdbbcdf,Mirai,mips
c3be8655ea0110552d177cf4a66ef4834016fc0cf38da0261c4dd9fcef773432,Mirai,mips
c3fb297987d418c1876f90b69c6e899ca4b22dab1f08bcdd81834fdf21b63c81,Mirai,mips
c3fc5dc399e902aba34f774bad9fad47ac6c155c5aa12fc7b2b47ef6451d6243,Mirai,mips
c41534664787acd3e42596e281d347283f047e6b024cd005fdd3434abe5efbca,Mirai,mips
c42507b8d8d7fb2d2afe287586d2cd5fd0bf27bb8cee2a8288e29e076943766a,Mirai,mips
c468a305df2574243d05a2c4bb4d1f5f596b40646b02205d265aceb15773fb97,Mirai,mips
c48bb9ebfa921aeb9996563f22b2fba614d5c821a8c764e8e1d463de61caae72,Mirai,mips
c4a7eee6fa0f25e9c7ecff7248cb5639daba9445ec16f559c61c72836ed0a23c,Mirai,mips
c4c34bb5c1c58930742d7982eb25311792bf9c58f2df9d2accb8cbc56d6f66a6,Mirai,mips
c4ef7589665ffba4a7b989d02d774b8be9eb5e254efcde186e90b5071ed6d29f,Mirai,mips
c4f536b9c84c198360eb1b5f9f1658ad1992f608470f116a67974ae356152d1d,Mirai,mips
c5184d125d847cc38ecc5e26454c035e94eab9262d1de2d06ea853e29bd28777,Mirai,mips
c518f7a0edaed2089bd5d852b293f77633298dde91c1a0e8a81c71023f2e36c6,Mirai,mips
c53c91b98ac9bc9f69dc623b8d751fa66cc7a69afbef014b34accb7ea8c38df5,Mirai,mips
c5668e684581d9966d77be2553de6efdc2ec481a3d1ef99b879b3e998928be04,Mirai,mips
c56dbf836e1afb32e846527c0486986012266f46e21bdabe275f1f2dda05eb30,Mirai,mips
c57dc7b6fd989684aeb703d3c283d23abdc717a4d69664a223de2a7a0684cf77,Mirai,mips
c5976dde12d2a5b292124d6475aa7ae217ab348992087a397a01e50985b2d61d,Mirai,mips
c5be64f819b3e3a27a151b212a8d8d51639d04ff50da6d55c6ce700fa5e2893a,Mirai,mips
c5c3cbb08a83f9b69d8cc354dafae0a81fae2ae69a86245a52f204e0f7319775,Mirai,mips
c5f1a53cbc1dc0055c0f75bc613c0d057a0db4492eaa0e09dc9ed9b206050202,Mirai,mips
c60159be94f5bb318afc48ccf75d5ff7af65ca6c722ce25f7a4f3ea50a4b23dd,Mirai,mips
c610a5f8655c9d7230d8ab83b8a087fb88f78e2044ef7d41bbebedf0bef7605e,Mirai,mips
c61a1abac3cf1e838081bad248184dbdaf33b72bb792ddcb7ba70780110e46a8,Mirai,mips
c67509603146c6f9b47d4492372a127092c6229b863c051d465dc9a4abadf81a,Mirai,mips
c68930a1e4ed348542b9b579cff8af83f5d65c1eb1cb2c57015a1f456c57714b,Mirai,mips
c6dfda19c6596ff66f91728c090ee47c2981d58acf7b1f7618eb188625ee5523,Mirai,mips
c6f2a4cd54f19dda6bb1c1a70b001e960abf76bc747027f84408af80431a482a,Mirai,mips
c6f74ad42b9fae4a40689c2a05891e3d3f009275b1275ab03ab01b3d67cd61c9,Mirai,mips
c73d1730c4ef0077314e2f706c7def4ea0ba6d86004ef49b67acaa74def3a09b,Mirai,mips
c748b00b3f4c3f623952cface6f469edab594ff91cb179cb194f3867f3ec3744,Mirai,mips
c7507e909a7b2d57bf5e024a6d557504a61d87e7f60b4ff0805a8ded16d6ff35,Mirai,mips
c7b0a9ac9435eba726a574c5b406b2984c6cd215f004723d6aa0225e30de8530,Mirai,mips
c7b3cc1838e221e099b5403ff14ffca543fdc04cdc2e6a4ee1d064d39eca5f4a,Mirai,mips
c7c2c592e043331891651622b1d8047274b3ee9170e9ed240c243da75812f13e,Mirai,mips
c7c5d4943ab308ef1f6924215e21b893e3f0d4d0a41215c365999a1651d85653,Mirai,mips
c7c8bb85ec624926dcb2408db2de7f3a3c569ad4588e3211627d556169a32fba,Mirai,mips
c7fed2f09b2768159bc984d490161671ddce18cf16128f8829ef5fdac29557af,Mirai,mips
c81757893acef0c8f309f498d0ff9f1f8978c71a9a5419a05c5a2fb5f729130e,Mirai,mips
c82845713a4b1be8a43252ccaba2b42ffb19da06de409ffc605936ef4ad49d38,Mirai,mips
c86c7c51ba58a79e34fad821470f98aaada295b6bd2fe861099d8689d0ab2a6f,Mirai,mips
c8809af228d0ddd690aa02c5eab9d9f3a6fe835c7a33ab25cb1e838f8c132d6c,Mirai,mips
c9508e3cb9e6df06f31d6c2240d8bacc5983da5f6f0916d3277549503cef6903,Mirai,mips
c9a963822cfd02feb39a6057522b82c0e9d7f17e869464cc8d98f43bd5ab0662,Mirai,mips
c9b4d9e6c69e9a31aeafb7ff62114f4d1957d8476cd5b9cc967117a142d1bef7,Mirai,mips
c9c3f526d65b4898150d45ae4b94bfa5e60c2be69a920d3d2e62cbf04b30faca,Mirai,mips
c9cfb9cf5f33c82a6680b9b1c709ff1860c75f6fdb24738ba4ededff1a17bed8,Mirai,mips
ca102c1c1d14026e1829884589e4078729a68c70d83d5c3ca94abcc670e12eba,Mirai,mips
ca327c02603967be9782a41bb07ba959effe74d9f34c28c16629647b9134e507,Mirai,mips
ca9730ee684e0e863a9a560669219ad6d0936c2d7a4d5f8accadb80bdeecdc10,Mirai,mips
caa53b955f0a321876562ce413985e216249db6510fefa8a91cb21edea60a2ab,Mirai,mips
cab0b25a0850f92971e93c3e9b14310d9cc8e6bf2ba0334fc964affd58f4d17c,Mirai,mips
cae478ac5cacc7291e3a85ea3f8ec9cc1689dbfcec2f699757bd39519914c011,Mirai,mips
cafe007bfd348f2f186d7522d1ed41d4b6b7832f123d281de914e8ab4332a53c,Mirai,mips
cb1169f41c9effd7fa2e04adfb690431c7c11e2461880f1ea1576a3f33774bfd,Mirai,mips
cb224cce7dca9d10414287313b5ed54587ed6d83ac7fcf388c8da3aa22701a04,Mirai,mips
cb2a94d0d337d8e386cae4991974c01f9e9eb539eb1426760348e19df8d0d8ea,Mirai,mips
cb480923c3af799f659f6834c87ef35757b3a29f1f270e1d4d8203323b5f2192,Mirai,mips
cb5208c21a5a1499723f4f51dd8ac2b02b5b7486d6beb45f764e6eba5db19661,Mirai,mips
cb90b4ebfec7ba30702f15cb5d696aa54ae83c14ed4e6192aad7776435219b98,Mirai,mips
cbab4b7b54039d3abc506e8d7ef8f87f359d17f3ceab78c5943a40a2dfd14919,Mirai,mips
cbfcb828946c56c8baea10251ab7f92bda9a0af1e2127ed26b3a5534b10236ad,Mirai,mips
cc00e31b1470d96b66261f854665e601c672244d6c781bfe378ce679b9bb5e3c,Mirai,mips
cc182fb8940f6b52aaf7b509b5c218fc2810719a6f3f2b548ed2d118fbcba261,Mirai,mips
cc2e323c00ae667d24d31dde058e84adfeff94be50365d7fbbb3b162cc1d1346,Mirai,mips
cc4392c9fe1e0e2f3a8f85c9c9c3e2af8a5b35416b17f4acd21c8718b27e042e,Mirai,mips
cc850958952fb2bfe6ea5c3d3b8bbd19fad5297c0132daeb0b08ca611cc20950,Mirai,mips
cd16bb524f28a1b5a45dec1f9165083b79444e33323ebdcb63b4e76d2d87d15e,Mirai,mips
cd6b9c3508e61e56d3ce861c88915f880373c9570b4c84e0abd482e5b64ae749,Mirai,mips
cdac1c73786e278468c9816356108a397786da1bc88097d69bdd66bc0f604720,Mirai,mips
cdae2f7bdf0b74d6d5258194724c2fd901f3c5ec7a8a280e06ec8628269c3f4c,Mirai,mips
cdca4fdf1f67790f9f7e1f6ad6680b7777609a52be2cea2970f97714001d27c7,Mirai,mips
ce0d1f676b42aab7d4f63216a60cc1ded5bc2ee2a64b71898f2e80a1d7602c21,Mirai,mips
ce22f70cb53acb45623053855896b72c2ed0be04240178b8b7e9bfb4eae778a2,Mirai,mips
ce43653f9e4435fe59d6f681651a3ce06e713b13d7a5a295c66568978e803ffb,Mirai,mips
ce523e97f08e985a308a8dcca4733c6d0a7daa96b848ec4be6e017b8723b2548,Mirai,mips
ceee6926860de1a1d54e00ae8b68e6034a97268081fd527fe0c2408b87f0baab,Mirai,mips
cf64d5d1e6894cfdc1e1863d3fb2c2dd74ac7597be0110805fde4b6f977cf724,Mirai,mips
cf747d68b40b0d9f999abe9ee671fea4946cc0db4a8f55bf37b393bd80c69beb,Mirai,mips
cf7743860e4a2d2cee00bbe6e8b15b2df7e0173dfcfca9912b6b4990763b7580,Mirai,mips
cf83ef2e7ea5b7ff53175acea7a7f9b11bafe4bc371ddfc9060be4b5ff6b017d,Mirai,mips
cfdcb6144166661453fb99994dd7f8d8aaa376e6772f13121184c129c69867a9,Mirai,mips
cfe3bbea2bddfc39b486db6f190d40c023a2bfeb96b379683cd8d77c56e19f4f,Mirai,mips
cffa3be8b728e6706684c939ec4db9384b4fc641d5d0f129041273a69f4be9ab,Mirai,mips
d0396b583b9aec97db5d07552006af9e57f1cead0c11e30a8e60af27e4e7b482,Mirai,mips
d046cf645ca27f3e0a9beda3ec9329c3b7a836c86bcd785e82b113c44ddb9bad,Mirai,mips
d062906450822ccca6e54a66052893cf84b0fe1b88fd83336261634982aebe10,Mirai,mips
d089b1771951ae9df259e242056b03566268e44df0a3dd1b8bf35af6427fe01b,Mirai,mips
d08e39b5ff9b8cab4a9001367bef4bbd5695e87604904cd23f00b689d480949e,Mirai,mips
d0a68a1da354d027bbe39d80575a3a96c3afbe62b67bb8a4f72051c31cff03e1,Mirai,mips
d0bd65185d2b14d220688a349bd00f20f5e6ca9b8bf6a11dfc597fe058427a79,Mirai,mips
d0bf815e18b02ba2f9f8a889cdb86dfaab3c81a2f657f756017186caa15e5084,Mirai,mips
d0c2225fd2723397359b7f29af86b81568ab647f9b1d34fd7d1f4430e2219c12,Mirai,mips
d12dc40e567d9d82fd3f383da0395ccd2d3090a2c842d0917ceb9563017bdeb3,Mirai,mips
d13e6e50fa6c285fd879c15b18a6077638a09bedab6689979fa982278c72df26,Mirai,mips
d16629e75f16ec379b4b2fe6d3777add5af4d292e405353ab48431eaea52e00e,Mirai,mips
d1a6a0e073ec322308ef5e0920cde37902c21ced6eb55f02f6492a566f49c3ed,Mirai,mips
d1bc5d1f5ded341c2a8afbb1af518389133377ba1587f8d4a43b48d958c6ec98,Mirai,mips
d1fb2afd46e3c931f505f751898322b73e025df945915b676fa9503cd091dfd5,Mirai,mips
d260e7880f2ee675b0fe9135f33438840f9ac9b9e49a9bf949c6d034beb1035e,Mirai,mips
d27cbf89aa22ea13ad1bce7b81ae19cb681addc1283bf3c1de0b1d5838e7ca8f,Mirai,mips
d2b0d2fb2dbbfda4b5fa223a68fa070d3235ae0d8aebce84402b0ad1ee9c3b2e,Mirai,mips
d3051d930326f48f5920290da5657648fa1c4871ccebfb8a244791f7dafffb35,Mirai,mips
d32e77230de33a345582b761246ea58643b0a416c0d4599bfc3fe001ab132929,Mirai,mips
d34d6267fe26cde1c7349a0970a1cfe0e0e505c9517260035a185063cae40ca2,Mirai,mips
d361066fd077d9d277ee33cd3b8441f75e8d96683081d4efa0f2b08e4921bb80,Mirai,mips
d3665c4400ba1a88bb0bb7366a35b0837a431ae4524b2db62af5385ad80fbd25,Mirai,mips
d40dadebced28a4549ee51c7a544c67132323504e0b91af95f8554308b2c1f27,Mirai,mips
d482cc508d120bcfb8f9297467eedc0ccb7260852a583106530a186abc2e16ac,Mirai,mips
d4833ef19a48d638384516f36fe0a8d71abf79898eef4d8b5482675dbd3f517d,Mirai,mips
d4850a34246ebdffa30e52776fd8f76ec50ae6955efaace8f818a946f0bd5675,Mirai,mips
d4aed91eec0af14a4547a94308a58d2498307c80b6d8f2a02362cb14d5db5235,Mirai,mips
d4bc773e337db6023cdab30de1cd0c53241c98920a9bac3aa9425e16d9fe7467,Mirai,mips
d50504ee3c046f359d5e75d673d94c3b7f7ae1a7deef7bad2658a48a8c71376f,Mirai,mips
d518a1d6bddb0410c9a0d2d986eb762a5be4b620d7fc6585334b9f391d7d44d5,Mirai,mips
d5198a4eca0267349bf54d61ab67ad8f37d52a7042ab5152dd0ba840eeb5ccbf,Mirai,mips
d51e08d3e6216a1f975a594cc15793e1f4f679f0ab728767347e3588131a84de,Mirai,mips
d531ad01e9720469cac206d2923ef29fbbfd095ae85f92dd030ea0b40c4b3770,Mirai,mips
d5491f9c17f43ad1c180c0c6c8746f0a35cbb54c6bd83a9a19321735cf523bcf,Mirai,mips
d57e56c2cd8b5fbc03538b4da57c961fdaba41a05733e4f09cec6773a10d9600,Mirai,mips
d5beeddd526ee1b5e82902a9b72cfddca1acf97752ce62219f77002e1d9bcd2b,Mirai,mips
d6628d8bd3d5e95a5a334fc8ee8d5b6e6095c98e22451652338884f0a9f785a5,Mirai,mips
d6b345f30b12e7701f1d28461c27da372aaba8c7a23fcf062303cd292b37a9bf,Mirai,mips
d6d8857317cc61e0ab84e9bf69dbfe0ca8c863db66a3d7d121ac5a682c1296f1,Mirai,mips
d6e1e467648629eb9542e78de790ab64203cfcf563775cc7f75bbb83c89172ff,Mirai,mips
d6f7c6dff9634485f46e6bec6b4f8cd0dfd0c04ad13006473a7803c49aaffd8f,Mirai,mips
d7544b8a975196998ab7353e5b8fb4b03f1e28e884f6b46fac091011d5f9bd8b,Mirai,mips
d798ec57f57f1e2e7b7066423ce1ed8094e3e3817b001ab774a0d73dbccf285a,Mirai,mips
d82c258ee7dc3b90492cf507f40199fd1215b937c4a4a556a101bc59f526a944,Mirai,mips
d869cf2f731d8458818a34e10798d9a442358562ffddf0eb0e407be074f9d86c,Mirai,mips
d8a072506e29bc05c91788f1ebe2d130ef423d806a8b385d2ee099cb459ee361,Mirai,mips
d8d9d29e72cae5feaf1f6fa9b7218172ec4a2be9219271909085ed4c204bfb84,Mirai,mips
d90deafe3ff34aa7c9525cde946ab3d52f9711c68a1c5a3a9a947e942102df1e,Mirai,mips
d9650209bfab87c366c47c311a89d4be25eb4a5df01139840439cce7061b4bf8,Mirai,mips
d97a639a456dc26b7f7a2579c3b867364542306a5247a8dc5c5ae5b4f4243fd1,Mirai,mips
d9de2086f8d80c20c635afc61326e5708a2d31f1455268cc9fd282074af97ab5,Mirai,mips
d9e28419683c111030dfec6be1cb85fb5f0889ee68486b2d1ba9f6e56afd5860,Mirai,mips
da00b6f08a1e3e608cdd7ffea1d92adb12d4da9095d866ff282d01ceca0e6774,Mirai,mips
da038bd553dcd6a00706ce00cb0c89fd4b34e737cce30a157dcb6afb41b81742,Mirai,mips
da56a7e252bafdfa55d903f292e9dd485a5dcc57758852c5c0633f58244db50c,Mirai,mips
da7bf056a0d9e9f1a11aa1b41bf0ba7c8e5284a22604a746a0a1f1d3a1ef55b2,Mirai,mips
daa04bfa53cf798bccdc79325e012ff7c98048cd3c8c5b55d1c39095144167a2,Mirai,mips
daafe7913187d4315a912f87240f9ad844fe598af0b48534c15d1755c609f1b1,Mirai,mips
dad2fec3d7db486be32af2db40dd06dc7f04a2622e9f72e9f049782c94024dea,Mirai,mips
dae1f06840514750a4f7f8d08dc994c9f9facfe448a017884f5868c262e3e40a,Mirai,mips
db101740afbb2eaa6cd3d8ee3895e0b822189d25cc8da652ad537f4c70973c0c,Mirai,mips
db53a16ed81586f1b799b5de91ec8acbd855e65c3c1ef94843b34acc6c714015,Mirai,mips
db55037d0cd26ed4fb37449a1bf08431376ee6a950e63f16a059b26459fe001f,Mirai,mips
db556c6da09278c5a3b54f32408a164487f21f5fb048c12bfaf79fc437eef678,Mirai,mips
db73452969bfdb19188bb8feb2fb4e320b275336ecfb4d3e4d743d4207dc6c72,Mirai,mips
db940a2753d09c395738ad01a2a25e52b7a196b5166da6c3488edbaccd65ffbd,Mirai,mips
dba362d2ce404ff407ec746d16744c5ad742e42ed978b696f1c93c97b60e142f,Mirai,mips
dbb2c747e06a83283d1f6c3679a5c5371929a731c8369a688434240d5a06d0aa,Mirai,mips
dbcd9547ed55f3f9387d2828af9abed62731cbad968e2d22a6d0947de3d63ffa,Mirai,mips
dbe30704086dc0a5c2ad22a0692788cd99b98ead5e21dc31608c450673b3a884,Mirai,mips
dbf734f18a8b6bd25d248f4ed4eac2c2120063007cacc94559bc70b97e9422bd,Mirai,mips
dc707a24ac4dded0c599efe2729ddcf03bbe2a792b9632676e19f8c107fa7eed,Mirai,mips
dcb12008968cf6dbf4c39a9696f6c6a486c06d5ab6d9e51781024f8e722c9c76,Mirai,mips
dcb7a878b1a756795060c0e681b324ff32a6545932b6667d864719dd991b454b,Mirai,mips
dd03e904d93e210f00f625664eb39944d1ab7dd8b202f11473f48205a17f5442,Mirai,mips
dd31782b4aaad3f1c6d70d9fcfe8bdf9ea4c2ddca43bc02d07b8daafb50ec934,Mirai,mips
dd6bef2204952adfdfc59b2e24630ad315b7e7b903260cfcf6148c7e55962bfb,Mirai,mips
dd7bbf770cb7ec417d05c78da2f5532baa4678a12fb1e67643f216d593240ce1,Mirai,mips
dd8f83b655744cacae4fa02ac5e2a73997ff04bf249aaaaf93179efead8a4e13,Mirai,mips
ddbe5a3092899d18a40fba6b49209b0b07018aee065e4923d553d1f7ccb8d19b,Mirai,mips
ddda03d1bafb51a022c12125380e9a216ffcda0c4e8736b410b1a058cb75d040,Mirai,mips
de10f8886f12142c48ed2738de0e464645f0ab382795769f77ddd0a39d6a62c4,Mirai,mips
de49e29cde6983ab615c278d53efc42f064974a8c97c2b29edaa057a2299372d,Mirai,mips
de52a31c91456ea3d54c4b769007e34c03b80d086d7f9ae0a2b21a26e1647a94,Mirai,mips
de9d12bbb5a7b284776d4fc398535b9b8e848cb2653d446983137239edc479ee,Mirai,mips
deeded52dbe9d57e78a5a5bc2522aeb3cc2f94b8a0ebceaecc6c4e93c722b1ec,Mirai,mips
deef0a7413dfaadebfc14565048d2e8875363e1caef420c8a5475cd54184cdd5,Mirai,mips
df35711a436d270b0abe4bd55a7d8eefae62766a259d77d0d6bc8543798995c7,Mirai,mips
df77029fa3d22bc8a120f9050e5d3c5a863bf9e573edd5212f93e1e97b1790e0,Mirai,mips
dfb08e3abb6e16d4d5f7158a695b2dea0ef4ef23808a58cfebd9156c0b0c9797,Mirai,mips
e008f182f5ff0a9b998ec9ff5c7ed53ee3c45aefffeb0d287a1b839f6cdbf5a8,Mirai,mips
e03a7bf18b3d36f3b0f87c43c2271c9118afb20f159ee1949fd1d69fa841fbb6,Mirai,mips
e062c64823c96c2106e7b400f160d2b80542620670068785fff805c445b8fb1c,Mirai,mips
e06ad6ecea79bb5fe3cd5e2799bbb24ca7628e82db210399a5692405804e6124,Mirai,mips
e08e2b9d6e5b806edfa71c63627bed97a014e7fd93f2865d4cb0400983d88874,Mirai,mips
e0beab0e4342ee289d5c52eb8b3dca7f69a17e0e6c36d6311f69fd11e7466b48,Mirai,mips
e0c5ef93cad91bcd61030af6dd3b07cf39233ea87142e4b7bf2761c37e93a080,Mirai,mips
e0ebfd6fc5a00aa64e33bbb36137fe3c73972f32b3e59d47ff3ac288c572784a,Mirai,mips
e12bd211ae764eab63212093e993f9b93aa3933972cbb4f4e69f33ce5e2c2bc3,Mirai,mips
e166af800650393713343f65d17d772fd92eb4dfa112f50837a2702b3783f3a8,Mirai,mips
e1ab1f8f7410899c9d0ba918d7b6216fd37a90984f44aa1df94207f69e80178f,Mirai,mips
e1bb8fcd790b646b4bceeb31c1203eb29e8b6e2b60c3dcfac1b64f490c428ec6,Mirai,mips
e213cabfd3d1cf05bb4eacb2f3b1338dc1c14d65ed3087b9f03795122b6e4ca1,Mirai,mips
e225f53958119330325d918cbcd578b00e6ee790d77e774d5761b79eda2d5c77,Mirai,mips
e2462bf19f5985d2b74cd4b15af5abbbbce096e9c954e0584c04143739be4f41,Mirai,mips
e24882fc5966e426fe069774122273f6beafba5b11329149817e29a987d78e10,Mirai,mips
e25cce7d474fcdb0ec70cb1c947b3d1d6e6da5a0bf4c6bd95f1624fdb61debe6,Mirai,mips
e280dd212fc30857661e6239d6736b1cb916b1db331aeec5a14f2228d857235c,Mirai,mips
e28a887342b5b074a8b6289404b3efad5414415a58e3eb0ca299a77057c91633,Mirai,mips
e3072d36fdf3600dfdf6f0042628dd880fabc935d8aef1fcc3b39f4a80275bef,Mirai,mips
e32fb1a2046da329f6d433e704cb4b28f66d43c18ad918aa7092e39a5bb893ef,Mirai,mips
e37e342854c2985e80fa1fefd2cde9166512b8ee02138e912eb2e0a90917566e,Mirai,mips
e39b59d495995ac656233ec1ce8086ed7bc446cf37afa334b6e03994b4dc6130,Mirai,mips
e39bd5bdff9a69438c32035767ba92e2cd360d27bc775ff039fcb1e1b2cf6413,Mirai,mips
e3ad9863b84ce70dcc6c7d6f38b7ca358216c4a0cd3661b4ad7402976bca5ef5,Mirai,mips
e3c1d01d76e3fe48c9f24a7444b623b02176ba829af3a494114ea901011f3c6f,Mirai,mips
e3d466565c68efe584009c7962eb1c3db50174952a1224ef169b2acccfb26629,Mirai,mips
e3e3ac4ca6199c0899d9b77392420673ffb88645fd75766f03e48d6cb28e2281,Mirai,mips
e3f484a24c1549c0dffba00e7329c0d527f3604b46f5812f3f6bcedee778699d,Mirai,mips
e41138b0f91474dcf4dbd8809c7c62b7921e58fe90bd17639eb5dec2a2b6cd73,Mirai,mips
e41dccab88ae6e7d24543b2bd6316a5b938f68a16f262da2fdf60cdb41769cd3,Mirai,mips
e4364fbecc5217f2183d0a6f8f41dda82a46263511115f860dc6199036152e87,Mirai,mips
e446189b4aace60a68b7154f86b7c2514704382b22ae40f00bc11b480dbcad2d,Mirai,mips
e475e64b9eae521fbfd07e11a17940057f5594305b2bb049be63d19c72726899,Mirai,mips
e4c2104365c59b4eb4dc0d85fc3e54603d7c6a25fee1541a05e466a63d3458c5,Mirai,mips
e4ec1c84f56921422d84599061f5717fc91dd66e42f91a7b409ba4df788b5480,Mirai,mips
e577260c1ff8543a7e6fdc9e944551f921246cca28bcd6947583459cffd4ee21,Mirai,mips
e57b2e3dd45cc825fc3c9bfc8c2333b9a1950ac672b5679fde8d98e7ae3b2ac6,Mirai,mips
e59af4e4689fa92d9f45bfca330a13642cf59cff6b73c4a07faed8c6e8c66229,Mirai,mips
e5fa58facba377bf06cad90b146f81230fbcfc85fd19effc7a9c2b69fccb8004,Mirai,mips
e5fb47efd1c24ccad80198021c7a745f88d81886d8596608becfb23931b6ba42,Mirai,mips
e629334def73be9e166ecdd9d5d73d6be97ef7f7d16f05383892332acb324b73,Mirai,mips
e65beb0820ceddf0a6f898b51b2958a3f48dacb243654bb348e5de379eb42e73,Mirai,mips
e66034e1b1561cdf235279f54ad16b3e1fca5bd2c6eaff1b8fb137678ff8ce5b,Mirai,mips
e68bbfc0acbfef0e98435a09d79f67a9b2414ec7ea11befb5a2812c6518b352e,Mirai,mips
e69e75183a47a1c40afb9b7c1b1a77419d49686f4a3d68832fff16bc51276cd5,Mirai,mips
e6adb9cfdf2d5912e5db235c019d1f15e9f22ef2d4dd96a0de3f77bdf69627dc,Mirai,mips
e6b1cd019d164491b7440640d2ace08986e61cfa49d384b6832593501b12b833,Mirai,mips
e6b5ed003caae26e04479ee34e853238d28f24cd820b9b5e201dd1c0f6151f62,Mirai,mips
e6c13934c96fb621252fe2901f0c882131d100b6009282118caa9ad10dd68438,Mirai,mips
e6ce9f5da9fb38b23ad9549b03affa168ded4009d2288c9b98828d3a9c1d9f73,Mirai,mips
e6dd57f8a53f89bd3a0698f2b3ad81e37ee31679f50aeba50d83949b7207fe74,Mirai,mips
e6de28642762093227cca14520e935a3dd3b66fde347f6e906362851b3d2457e,Mirai,mips
e6ef0799c03eac1aa17649f1377b8efa579fc37347f0132875b1788b2bd51e2f,Mirai,mips
e6f4baafe19330d3df82725ca5677b90618e8f7ada03a57a630c4648fdd667ae,Mirai,mips
e72af1ae07aecfb6aae53bf8bde9b203ddc3ccc4fdb3f6077837bb871f39d31b,Mirai,mips
e74f91cd9ce4bcfabba47a54c86cc7fb34a8714582afbad444530b7b6c66818b,Mirai,mips
e75223700f64a8958a0a7c96ea7fc4a638175bb2a2ded41c38e81694294bf4b9,Mirai,mips
e7832c4c7da99a5bb6207f28b709da15a7ffb92e3bb940438d6bfc8f7d200626,Mirai,mips
e79d407d5ba2ec7b41a4cf5dbeb14961f54f1b63ad4aa4e233806ba79b9f945e,Mirai,mips
e7e17d874fa3f84ec20ce9d5105c04de375cac96fcd9c8b535be40dc511558b1,Mirai,mips
e7eb255afdf2f5c27f3e9c77a11c53c5d14e0d5529038f2ce9339f3a3cf9b9ba,Mirai,mips
e7febea214cf6c2612d2fa3d2dc5c196db22d701a6387cebd346fce96bc291fd,Mirai,mips
e84244b749e451d081d1b4d596291c51d9f0779b2b4d8a5837b68443bb0632d6,Mirai,mips
e8888e487847e9bd03a705c0aa5d171c19799cbfbb28e30cb803d344d1fe6c49,Mirai,mips
e89b3c1fa6b6bf04e011731ea27b1353087512693049c890ec4b9ac4c0a83032,Mirai,mips
e8a90b79e6e15278b197741de3e8738cb9d3478dea09558f7bd10156d260dc12,Mirai,mips
e8c748345db14aa3402342df32e2e944acb617613c835e6205547a0aab73aa65,Mirai,mips
e969f859f3b091c784ef1f65b32f4abdcef98250e7cd38f9dcd00f0f34cc85a0,Mirai,mips
e979ed19465dea2aa29563b7869771b404636392bf0c55e383873ce04841d38f,Mirai,mips
e97d11f3d655a82a9e85afaadaf1ae85820d8e7a3bc5ddc8cb53cfee22a16f94,Mirai,mips
e9d3b2d05566662d5480b4bc9e04247f3ce169bb44a664aa3ef579b84dbf79ff,Mirai,mips
ea0b01fd6c1ac57a635ea670d630f5c62a69b79016cdc617499154e4bf4fe364,Mirai,mips
ea25b872d50d04c79d56ced4f8e27952051b8c6fd21126db7bb90812a7c04735,Mirai,mips
ea34a9c9d090186ecb5a015c0de7550cfc1c29bc686690af66c6373496c3bff6,Mirai,mips
ea5f3268e83be88aeb5dcf4b0db0a358542a66fcb14d08af6494ce56d79e04d3,Mirai,mips
eaa5c7151c51e269e43881948d8a298c1b6de9bebaad517a02960ad4f769e049,Mirai,mips
eb04d9d11266a52fbea67b27a21ac40ebc6bb24a91aeefeb848b3a5d6b463ddc,Mirai,mips
eb08923c3da1e17c8eede6d0c32ab76e5dadcbc6266bc7e29128020163cc491d,Mirai,mips
eb52c003b3a858def5e6cfe8f4651ce4abab6ba78cb15b907491621065a028e8,Mirai,mips
eb758a047b1e2d2c8b7f30f6b3d4942c86efd8f7370621359e347d956e7d7080,Mirai,mips
eb772a3093293314b5b2b3ace37e86323fa411218a26fe7aa08d20731084d40a,Mirai,mips
ebdd2d93f3fa4fc6198fcac8263e7164daaf86bdd9faaf5f2f2b906a0b51bb8a,Mirai,mips
ebea3ef80fc20c1981c3b31e14b799ec1645409d10767c1fbbb327ec3dfa435c,Mirai,mips
ebf815d084bc1e9145be9ec80531580b7719e8d01e28a9bae03967c031c23ccc,Mirai,mips
ec74f3c396482cd2d953de283e437c8f1cd0564b96f7f94094d245ccd7c64e53,Mirai,mips
ec96433fc7f5980027f6456ab9c10ae692ff3351ac7b197a0feb07dd9315c0a8,Mirai,mips
eca8bcec2daccfc6e332bbe887bdc768e5a797f0c4f190714cfabe92149e8e2b,Mirai,mips
ed14e4d7f7e31e7b96f2b1b1cc97245366b7f6daea88099f8d3c61bc20d0f3d6,Mirai,mips
ed1f7f858c36d83e61a17529cf5cc7ed63604832930de878b4c3a12f92a7b0ec,Mirai,mips
ed3c610160acd1442cc3310e31b36629b6d5d3de0afef286f85f2ee2e13b37fd,Mirai,mips
ed45089bd1fc09bf7cd05864810f3fa09d454364ac4b298fbccae90b7aae856a,Mirai,mips
ed4558fe1639f7744d0cf8412985fb577c7a1275f34c025af2625a632821afc6,Mirai,mips
ed77c3b9a0bc48b158a1ea167a27e013ac0ede192cf8b48fa5b7196b67037ad7,Mirai,mips
ed831d159126e9960bbe616b1233ed59b886523c50c22229aacba70a150a8129,Mirai,mips
ed8639c88af1ed3eb786a97f27a6236598d5d3ca022559dab2f29cf4a4ff0447,Mirai,mips
eda758626ef4032c265da86fde48ed22f7f4cecc6e5d0d6fee3631e09b2794e5,Mirai,mips
edb61e146696d99441fe2d435748fd40413969fa81acd07134e4813818eb704a,Mirai,mips
edddbb7259fa9a630f029a1cf7b74fbefe322c3429de7fae029ed50627c22316,Mirai,mips
ee239da764f5da9c01522892ee2b7978965f86527c363de4fffca4725c89c28a,Mirai,mips
ee2514165ee184b03a7dd566a461bdb892a3518d8b11f9f3fed5dd1837bc5898,Mirai,mips
ee355fc801fde335423ef6ada005c92ae775f990b0f782bac06a9158bdc5c43c,Mirai,mips
ee47e8fcb0871cee2dceec4a266526575c6a232767ea9d327b25e5d34ad1f9d7,Mirai,mips
ee5e82b012f03e24f400435bbae549648b30a1a015898225099557066e6a7e8e,Mirai,mips
eeb1088d46e4f3dcec9d98861c8144f368f438e7cee0ef1f433edaf18129aeb5,Mirai,mips
eeb2f32f71b25dc780286f0937006a2a26a0c8b873fa67532e3fb423a49e0afd,Mirai,mips
eeef875fd83876178d8e56a0035e24acb228bc84a49e31f325a2238ca774f34e,Mirai,mips
eef6b60c38877d89c92617b5f270b4145c379b918704a22a3f64a382ffd93840,Mirai,mips
ef22dda68d73fb4a1ec51e090405f42fcc6783affb661825d5fbe48931faf733,Mirai,mips
ef2d40d10f5f3e4c9aea2000a1c695e65a8d53f6fc354743bedbdb86bf9b8776,Mirai,mips
ef5e4c1303a88e910e752937c4cbdf863f86cc71b4bec29d7f59c8d840b10871,Mirai,mips
efa613a32c26aa25870e8b4cd4c5832b5d1fdd7870c24c1ff71dbd460e3e318e,Mirai,mips
efab186f15f5693a337e85331fcd8d9a3f627a73fc6dd19a85ba0b48d599b70a,Mirai,mips
f013de06156266adc75e4518ef207feb368bd5b413097d6d5d30432d089e8cd5,Mirai,mips
f03580facf72c9f5a61a3683780389ee9e9c3f4bd9c1331df96cde88be5e5a02,Mirai,mips
f05161f6eb9730f47cda444874802070874ac768a4dfc3da8e650bcf5fdfa397,Mirai,mips
f063066550d22ab408b85605e2209fb4dd5c3b97d19b9230b51148f1b6558529,Mirai,mips
f0678541b90661e204cf7542a9c19e72716955bd0d538c42641a82a27dc7630c,Mirai,mips
f08b55be18adac1d933af7e27695e23a832f69c113610b78961792ce3acba993,Mirai,mips
f0dadb2bf8e3088c0ea12e81ea630fd81644a5c8596dd462d0be5841840a793c,Mirai,mips
f0f9f31a7c2b89718477c14b24acb7478b9c023040aedb7782e8fb7cb0e4470c,Mirai,mips
f11d4ba8d3fa8db5389ebb0c2134071864bc35dae9c58a70b69876eb96dc3264,Mirai,mips
f136adc15d38543f3c75c11d09796a81185abd8b0aeadab823136bae036605d9,Mirai,mips
f14056beb8d2a4af5e371f119c26fb780240722f1af1a26ee87348658e9b1b1f,Mirai,mips
f1b6d11da409915f764e7260028f3a4c48103363876a42c94a5ae8a301108b3c,Mirai,mips
f1c8fd36ae4f55a2afa02f9b0acac2a0ec95a55119efca094fbe0e8c9f8ff3fe,Mirai,mips
f202fee7c5112e4d0954fcf623fedbdb1a88369296c723384f197f31c33b0d33,Mirai,mips
f21880b9393c01ae26042d042faad9eb2411723cf18079894597c07b49a11138,Mirai,mips
f29745c51ea43cb41a40d06c33d338fd7fe6f1ec7b851a65c5601cf1f6f6d967,Mirai,mips
f29e6d881b90418966267e6fda6ffb1c01065b9c8fc8d9e8caee73dd4ee4dc61,Mirai,mips
f2a9eff57cd909a92e29397a3c7f7b9dd11c4f1dd18c6523cb41a6f3103d7160,Mirai,mips
f30127fd6217858111206bd4bd0e49ef845cbf6bb4e5e7c8c697ea6156cbdf35,Mirai,mips
f345fbc1a0cba51d455e16a9fb2f00862a9ce174d69cf98de59379811a5a2c10,Mirai,mips
f355a1ce951ff43569debf2efa547199a4f1dd579962d4ca23f5979ae75fc61d,Mirai,mips
f355e92d7e7f3f3c77a4c85d449fdc46066d772976354d40b80678fc0c7e8aeb,Mirai,mips
f365373c290e55afa985138f5eb046c7b58e13367337716d64ce1c9eb6c213d9,Mirai,mips
f3bf4fcd2d75de38545b33f8a897b95e56e7d0652205414b043a36057aadb951,Mirai,mips
f410c1c2e58dee966bc495ff2d40da4c2798bc54bb1041dcec9c1c9f8f3ee00d,Mirai,mips
f462dbaab1a1e6ac4ddbd660297d2dc85045bc5e9aa975f5d47aeec6a88ce645,Mirai,mips
f5460d294795804d479ac6cf26fd8a2a165ea943477a238f198474a7ba413b78,Mirai,mips
f55cbdd63986e9380db2c1077e773c5bd1726c045fe272809bf970c00cd5c7f8,Mirai,mips
f5a63f415ca8ed49be976de3e813e306da8cbd7fd979153804edc8b25ac62812,Mirai,mips
f5d503f042cb8929834ea5c970556dacb3bb4f99ad94324d545104315ed68a01,Mirai,mips
f676069c0e0cafc96503b4bd8faead1778c699362e1943b088cf1c778d2544ee,Mirai,mips
f69e6916277191fa4e5f558a95f17f10b3567d856fa6608d541c6960d9b203c6,Mirai,mips
f6ad291ebb1ddf8d6cde30a52cb8deed3f71c7b299ef38c251b15b8d3e61b33b,Mirai,mips
f6b231670b76cc233bd7d988d533ef9ada34fed7696c63db840e59c6eae778a5,Mirai,mips
f6d396e6782b1cb1e4706e9b2c4e3c7bbfcdcbb8bd0ecd02798457ce00da2821,Mirai,mips
f75cdcd88de960e32773f98efbf875e1a8e4810a9b7f4fcfdac4a35ddc341152,Mirai,mips
f766dd60cfddadf09ee9aec3995c3cf5a240c6a139f61249cb10d99c382a4ba6,Mirai,mips
f78931e6232855eac97c45b720906147d5b35415265ee674efcee15b20a3bcc1,Mirai,mips
f7b556d9708a9d247a1aeb1c4c5330e1355f1393a8c3286dcadfe8b6920652b8,Mirai,mips
f8151a196c392817ea90eefec05ac89931345968ab6285bb9b3a8cd5268f522e,Mirai,mips
f82bbcbc997df94cc32356f2d1220371f8abfb73a9ee0d9b73e24b66071b9268,Mirai,mips
f834ea2bf5197f6143875c2d61075d99e2a42ffa22d1fd0f60e5f54adeaf5c3e,Mirai,mips
f83dd3b8760b2c9d11a91167085c3b951bd11c863bd5b87cec1e5519dd278d67,Mirai,mips
f84b1c245048d7ae4b37bb6374e73ce91f2f42063a6343b479d957f21710d06a,Mirai,mips
f8975122f73e5e8116f511023da5af3142587cb7d5c74a91f508f5d435c4d348,Mirai,mips
f89b470bdd7ca36f5d9faa2b74039782e7626142cbad4ad7f55d0eded4bccaf5,Mirai,mips
f8a71156351e8c9a9f9d12e9416c435980864b9fd7c7700e6b3a2d40189eaf4c,Mirai,mips
f944dbb87b2d0524a7b82cfba3fe48982c9fffffe82bd4a3837295d6905e4b30,Mirai,mips
f9455f9320666612b3b5d790f02226c4a82971fcb3c17c848f0b9abb4e5ced05,Mirai,mips
f9ecdeaeefe59c2253f4256a94bc57ebad4abe1386baf44c8601fdb0d9113901,Mirai,mips
f9edd918713be58c07d4fca85e1d3a3837d305ae2a237ceab5a77ac93d7134e3,Mirai,mips
fa0523d3f6cb6dfe9e86f1b60abc174d20c99c28cad950ab5ede21eca27c5464,Mirai,mips
fa495e326172489c3d02c9884c7ab86bbbd89ab5898110c2307cc749f71b8eb5,Mirai,mips
faa6c29c97a11ca8c6b229b76a87decbd67d011cc13be74cc31133348df0361e,Mirai,mips
fad9d2f9e9bd0404851867ab0609784dcde55788e388a592e3c6ec508d478e55,Mirai,mips
faf063ab538ced2c23a09faaa05890501e55ad6311bd87ab76051aec8fa23fed,Mirai,mips
fb030a01aea66da259ef2b3514a58bc96ad7cec71db88c01e2fcff38309f8fb1,Mirai,mips
fb0630fba13a65f83e0badaaa873a363be348b53e31235ae311e06bb26a7b8f0,Mirai,mips
fb06e7aa24830d9abfa278235d746296169495b91d6e9bcb06a4662e1e781c6f,Mirai,mips
fb14c2da723c29c34a19ffa0a284f2eac9772cc80379d14452046ff61fbc85d2,Mirai,mips
fb4016409f68b3d50d5fd721f1ab7e84c2d7b5ab73b1d41faf4a86e416d60ef4,Mirai,mips
fb64997f1267c91581319d499d08e32e543f523b961edd6ed423e3df7df0b33b,Mirai,mips
fb6e64cc7b44b09d6fa84d538f62517ab8fc208850b725fbf8c5cfbc9021f9f8,Mirai,mips
fbbda0872603afd1b380a582ac4ee6a3626b297dbfcf5fb29cbb9bac338f9550,Mirai,mips
fbc9ddb202d6d439906951a520945144fd42dec4fc0dde0cfcfb23b8358b7ad5,Mirai,mips
fbd3a3e6fd40456ca3bfe6b8dea1b84cdd59fa0f87bf094034d192c6c59dd659,Mirai,mips
fbfdd5c4db7200c33da170ad216d0bfda1483bc7ce98dfe4d9f21ee7714bc85d,Mirai,mips
fc113051d304859da2e58a748707ebdd52d19d69de847b489d2a0ac39346e753,Mirai,mips
fc29524626a5c6eb491cec7bdbd91a322f369f85bbf0a6cc279aae74914a41c9,Mirai,mips
fc4c9985f37da533be17397e5c9835a207394663dce688b490325e33da55fe4c,Mirai,mips
fc4e51ae1603e204f98a5132df185e71b4b56e2e22831e7a4883e347b3f42640,Mirai,mips
fc5ef4e148642ac62e0a0b97ad689808b1fee17a11eb75eb20268b592308d234,Mirai,mips
fc7875fca1d69a03be30972caca55bc86e805872128b8b7aa3fde52f744847e7,Mirai,mips
fc941ed95e6a7d166fa2079d7feba2a222962487dc77ebc0ec6f8ba83ac2abd3,Mirai,mips
fcb47e2ebce88f14480bc3ddbd6eb623f7783a4e0a3afcbb2741dc1475e881b8,Mirai,mips
fcc26a4d2a55343342352d1d2bdedfd8ef7a7dd83ed14a2b7a6ed0170a705458,Mirai,mips
fd013e45302c63d9090fb6b5ca8ac996dea60008f56055f5d5419dc0c1183a7b,Mirai,mips
fd2d6821e1d01fc098244f9a99664a139d55d071db5a7d2385714ff08b62ab88,Mirai,mips
fd2f82e5fcbe32d05980c3cc245a4db4ed87fb5c44d29867fc383c7e0963e89b,Mirai,mips
fd3b81a5cc56efc8183a3041cb7438823c99e81a094cbe6e8305355c46d6afd1,Mirai,mips
fd47ac5697fd193a1ba1a5c3fc6f1004a033ae0e9e71cc0538405376285c8873,Mirai,mips
fd89224d8f091965f82eceaa2d869fe84a6a43677aa09b608f3ab32613ef233a,Mirai,mips
fe01f15feddd01e2a58ef9917a84b1cf30d0cdbd7ce2f3f60d15e694a85f3356,Mirai,mips
fe55896fc46675ec379465a8a827be387e4d7978640e37772ccb49b17077bd32,Mirai,mips
fe8eccf46b7c8518b5f85ad82f7e3e598f2eba4af1fbe05f2bd7a8c39d042d13,Mirai,mips
fe9bbc1d44bf43314b1e8ad7345985098a94cff88a4448673ed1f73d1dbbbbff,Mirai,mips
ff063aee5d1d0caea7966c9bd0bc7a4ef0991113a1fc27504853fbba89a610bc,Mirai,mips
ff2f7150f4613f0d7ae866a3e283b1f3090ea168f4e3c2ac29f57a89923774db,Mirai,mips
ff3f8e369444b1a0a203ef33bf969f96c6e1831d2afffd45ce9888d09a324d98,Mirai,mips
ff496e72ce1179550b0e4661979bd68827e86c674ec38996d214f1fa10b97ee3,Mirai,mips
ff63d46850bbba817ccb4c4568a75e70f344333b0da9596da912322df1b0b816,Mirai,mips
ff70d268fb9b7bd8f39ef5458d221fc8d9874b3cdd67924a31c4fa4e92aaad8d,Mirai,mips
ff86e994590c08575c66ce87d3e0b37a5e3538881e1fb6ecdcf570c6b3bef8ac,Mirai,mips
ffa138adcf465ce8811b574e5c137350cdb214638ba481f6bb93bf93fb198043,Mirai,mips
ffa86e2dfaba2f6a297b672f9de3f1759a42ce2290d6e1d062b941c326fb15fe,Mirai,mips
ffc223bdfe7d1f1947eff62d7a08778c53dc415d20d57fe523186edf70ed1734,Mirai,mips
ffd86098f986f6f69695ae8551a006cf7cf2e7954ecfeee79e17ef424dd160c3,Mirai,mips
ffef9b83cdf084dd0689275bb8f1e37d1e61df8355c02d6d01211b2d82c8b9b9,Mirai,mips
08cf8ed9365f113ffcce7e16b8c309a35916c0bd1fbdc88baf253b0fdb9ba7c8,DarkNexus,mipsel
0fc7b4f4e7468b5e47113640e4b45d7eaa8f6e8fe2083bac4316d3a3feed927a,DarkNexus,mipsel
15b68002be679eabbbb79a92ffed875d65336beb8eb066e819977cc4019d9e6b,DarkNexus,mipsel
165c39875daf44b61dfeacc3b7d02b5c0b17b786931c007fcd866f2f6f19e5de,DarkNexus,mipsel
2c791630ca03145134d5af3ec799c70389a892f2881ff0fe44b1dda07c97fb34,DarkNexus,mipsel
3747fba78912e05b113b36d6e7e60af297a087911c5dae8d768ed8e100b12a06,DarkNexus,mipsel
3a000642ab438974b3de686b00427fa8f72d6d3c8ba00d032a16ff26b7206c14,DarkNexus,mipsel
3a577ef9e3fba9aa18f28cdec8835266f622c650030ae2ccbd42e83e812cdd94,DarkNexus,mipsel
3b876de513367c62f4bd7e8fd6df59f2d5cebdf45dbebc3e67d32feebedab952,DarkNexus,mipsel
3bbb5d4912b4a7d6611d8435672b448dea73a935ed8a40216796f7570ee1a892,DarkNexus,mipsel
3f173294a218ba9307527d7e5b70da6e9ca8866124196b5779415018ee876935,DarkNexus,mipsel
4394d7ad046585b88c9393e36559f1ba37c00260e6a1935110281852bb581c0f,DarkNexus,mipsel
4c2a4afdfac479927f2cdab7b6ab57e219eabdb1f7920f1b37fdecec3d655e61,DarkNexus,mipsel
5af1ae492043b24a897ee8cccb6c92c6b2af31e33c33c5722e9cb49a630d3c39,DarkNexus,mipsel
5bd77271ff4461ad1f90b967d2723ff9a2931bd1c74f81b26cbc5bbc604c6092,DarkNexus,mipsel
618d14c35bb19af85c898799038b8f3613af21fe38c4ee8abcb5b963788eed01,DarkNexus,mipsel
673f0384ee81d4d3b663a047be43ae435789c2cfdaa1d173a31b2b718fde8bb4,DarkNexus,mipsel
69b9f558d14dcb6b98569d9df1e2e47f20812e56cd4f5600cebbf301b77f3e1c,DarkNexus,mipsel
6c251591fb3214a74a8a920c428b0b3d7fc0aa43fa69ed225df23503ca5d774c,DarkNexus,mipsel
6d8a04e276bf7fb13d05957a87feabbe59a1d73e71984783f86f360065e0e0cd,DarkNexus,mipsel
7beea4f7d2be3fe6eb7a457a1bc5cbfaec264659d61f4312d0a7a6a775e3bdaf,DarkNexus,mipsel
8655e31b935f2100b47a54fb2a90ed499043d5b0f57fd18e0dcfb71bd51cd471,DarkNexus,mipsel
8c4e641819157e94a093d2c2703ca2571e9837e699682f3aabe68c643c49ea2a,DarkNexus,mipsel
99c14bd1f1be5ae99818679c70bb2d6c80543aa5d0fe3af4087a4cdfbb449fc3,DarkNexus,mipsel
a155b29430d46a078fdf9bd5b110d2f7c6cc7ddf35342be2d4ce7dac78b20085,DarkNexus,mipsel
a180623d7b7ea43f2e802b5aa84e76800d39cd1d0b98e9def6df602b97685652,DarkNexus,mipsel
a5038ad0375983148d15f44fdd11cabff4e189cb3b38250d75a866620f5484a3,DarkNexus,mipsel
aff552e8b2532643dd84caa52e48f22a0836256bb00cb5303f076e25b522b57a,DarkNexus,mipsel
b2f83381db00951c05fa58264d81f3c9bb3af5f0d8cb25bf4932ced021a9308f,DarkNexus,mipsel
b525aadaf2d635ad6855dab7931d6d658e8266a570c81aa0d684a0c35573ec46,DarkNexus,mipsel
ce35b7a804f8c182d888368dc10a19eb9a45593194dfcc5f2d24602f19e98930,DarkNexus,mipsel
d0c3e40c8bc1b80a5cc5ab8c6cc21dd2890ce0660398b33f9afb7833a4c0cda4,DarkNexus,mipsel
e3f9be1da022503f7d1fc7d57e3d076633b96375b703e03d3c20a83acfff1aa3,DarkNexus,mipsel
e907338d028a5cd68c4d3e89c837b2404f9dd15889b235a824692ae595ea92af,DarkNexus,mipsel
ead25bfabc0e53f1e0ab8a9e0f2b8a081bb6c2a82ba56f298bdecd7ee3337cbf,DarkNexus,mipsel
fa112c068c32a5371c76bdc5e53d24d00b2075c67cf16191624464d9e0c71db7,DarkNexus,mipsel
fab829484c7418a3f68c81acd625ac2e2da86679145dc29ac19cf72182183c26,DarkNexus,mipsel
fd17d1720b160346b7c501479bf769e5a6d23590c6ef486ddcf215bfcd246fcb,DarkNexus,mipsel
fdd4f7845831ab84a1cba119b4b862d8ae8cd350a7d68318c80eff3996c5eb06,DarkNexus,mipsel
001b26c16bdc642bd958d1de96908370246462c6f0334258f69dad14c531b945,Mirai,mipsel
004e1515bfe0ac81d286b3172dec9e2159e13613fdcecb34f01aa0c40d7cf823,Mirai,mipsel
007f4b84d778a89f41d9a7beb02880095656e44a386c7698e8b1ce447891da4a,Mirai,mipsel
00814f251c64b20b73534113969d9b1451337c281c91af39349fe1e011a3441f,Mirai,mipsel
00ab75d0851289d986a21c08b85fb4688b636044a59fb87050da299cf9539f3f,Mirai,mipsel
00b1d9995d0a2fd38ec0db9d73b382bb312553f259c2635d311042b284930ed6,Mirai,mipsel
01012a5bd53e6e165c3707d4a5417ba531eee5148d65bea9ee382a3658d4da55,Mirai,mipsel
010b2fc8e3bb28126e26ae3950b229e4efdaa3911cf2da0df8cca1a2503cacf7,Mirai,mipsel
01477b6a8f74b321c7b3191ab81e0d1560db1c6dcf4f6a80eeacde1817cc7683,Mirai,mipsel
0195a0cd2541b9c3e5b6045d43498699f01b65283c1f297870530b824b5516c8,Mirai,mipsel
0199a9ee0110d1a9a9b831a041474878b94dc52138d23aa3a0f09f88efe3fcfe,Mirai,mipsel
01b46f5899ada2ac99f0e93f2401eea5988fd3fa2caad31b2fa56124a33ab8eb,Mirai,mipsel
01b8771c40ba97f08c33d5313d5fb1e6db3b0a7c331bc27039e79ccd44e2b843,Mirai,mipsel
0246c0f209ee68935e62b082c6b73872209eda7d3486b6992688c4b1942f0ef4,Mirai,mipsel
024c9413ec3626e4f1804bdd883206c3c820b45c0eee37755a8c7eb8c65d437d,Mirai,mipsel
02a929e41ba9bb4f241ca5b3a379a4e0576a0986ef99b340da01467b516add08,Mirai,mipsel
03208ce87861c6e9144a88d2fd3e6f11df593dedc21554cce5aae7cc594757e6,Mirai,mipsel
0337545d056938d625e402471a3e5b6f027ba40470915fe3eb4e26965caf39aa,Mirai,mipsel
03539397b8bf554ea1dbb3bf5a7a0ebb073d6d4feb6849189810bf14360e148d,Mirai,mipsel
0369fcc2e6e6eaeff0327278a497a401e3cfc156720f637db77e241e05a8a954,Mirai,mipsel
03860d7b3594de9c22fc5156e288434f09f56ed9557640561d83b8f3b2daed95,Mirai,mipsel
03ae3352960b0430bca535c1cf9a403cfdc8fa6f4221e60cdb56f6376efaa874,Mirai,mipsel
03ddd93d4d8f6d6a7f4c6326f46e7b09e1070c9f1b2a0f74eb1ccae09983118b,Mirai,mipsel
03fe67d7f0cd715b4584a567ca7da6c0e5130136cb9ad6f69866dbe90e2c773a,Mirai,mipsel
0409ddacbf63c6a46f67939410f6ec9d73e1492b4bf590ec8472844bb9e0279b,Mirai,mipsel
042560df4a7fc7da5a3578b4791d92a75c554e376e15689a5ac8a2137f7e7c47,Mirai,mipsel
0466258752f41e5c9e4fe45f30ba53f1d65acef730ad50317db998baa9e9e856,Mirai,mipsel
0479defa0bdc864b2a6b89abb76a1e333be15d302f4ea44611c3888385c499eb,Mirai,mipsel
047a8a4f283bd7f47c85f1863bac3e965d0987df90fa4fea237a90d17063f955,Mirai,mipsel
0495664d8ce420a5778138aaf4e5299bbee9f18e35a5d2aaee4b868644f30169,Mirai,mipsel
04c4bbe700c3e3ee6dddbf056873e4f21b95768bd1dc1ddf9e7cdc2b0c5e22ab,Mirai,mipsel
04dfdeb29bb8a40fe8d0158f0eda7d9e1d8e4f7e9268471f87481886a7772256,Mirai,mipsel
04e1aa4fcf035b0e4a1bd60d4955453cf91809ef29378139f49d2e9cd45ddd5a,Mirai,mipsel
055040fa44f8168dbc6d5319529f885e6cfd58611d8015d7410b59218eb618ee,Mirai,mipsel
05d0b615d82948f7f482648c040ff9c2c24d0198fe2d4e119c0c4867a2035730,Mirai,mipsel
05de7909676ec7a5544658d19877a8af41534c47010f2b842d5f92f5036883f3,Mirai,mipsel
05fe1fea27a12cd56bde2e16ea013796c4344b795e8e868329c591daf50b7068,Mirai,mipsel
06041ac2e6d8856d0eefb4a339bfee22a5a83ac5b6a5cf1b46d4966335476b15,Mirai,mipsel
0622aec1763e721a32e4e4dafd011408b3c3ee7082054387d8e4a167b185d966,Mirai,mipsel
06e68f6431d0870db8ff2ad9924ba3224bf0b2f223119f374c1eeb9af08d7040,Mirai,mipsel
06f486705a763cb7bb829c9cc100c8fbe53f13d47f187d5308d74c39dcd17db8,Mirai,mipsel
0762e779655fc96669905b3ed02595e07ace387ba834716673d9e90ce09cf9db,Mirai,mipsel
076612cbc6feee6b2e83376ab6a8e5f8d50c65ef718ca64c6ce6abe1373f46e3,Mirai,mipsel
076931ac662d5be6d4f0c54167dbc30b30a6a7311112ebaf5460c16faf05ea14,Mirai,mipsel
07dcb5eb90f0d52a52154b496ef7a778532c7e535117be2a1af14f23ad7f5c33,Mirai,mipsel
0841858c3ffb29bbfe9b0a32dd156ff891993c50b26003c0d6b5f2ad295ea4e4,Mirai,mipsel
08438da7e8de3b4b2022ae24c1528622e599d79d2405d6bd77138b5b19f470dd,Mirai,mipsel
08dee5f8b8c3451086a664c69f804d8848ce561e0ee4b76732cc2c2952f5d2ab,Mirai,mipsel
08fcf8594c5f4e075c4b456e991c70030cce7ff3043d03d5cbd1bde13efb6a1e,Mirai,mipsel
0912a20da701b27df525865cb4359e615a9d176a354adf97be937f17a4433c2e,Mirai,mipsel
093a40dd79752643cae4b8029e6460f6b63ff47aa1b8d931ffeb146f374ebc7a,Mirai,mipsel
09406e17f227920b83a8e819d48c50f95aa107b35a27635a58bd069c7e4ffce2,Mirai,mipsel
09628144bdd69300ff00706e4830c51c5808920b6e910b9a6b4ce550e9d797b4,Mirai,mipsel
09c26e47be624ba3dd560ef35ef7dfade4ee5840937c11d73d64e5913fa8d3b5,Mirai,mipsel
09df6a4fa082419bc36f992f93b46e9f4b025711148b75db0e33d7537989f2ca,Mirai,mipsel
09f39512dcf3fc9c00737ae6587d9495237301902fd2a2fa5d8086810346f933,Mirai,mipsel
0a25ce0d3c23568048e19066bc6e1524de65d9569bde7d9677cf25fe36a53512,Mirai,mipsel
0a4e0552b6254351f9336f2a6fde2c06e81924b93243a5ff574957d03e5610cc,Mirai,mipsel
0a74a24a893a1cdaa5db9d248e8d608afb8318e58d41169059c699cf92165eaa,Mirai,mipsel
0a80ec7b899eacadd555094bb26aa02b15f6dafacf83ab557d3c143d4fbf7cda,Mirai,mipsel
0aab5d4d0bdc79034935ddb9721199947b479bcc298acd1fad87df428fde1e05,Mirai,mipsel
0ab527637e9a2027820a971b4637223606a8aa40fbce2a6f98d3dff8a0c97530,Mirai,mipsel
0acfe988c77ae27f0008db1c5a949ccf63bbb34927cbe16926068cafb1a46293,Mirai,mipsel
0ad9ce91dc0f0fd18f6e2dffcd60b9100c2a60ec9b8ce9a1ec8f230d573fd2fd,Mirai,mipsel
0ae02abae61d2426b2ac77b40d4bcfbfc1957029cc1717285dd7970f806d6de3,Mirai,mipsel
0ae04a36cd9cd7dc36765bb8dcff3c0b5eb2fbe29d2a5feecf2ee0247de07b8b,Mirai,mipsel
0af84361aa28f563ce4d056664c78b80f87df0f44f18be18e0d319bce36aa980,Mirai,mipsel
0b542c69e6024ed9060be0e2fb33aa3f4a500d72ac6c1367c48ec15ed8144b49,Mirai,mipsel
0b720ade3218148b579a05260ed6a05dbfd168ea843af72e97b0b073309bddd9,Mirai,mipsel
0b997d2b87d415ad647193104572b4cd84d10eb944a54f45edcffc222425df09,Mirai,mipsel
0c18639225cee7dc8dd195546077a18187157df88bfb710201a8719df0939561,Mirai,mipsel
0c18c16413165ac83d55c3936d2babab62637396a792377c6646619dab5c5cbb,Mirai,mipsel
0cb991326edc7db46c2da6e945cd980872b17b0a9e940a230ce33980757f665c,Mirai,mipsel
0ce96825b0f60f81cc8737a41370a9d6a1ed340b8d1c63b178bb0529064e1bf7,Mirai,mipsel
0d2e46d571a702a749b026ab6081e52473f3ea83692c9533a4375785ebae85c0,Mirai,mipsel
0d35db1f1ff02809f1bcc9f0b090522ce1763704ea004a972ff6ca904a1bf75a,Mirai,mipsel
0d40b8c5ddb446ea1e57552c6bd94c9508637037dd375ffa102f7be7ee89c333,Mirai,mipsel
0d634e2a7b1625b51309849408f879017965e27c177a55579aae561eec33249e,Mirai,mipsel
0da3c1742d2f8d7ea42b749c813963803061cfee454ea8bdd41ac172287aa3c1,Mirai,mipsel
0dc2279fd6ec698a7830252f300d86725f5d24427d5d4914683d406a3297246f,Mirai,mipsel
0dd738a5e42c9d15ed475dce02bd2a1b336bfd50aefd955072b7a5c829aa67a1,Mirai,mipsel
0dd79ba22ae3c9f0692702f08005903dff909cea955b014405c47585c4986d94,Mirai,mipsel
0de99e1bf6e1344e7cff217c4be5da55827ec37080e8b748a8e1e7ff9ea9b8fa,Mirai,mipsel
0dea135cd26b33a452915be85a9e304f48365b6d3a5dffea2b0304bd59bd0068,Mirai,mipsel
0e1e7b58ecef63b9255f0bb629069a7286957e6657bfd42af5167c4513e9755a,Mirai,mipsel
0edf760ee87562a4dec6b316a8b469b60663816cb7fc555e7dd309519d6767f9,Mirai,mipsel
0ef7fc31fdcbb53593babd18f332cb697197ef0f183512ae5afb2333d608cce6,Mirai,mipsel
0f0ef5c9b60e262709667db46b95389def4344f559d60dcfa0467a2d4039e2d4,Mirai,mipsel
0f3ba622d3da6ea97b05c28765b9dfb0d0e41782b3204530d3354e9c239338fe,Mirai,mipsel
0f47d45b6871c5b3c2aaff8a065a2b5a138601d33bd3aec8d48c08032170ac88,Mirai,mipsel
0f4edd62033941f81fff2c5a15588fbc20bac92eb0ad591898725bd11718b498,Mirai,mipsel
0f53d93aafcc516ed7152a1c568a53b126657f9f1b6176eb702b2348eef543de,Mirai,mipsel
0f5acfab7b0e78b7a13e66c0f8d5ae5d54ada0ff480e551e9f74410a053288c6,Mirai,mipsel
0f953a3f4e905a7390ec8ce83f6f6beedbcd7cefd2912a5237d7580d53504ce9,Mirai,mipsel
0fe0ddc1b983a337aca23119656d2486ad100ff0bc923cfe4148dc4f4005c30f,Mirai,mipsel
0fe2d15afd1c88188b357908f1f7e5407f16029a24615dbf6bbd384874f090c1,Mirai,mipsel
0fff57db9a7345ab8d70342ed12f98051c6532fd1051d0abc5a8aeb4537dbd40,Mirai,mipsel
10082d0872e7307e02dc3416eb14acf7bebb868ee0f16b4ed1e34133ea2512e2,Mirai,mipsel
10315761fd5f5686acdefcdb5f71f11cd6e29f5898971c30b9c8024bd48472d5,Mirai,mipsel
1068c0205fb666da4253155f2c7bfdc72f2dd1c616d81c87f0d9ca293f3fe510,Mirai,mipsel
108a6b1818592207f450bc293f3dc14566dc84afd7fed80853ef3b0339e51d7c,Mirai,mipsel
10bbf5c0d9b40a05e503e3b5cdc8bf3d4618bae2f0c9f837604c6db02607b7c7,Mirai,mipsel
110f1c61fea05eef20b3ce2b2f1b34d2f12c32dd7a0c5118c4c9dd293eddbaff,Mirai,mipsel
114976b1fa463839ec5208abc3f986c3b0b0c60a1c39d65351b58d757db2ae65,Mirai,mipsel
1192e5895e88762901befe7167d04d6d5fb0fc3fd0e68809f29778d91aec2d2a,Mirai,mipsel
120dfe0aa42a7adc8f6d90581f71eb0285112a27e5b8b9d0e722e7a57bcbf807,Mirai,mipsel
1278ed6c731555a1cf0d1c81410f4bcd0165074a1733696be89a612a81108c35,Mirai,mipsel
129372e2e1aa39a22137eac85df5f8c06882eb5593c190142a895d9d833899a8,Mirai,mipsel
129a421574b6bcce579130612c673d52c4a70bdda169939d4c72d6ee7b45ae23,Mirai,mipsel
12b1c368ae6f6641cf365fa59de4fdeaf169d98fcb260af85f7abd8d96125ce9,Mirai,mipsel
12e026cd71507dc179c4e212ca812059136ef34ee57ddaf63ddaa9e5b3858a86,Mirai,mipsel
12e798d35919ad8a70bbfb48015a4cab66fd76bdc06a044cd6761bbbdade110d,Mirai,mipsel
136e5b269342b2d129eb6e8d3b71404ec4f355b645f8a13a7dc8f4f19389ed56,Mirai,mipsel
136e9f67cd2d7d6c4dbfe2cfbc7be9ff2f614fd22a373414f5d036faeb32b709,Mirai,mipsel
1390eb8f748e27062554446aa02bd32d87d911ed0b5e46f0829aa85a9b3a43db,Mirai,mipsel
13b11f952fe3ecd04b3176de9a4931f05980f627425e2dc6855abcb43e2607dc,Mirai,mipsel
13db87b7a411f901d505b25fd9192bdb8b8c8b2d72eb9845c44762e22b9bd70b,Mirai,mipsel
14830333bd0c35e7f65a9186c7bd00af493da60704a5a8b84776a17425694600,Mirai,mipsel
1488bf590167599d9e099e67263d3a881df7b33a142ecb65f71f99db827bc776,Mirai,mipsel
14adaed5848ce64bf0af5626c2b5ad1431dca3815eff344b94b002dfa68b48ea,Mirai,mipsel
14b8a60dcd935c0664842ade6cb68510cd2dc0694e78978a573073ed25136bb2,Mirai,mipsel
14f3abe576c6adc9f67664a414b432e1eb5e08e3cbc52e1623e42d4a84987a3c,Mirai,mipsel
14f3eebf327eaf4995ce016c6321b4d1d61143b6233157b29b76e5c8ea18a859,Mirai,mipsel
154ef383c16545e9bbd58c2549a15cdbacd1ff6417709ebf1d210c70549750b9,Mirai,mipsel
156542004ace3de9fe6efb0ba9c54d3d399204a0700b0422744c80662e655c2b,Mirai,mipsel
156e95aa1afd59b65389f7d0ff6f0a0a72a5fe934c204ecbbab7364bb608462f,Mirai,mipsel
158e185381258b08aa438f640c223071d5bea01aca9dbb66343c7c3d8b08b68d,Mirai,mipsel
158f26472d9c9dcad81af2ac24796a92ed28c4d1645355a5354f4b047397357d,Mirai,mipsel
1596b0ca428d66299c19b28b0fc7710b631cb020f108d875291b659dd9116901,Mirai,mipsel
159e01b1baf374dc2179e8163d7e2a13eea8dda5ea3b60fdf89217fb3ff3414e,Mirai,mipsel
15c8c5ea63e21a92fddc4e9dc7399bcf6540dbc4edff8068fbf965f1b242101b,Mirai,mipsel
15f469b822e41d6304355ac8503b57cdeca20154f3c97767e956e7e10e662dda,Mirai,mipsel
16595ed8bff22977d58d3112be059021424b858c03526fb7a4a09644d0a330ba,Mirai,mipsel
1733ba225158a36ebe9c96b46aa552bcfa56785ecfa9d5bc662e67477f4b30c9,Mirai,mipsel
178a17c306390153bb9d369da9bbae1b7867dfd63d768f62a0fa0d85e2f57cff,Mirai,mipsel
178e507767de665f49cbc04fe63c1920a8e452587f641fe96ebd27d6980eb4a4,Mirai,mipsel
17976ef0f8dcd7ea7ad6a769c93025d6833a97f2892da65ae40089f45cd4f8ec,Mirai,mipsel
17a074856f522748f50910c627161a62cba7cb204b1e417d733f8f26d1254442,Mirai,mipsel
17b76d9f32f0746c3488fde36b6413cbeae26f2288b2ed73cb3d7527b8e21e40,Mirai,mipsel
1815039924ddda87c7d4bdb7f0c9b71424a8672444e98741898e536f794296d8,Mirai,mipsel
182a3cd5a3062f4dd09db88f3ee013ffdc300384f924f34eb0b08992ff4eff0f,Mirai,mipsel
186d2303d51a4f88383c120941137be922083b7bcc7b3c3cf4079bee597b0475,Mirai,mipsel
18949bf8fffb0f918de1ea3e50d272a8074296e6acedd95f8784c9dee4a2e616,Mirai,mipsel
18c9ec3f745b366028b41bbb0b3a642a92a9af511074195f006e0e3d5c82663c,Mirai,mipsel
18d523969aa069a9f6f85bad2951e5373730687cd5a9b4ca06b36dd9924a71cf,Mirai,mipsel
18e35855f42151db0be700f50699eb610855ac4b8d0e7bf01ded6eb74b4b5829,Mirai,mipsel
18f90c489a82fcdc5e851cca9415259ceba86240394091384b7c418544ad9bbe,Mirai,mipsel
18ffe934ce186752bddb4bb8af977ee789bb563a5714d52aa2b3d2ae78aaa0c5,Mirai,mipsel
194ff127e5aaf08421cf20143bcbe0c8cbfec7d72adaac01a5deaa257915aa0a,Mirai,mipsel
1975a2636f9362869bda17ac15d9715d4f3237f91fb83b71a979d1084372c72d,Mirai,mipsel
19868ad16deff15e98c762f931cf6a5309205adab552cc99cf496e3e273ac692,Mirai,mipsel
19b51b63d9e252f502f8ebdfa7c7be41201c0d602c4b3145b12284e91413530b,Mirai,mipsel
19c7b05ca8a4826b114e46d3663b3da0aa745f0c5c948786633797217b1cf276,Mirai,mipsel
19c88ecda20dfdf401d0ba7270ab2ec9d9c916bb7a2f01eef8b65bb1a7a231ab,Mirai,mipsel
1a095f56f938f8ce2e933b7f23d8709f04df4eb1af73e38c228c017eb480b060,Mirai,mipsel
1a1708418794e9fbc561f61016a569905e8ee8d58611de77df44a1f5b4607811,Mirai,mipsel
1a222b949f9ba2c30aa219cc2b02a7ee281ffe3a60486e0ee6023036ee63ee95,Mirai,mipsel
1a281ed89e50b061b68a26d779d7e130b9897ad7fedc7601a5a5990f6e7ff850,Mirai,mipsel
1a40a2392236a1b3a7b3e747bae8f906d75634e9c5487c5c3b8e7fd72c131396,Mirai,mipsel
1a5e8bbd2899e8993754f28b3682310a2f1bb0835aab516498065a0a7adef964,Mirai,mipsel
1abeda63eca30f256a4f5dbb6e2498af58ea924b337f1df6eac09b0b41a8df7a,Mirai,mipsel
1ae27e4502961cc66a2f07952c42e94e31d9de765a0bba5b206e7978ae28b4b0,Mirai,mipsel
1b97ec0eb3349e076921c061f11c11ecd4d0f4597920ec9678d2e5a9630e7e95,Mirai,mipsel
1bc22b2c258a0b22d95e59df5de518f68ae36db9f6503e1afad1170ddf40f337,Mirai,mipsel
1bd0d8abae2f03f0c4cb8f7365a6fe121e73810c63cb8f91e8073abbb2c3198c,Mirai,mipsel
1bfaa3f7324909218223b5d96038f32475aa7f171b157c50049bf7b42fff1a1b,Mirai,mipsel
1c12a0db4115d1c89819ba019977b6c7d30256f375b1144ff8bcc2155822a83c,Mirai,mipsel
1c1b79e853a880149ead7da0a1e440b8f1c8ad37e33341b866f206e222f12510,Mirai,mipsel
1c421b77a51b9d94134f52a4b0f3fc3aa792873a1ba1ce77d04fa94b75024303,Mirai,mipsel
1c629630c5fca7551096908557235eb1d8540c3faa5ca1467ead6adcdbab2b39,Mirai,mipsel
1cd9e1cb9051717f3d18e2ee8fc1496da4196935388432159ba9287ac6fba092,Mirai,mipsel
1d0344cc332b9d143021e28c8d5af4a78032bbd4b157442ecef1ec506026af1a,Mirai,mipsel
1d28827dc5e209daf5d65500673bb1a68d13f14cef9782894b27a1dba03ba88e,Mirai,mipsel
1dd1e4496f2df1276d3ce09176203f45333c6ac16388600e7a21c04fb585448a,Mirai,mipsel
1debdc0f49c29baa08f87aff4fee4709aa6f235616dc2d8f0ac13501d929fdb9,Mirai,mipsel
1dfb1fcbbbee8f433b79f9f3c695d37387c1bc48d109347113f2c2af9d05898a,Mirai,mipsel
1dfb916777446edef83ebaf93c1177402890f644b28acc9ef63fc791bb66978b,Mirai,mipsel
1e59a6fab1af1a8701d918a2a1d93d8cff5865a3c1af5e50d9e0ce7ac65b2a5c,Mirai,mipsel
1ea38341e5d806195eab93a1b6d43b152f7e52fa73183013fce34ce06309b297,Mirai,mipsel
1eb6f9a1410cec52dba0603d8d8f579decd87b1c34f2bb0465569093e079e0f6,Mirai,mipsel
1ed2c20feb27cfde962519ba20c6f5013a87833d9108036b2f190364a7003a78,Mirai,mipsel
1ef843145ab345057d22a1f2de088aa5b5725239598aa28d20dab1f6ab5997bb,Mirai,mipsel
1efdcdf7c57ac48da2ab8aff706b0ee2d07c62bce8219892a14c073ef0802d4b,Mirai,mipsel
1f29a09b05b8056da71bec7639298e363908c8892bd3f7a0341c6aa5d0976a18,Mirai,mipsel
1fe8f150d63b9a9416bd480573e276bf98431579e32f2afe90a7a25af0beeb4c,Mirai,mipsel
1fffa774cdddda58a106c0955771f04f253cf14f0a91fae7a74ff41236495b14,Mirai,mipsel
20492104f970d8175f559da2041ec7bcd9fb4c5cf31d05d6d9761431a9bc4adf,Mirai,mipsel
207ced180836310cc776b7fcf0bb3ec3ff3b8407b69b663de0786d0e0441411e,Mirai,mipsel
2096bd6a3e54b41f1f9c13b185242a4b74783bc1c976b77703aa6eca28d82978,Mirai,mipsel
20cb352f6d3a9391ecc29c3ce312f71d80eee67c86a5d982919556fdd930fb27,Mirai,mipsel
211c8b4f136a49c3a2752e9e5947d53fe52749b1633fbb0a7e9bd72598f0f5f9,Mirai,mipsel
214d0cd30a56696e43b581827da14d64299c166096c58c7cc748d504d089834c,Mirai,mipsel
217f99ce73c66b933a4a2509185279eb7e848ea4a857d8fca261311cecfb4555,Mirai,mipsel
21f8d50e47d27c26a35bae3d08d17f62f9a2ca3829c84415e5dc2572d074f6a7,Mirai,mipsel
22326f15a0b074c7baac351ee479c8d38ea49ccbd4a2257972232380d0c6e8e5,Mirai,mipsel
226986c87e66fae2d1e38fb366840e87a119ee0b800dc42848776cee11378f3f,Mirai,mipsel
228fc89a0c20dc618b94c9a9d37fd1057cb718ebab83d64a1046c0deb3aa8033,Mirai,mipsel
229bc611717da633ad8efa0435c7a90f60894b9a1549f750b7a90dbbe65cac88,Mirai,mipsel
22c18142e8d866c8ae40b4780c3d6f3ad6be861a7df5201741c9a44d8daa0e1d,Mirai,mipsel
22cf586617a2a2c7b5dcbf1adaf34785a688a55be9fea5a7e7916bb9e345879e,Mirai,mipsel
22eabb6b943d4aa78e3237ca362989a4097c7a7b3c7267110ff29e9cae666497,Mirai,mipsel
2306c7132bf712303712425e461ff30838f13fc47dce75e966c129fac5f10334,Mirai,mipsel
233ae5fed913ebcca44201da0ab98e50b00c75fbfa0385436187a84331091f04,Mirai,mipsel
2357bb3a5f077286626ac8ed1288224054392148a766f819684183ecebea447f,Mirai,mipsel
2364c00dfe9ae4be521ecf9a9aaf543d2c308c5cf931a69cdb2d34122fb04800,Mirai,mipsel
2368043132dfb3b563a7b81d278cab473c8a9a2316685b28f57069548260a72c,Mirai,mipsel
238e731e5842d2d74d3baa5280c760bd56818a727417d73edf15e6bb0049ea3a,Mirai,mipsel
23d7374f3c1d33f6d17311a75dbe8f9a5c472cef0a20da2861423ccc0a4bc7dd,Mirai,mipsel
23efae4feb10d560f45b56d9486077c6487ac60100003c970152a2828f73915b,Mirai,mipsel
248d23c4bccb6fc2dd6e72d06ef956495c33bdb5c65f831156f19e33adaa5339,Mirai,mipsel
24959543cec60ee7ac3b5366687a6e901a274ed9fb20bd7edbe5b93491647114,Mirai,mipsel
249c9080ba393b12be34d9baad3c87a9dcb75e6cd88290612aa8889e87f4a201,Mirai,mipsel
249decc6833cdceb6de900de7ad7a18a3db155b5e03cc3dc690de3e6a6c28262,Mirai,mipsel
24d6984863455b50e77e68e319e1f7e7db3c5a40c375bedcb64cac38bc1a02db,Mirai,mipsel
250dc3a293e59e3b7948c48ff7b4a43229595fe50542eef572c2db59a3a71740,Mirai,mipsel
2515b08680e0a5785251fe679cf93e6761bf89d93fa68351ebadf70c39a1b6fb,Mirai,mipsel
25be88a1a45799e76192d3b1852ea935678357d2947def2d16a7cefc1abeeb92,Mirai,mipsel
25e2d57e8b7af23c4cd81d11151114d6dcf8137edea14ab738116669e628a377,Mirai,mipsel
25e7071010e3c2bb26de44c1df267b7c9e250a4b4656d70e17c769f243e66a19,Mirai,mipsel
25f37e4f04a54e5750a9a578cfb1d9ce148500dedefc36d151c6c58c3959c671,Mirai,mipsel
25f565ade2b1966a80444d1e84fc769a97e2e1be4405a9620790e160ebf06da0,Mirai,mipsel
2642784ad623b688d31071fdf35c00cd154ec8886b2ffeea5ba6c49b8227a96e,Mirai,mipsel
2655b6754f76e27ae226eb300fbf062489d9926f1b397e47d2dc2e02541a1f42,Mirai,mipsel
2667daac9048845047ee7cd4400350a1e568f680c580285abd6a3f1dcdb27ddb,Mirai,mipsel
26b5ed2eee4143ba3533b97d7925511d6a98d5bd81598abb0d1e02d02330a98c,Mirai,mipsel
26c19c8d5d876676d8a97759cc247a31739df44a75c2fdaae79594b841860145,Mirai,mipsel
275863314d48828d924a4eb15ff7054b2f3833441260aa5abe64d6c3741ae5af,Mirai,mipsel
275990150281b21f9fae2ed86619943e6b13076cd76dbeccccc255828e5f29ee,Mirai,mipsel
2762bb90126e2540dd3bf73d594f2189a29f3d4c4902a714fafb3ff0e73983c9,Mirai,mipsel
2789ef6cb0954607596dc3a87239984ee4f41e308462ecef9e4a36f35e0f0b36,Mirai,mipsel
279899b2d279bbc008d64cffa01d8c449f1d06696f84bea2f111ead49b0e66f0,Mirai,mipsel
280b2a9fb208f9a16e136e165c9068c3a60c7bbac7775d01a96c8156b9f89bc4,Mirai,mipsel
280bf8ae1063082e43b03f5edf555d5a83ecfafe535cf31c6f20ad4dbe167a22,Mirai,mipsel
282c6c5be4bbddfb0198c425ece9f644ccdd13a94c6bedf795563352b7772be2,Mirai,mipsel
2845ec76cc7fe276b9950a28cf696e184e190229e7b911368d51cdba64995c2f,Mirai,mipsel
2862094904d03d5b722348fe51cabab3567625b2f2f627bb1e056f1c27dbaed3,Mirai,mipsel
2890c0f325df79f28cc73489b7030d7a42991a14bb7ceea8a4bd99f6103da2ea,Mirai,mipsel
28a4c78616d52987e0c4bed98fc2ddf54f90c2ff11167e80425c397918ea302a,Mirai,mipsel
28a83f5fc9dd043feb43c3cd64d6e35079e20dd5bb0afc666b5f000777e0d46f,Mirai,mipsel
28d8a907054cecbea7a42f4f2a1010bb0c84085578db0a335bfd1e977d0129ad,Mirai,mipsel
2917a30b0d8a906b7f9d5718ab27122008b39d3d3fbf08ef109ba249d23b68e1,Mirai,mipsel
292478e379b98b32a849f33349105d138e459dce8c0c0a952f7219a282b13b92,Mirai,mipsel
2939c0891406af33117af17144a7e02aa21a76bada33dfcf2c588fbb60fe5285,Mirai,mipsel
29652fd96daf88e1ecef95d1575b6d0e404a1cfc93485d97cdc3817beff73747,Mirai,mipsel
296edd088ced5c1a42eaaff3f020df1a2df859616649768d856ed36e72fecf41,Mirai,mipsel
29aba62352bc31770a3812f2ac9e6b5dbbc16fde6727589b691d1cd96a7b88b9,Mirai,mipsel
29cb8ddb89e4285ca7a396fa1002f69f41e20ba03ec17d21e10caa8bca7d0963,Mirai,mipsel
29eef1be591562e5cc74b200e9cbf3469465bce8163708baffc4ecebf36e90d0,Mirai,mipsel
29f191df9f60019cd9d768c71f5a3da0fa668d0ff1eeb84adfc7fe1f1954af53,Mirai,mipsel
2a3fa244abb33e4ba7259dbecccf33252a4758c8ec68a07a3eb237f44c048588,Mirai,mipsel
2a63500b4f9909879e2a50dfa0ff424ecefa66a241beeb0b8a0116b8528c7f60,Mirai,mipsel
2aa2ff6157469612ed1912ce637efcc61c912ed5614ea42cdb498b91bc997fc0,Mirai,mipsel
2aeca7650ab57dae1bc4a39acb7109792039de3c34ff9bb5e07f074e24187df9,Mirai,mipsel
2afbfa6d9bd91f937ed18596e7586ece743e80496f475a5bdf16dba5e67e7599,Mirai,mipsel
2affeddb4b528c7421d65a682429842d20372ea2628f478018f8a1fa1cc884e5,Mirai,mipsel
2b037f91e0195c96f5c7185c7d4382f951283c700ca2a75490839aadfba9198a,Mirai,mipsel
2b4226186702a29afcf133374d99694c08e4a820d0b5b825288e35fd60706a33,Mirai,mipsel
2b583f8cf4d1d84b29afa9cc0a003eb931ab1d938c381f17b0f08aeca1ec6bf7,Mirai,mipsel
2b75136fe814d6d832066ac893989e383f9d607e8f2f6f9e3abfc6c7ee41a595,Mirai,mipsel
2b88949f4a7200b79117d3ef3abc888a79ecc67713e92498533d984948efed23,Mirai,mipsel
2bab26a033f311e0c9a6ed5132873d69cbb93c64dc6a48cbbb1592397ed1c9cf,Mirai,mipsel
2bae70879e00dee13166326f3414b628d600fd5ef8cc57a066f21ec16937fff9,Mirai,mipsel
2bb3cb87f31d6948ea11c526861322f82e9b85ef0721d23382a581dabed5b8f1,Mirai,mipsel
2bdb7c5d16e6cd7bfa68249a27761938c7bef848a6e722e5f16937cd6966aa14,Mirai,mipsel
2bf81afa97013b27ad2fe41876f0172d5d6afc7159ec3a2537d2055eb586d782,Mirai,mipsel
2c1a5f8a6dca11f82cbcb29e6c70ea8333d0a84564522764adcf8ae177859c55,Mirai,mipsel
2c63bbfb9aade2b384cc9611bae009fbb3f85ee1978c88ea3c500dff811b751f,Mirai,mipsel
2ccc39586ba3b34d9c6ccd6c9ed7b2fa9b28f999d9a103d936769185c4aa5e0e,Mirai,mipsel
2d1c667e1695afdf43c0c6c86615c256f2f39fee9254e08e88bfa629874c564b,Mirai,mipsel
2d4fe4452de5db034050654af9727e6841912fdb9fd70c8e8a7ec967067c37bf,Mirai,mipsel
2db98b63182b96cb87906c3092934ab38f354180bf279cde9b88c86dd1268ac3,Mirai,mipsel
2dd9499d3a62d00f35621bcf9d80c7e96e1e3e28ac758c8a7aef258d3de145e5,Mirai,mipsel
2dfb5c059772583f78eddcc93d56ba44f978184a240073f863678f18dc705bdc,Mirai,mipsel
2e2d88642184f388c30b3b93b9ce3951eeb6079c7da0b388e59abc18399ff6e3,Mirai,mipsel
2e449e1c12374f2de79914212d08cb347fb308c0b176e545b0f0dca3e30c40bc,Mirai,mipsel
2e8e2eeb2373b208235dacec2549a016dcb9d2c5589082aa716d1a654f2be73d,Mirai,mipsel
2eac39bddef01b9f59202f841c885401cc812511485d66629d2639f9f45b2367,Mirai,mipsel
2ec53c177beebf380c31259b05c6f8976fc1599254ecc107d325cc298a3b0b16,Mirai,mipsel
2f2d96d4bde57a8fb27b8855f3cfc215e46094fcee1ac06a0bd7a02408919ad7,Mirai,mipsel
2f4a2551a4c71b3d60f4779471998c4a03f1d9988b0b2b1904aa0a8a939c3434,Mirai,mipsel
2f61e5a4a9938766e5c058437f1b94daea27e23e4a0ac359f84aae0cd9cdb1d6,Mirai,mipsel
2f6452527eb6976d35f8c48f8d7ebffb33ec8fb05189181b6613d31ca4cb1712,Mirai,mipsel
2f6d12ba8587f6383b736e3c4082eceaf96b3d481b5aacd82e0ec027bb737ba0,Mirai,mipsel
2fcc91960ecddd70e57f392fde3fb4c5d12befa0dc18e68cdf2fb37a06d28464,Mirai,mipsel
2fe02919dec9dd51c12eeb71c67b1a9d03977d289cda0fe8f03230833b5422bc,Mirai,mipsel
2ffe0e433f9f94f6bd8b2ababd3c53f0b9c03586095882223512fd4feda4e2b8,Mirai,mipsel
301a29130314e32d811c60e0f659fedbc5ecaec0f2f023d0a83451a1b3c698bb,Mirai,mipsel
301e2e8c346101ebde041426b67766e265017129d20811efab8531aad278f309,Mirai,mipsel
30427e25613ae8f5da32f9bf97eaf18fbfef44e33a1049aa3318650d12b01231,Mirai,mipsel
3042800a99c1b936110d6810c4b466ac2d1495b11cccb5980f4ca4c32d843c97,Mirai,mipsel
30531d84989cc690110f14f274e829c30d252ccd9d2097ca456fd0da88836b13,Mirai,mipsel
308c02126cd2f87998ef455e33b1e4ee16be1ae503da8edc90eafad9165e45a7,Mirai,mipsel
308c60ab7d24fb93e238ce7e6a33940c6fe2a88c9ebbdacdcc849c1b65882787,Mirai,mipsel
309fe6b01e182b13485420048d2f9c18ecd4315c3dc40bfe397cf49074a7d90b,Mirai,mipsel
30c3988988e37e450a53455121ae11853456dd548d661e5d5c5b91938e5619de,Mirai,mipsel
30f3608191068571394989bb0573a00e5bc4f634b642cef67c3c7ab308b5411b,Mirai,mipsel
3111c2feac27140c428af181cd7ddb53a50298b8a0e1da4b3dcc4b3098623fac,Mirai,mipsel
31182c08fc43fef390aabcbacfe6c8db2df58a69cc44dab076fc9744597a542e,Mirai,mipsel
31247e4ce52fd603ce5d3b5595aadd8ffe2caac890777d6ae40569bbc4324653,Mirai,mipsel
312f25d60b0b4a3fe005294afc23d28b4f19682f81495908ba1af62acb0b73f7,Mirai,mipsel
313c1dced6cf85150511de6a7f69121d8c6200dfcdd301c20b69aa3115d2a016,Mirai,mipsel
3169881eda6a392c70665fc53d33a048a0153d4489ef429ae5c29e6d5de47b54,Mirai,mipsel
318f666206e501696a0a056f1e308fbec8bed622fb4d7f3afb74a65f253de347,Mirai,mipsel
31998fec3d530d8f68915ff59d789c7c3c146923f91df8983121eca165801f1e,Mirai,mipsel
31ee0473798b122bf87fe0d1e82ab4b49569a7b9c47817693335df4a0a4c9fbb,Mirai,mipsel
322134c72bbd25b1481b09a36fe93b94d8c500485dc921f06304ea86f90f1d51,Mirai,mipsel
322347a3c7046b44fe89ebcc9cf4499b9d85eaf493a69a0843cb59e546bba3e6,Mirai,mipsel
325ffac5db02e37e8f8c10fba95ca02d98bad2d337468d7a7b95f5a05be913d9,Mirai,mipsel
3289dfbc71fe562f66020c90b4735877e05c8ebce4239a1d4527d5e0718f3de3,Mirai,mipsel
32c14565e8d56f11599b14ab8a5ee4ad06d80cde8369e36e846063054fc5c7d5,Mirai,mipsel
32c3637b40e857d8da94ce19126a5ec7986d33f3bfb9f8c4c9ef1471c90711fc,Mirai,mipsel
330617b8244c545cca03e13b350275bf5c85540df7a88a4f4b932dbaadb16b3e,Mirai,mipsel
330cf97320cba6dcae9811a354468e6a6024b0dacb424168fcfca250fe1c098e,Mirai,mipsel
33810d7ab9be97d041b9343cd3414f13e925260f53c9f0940ef47e14a0e57624,Mirai,mipsel
339d39bf3f83ad2b261be1d68544460cdb3399425ed28860586a48e5a2530d37,Mirai,mipsel
33aa42346c8f170efdd646bf2b343762886739635b06031ba426a25f64aae74b,Mirai,mipsel
33aead2443dd759aee3d157b92d00fb41ee9fd7f04ce9bb279bbcb4e7ad3831c,Mirai,mipsel
342cd957246bf3f46514a2916b18a451087942c101bd8cc68f6cfb213e4d7ffc,Mirai,mipsel
343a5ec58c34b256ff00c390bbd07842101decca89403f946302bab5244bb5e0,Mirai,mipsel
34aeb1b20033e0f05ba1c3010eb804350fdf805de22d48dbe35d11253bb249dd,Mirai,mipsel
34c55856a2d05eae5498954f3db03bafc29d188df35a1ddebe152b0bfe109ac2,Mirai,mipsel
34d946a69413cc402589f2fa66e70c10317f53ec3d52663c72d87838349c3cb7,Mirai,mipsel
34da09505b01dd280bf55033ec49a5fceee72963d720f4ff12074a60f8c81c34,Mirai,mipsel
34e6a8b2fc5d518a8c09bd9165434f2fc08184da7339727a428468a4bd981258,Mirai,mipsel
3500094f5479bd71b8ac748d39dc872baa36334d410f9c14ff332dc92d27e427,Mirai,mipsel
351ccc65ffa0567959a1b649b3b38bceddb413da3425a1e967033e8d2d70aed2,Mirai,mipsel
35431df177295706ae9a8c6e4b90f9ef2596e5382e14081d5693f971b1062df6,Mirai,mipsel
35b83d8629c819368faa3006859c19b64b0205e68e0c141aaef4c50a1314676e,Mirai,mipsel
35baea4e3811ab2dd458f348b336d77938969c4ac059cd097517640e1384953c,Mirai,mipsel
35cb0026186698e0e962b22d466a2dcb7526ca3c7dacfd51c1c0ac86f6d23402,Mirai,mipsel
35e53378f24064128c41c1c5afdc1ba8d1decd9d7f99bf6f9e40266301a2af77,Mirai,mipsel
35f565dacc587741516e9b70577d7d9b8fa111efd5093277a6a5ca5107ee353e,Mirai,mipsel
36075df1971e4d87893da9f1e5ad9ff18871aa41ae9a7bdf97ea809d4215d6fd,Mirai,mipsel
3681a3c9ceede17e6817756f0cd368c105b12b5a71a631eef4d10adbceb9f335,Mirai,mipsel
369bd8a869fe559b0f15dd3970d69120eede30c885f8df16aeae39a18949abe7,Mirai,mipsel
36c2b94f2b738a7fec4f654daab08af78f16bf4c354e02f93e6d117796dc5bc2,Mirai,mipsel
36d1e8349f8845037ade0f1f5a7c05a3933e2986598202c885f16863955721f5,Mirai,mipsel
3707c8ad9e8dcf0eea3015603b69e50f15a6ea6b6db236231fe442f0440ad5d9,Mirai,mipsel
373f8ebd643b673ec7ad65f51b6caf4f26a16ad2474f36d1584df6e167e51300,Mirai,mipsel
3789cc2ed410b3c30fa7e6e107c96c09048735e496e170cfa3a6b1719cde624a,Mirai,mipsel
37bf7c03048231e42e4d66ee69c25e0f9697eff46ba1b92a4015bb95d207283f,Mirai,mipsel
37d5fccc34274cb91e5caa5fc37edcd863b94bc457cb48374cc3dce9e0089979,Mirai,mipsel
37f00dd41c895192dd8d167e0bc6b47756fdc15c4ac1ff7d4897924d4dcb9736,Mirai,mipsel
386ff146ceb63520466a6275cc890194e4c515d79983ad095582426aeaefa4c1,Mirai,mipsel
3886065e2cf39a5c8ae9f57fee1aa8ea8312ed4a0e8e3c00b751641d9b65212c,Mirai,mipsel
388fb1537d336f645cbe254d044967081f7b6b843f642e3c9da6d820f85fd3e6,Mirai,mipsel
3894a416efeb03d7816e4ea208702dc266bc41111f067ab3e099157c59385ef0,Mirai,mipsel
38b5be2bceae19f35731cbd36c18ad8f2b1403c9ac2b08376503bf9e1b81ab64,Mirai,mipsel
38e67faf1a6e57c1e94ae99e223ac32c53f3efb183a87ba061870d13e50859b8,Mirai,mipsel
3906239804d6b382a996324c088c6accd6044922a126f72d6775125015cc6c15,Mirai,mipsel
39362314e6f049fe1d5f75d7d32fadb4f68c1d3c23623f85b32736a41e3f8ace,Mirai,mipsel
394815456f708065d504a2375ac2972467b449cfcf0bec9be7dcca8ff020f81b,Mirai,mipsel
3985d31ab7c9f48f46587323bd7f6aa2bca8ad7701ec126a968b2b687c0eb60d,Mirai,mipsel
39d895a3a2e6cb53dc760efa6c6bb5b99549f288c957d1a4980086937d369668,Mirai,mipsel
39fb3be5bbf3b0e639128f5e91e5df46d70d6f81274f0f017542921d3ce1a137,Mirai,mipsel
3a470e53dace7e880934ae2d090d8585e7e189e1ceea7500d88989ac72ed7a68,Mirai,mipsel
3a5462df0f75eedd67d2c53589bee02d277b8a3df2e5a576dacab6b83c599bc0,Mirai,mipsel
3b03df42b609e58d1f598933621c0328ff26ba2bbe6aedf21a33525aaa08a5c2,Mirai,mipsel
3b0b74f3e472bad67bfeb49c9ec56ed663157f3805d607621292e257e6896826,Mirai,mipsel
3b18afd02d40e97ff3ecd09406fc99dd97d42c4a8ead328ea69395e858088700,Mirai,mipsel
3b431b383ea1ccf50131519dd5c8aeaa13e61f4987b9166c610731ae1fab05f4,Mirai,mipsel
3b5f90773f519799ef4baa9c23f80437f3893be4731bc9d31dbae50d5b5cd856,Mirai,mipsel
3b5fb1717e12a833f3a96b816267c2e5fe8cefe48dc0e917db2677139a8a2781,Mirai,mipsel
3b9441a68c9e5f6204c44aa8a7e972524eb87a3d1ee28107e4a4ca391402834c,Mirai,mipsel
3ba7e7e42aba236bce6f3ca7aa78af64d9d30375c322207f80e16ecd764144c3,Mirai,mipsel
3bc10f21b1a2dff527a98e9f1bae2b44ee42ecfc412c2a68802e63224295d065,Mirai,mipsel
3c1c2650f55e114d73de8a84c7500df0b8ed26f2bbbab9fb8b785675592e75e1,Mirai,mipsel
3c2b1dac0efc8404b8b2f927c47c9d432548740ca394c080fa90136f680412e8,Mirai,mipsel
3c5a2d16302e60be4ee8b9de9e1b81240cd0d96bcb8e906ec9cc4a5bf37e4b90,Mirai,mipsel
3c8b4c6cf548fc0ca3561a69e550c38c8f93294688d6e19e3635e34d27cce297,Mirai,mipsel
3ca44628891844df2c2c2179cb9d0d9e670e9636bc68fc540791ae334d2466d5,Mirai,mipsel
3cca851285b598b7cbcbf349e2833457e6b715e66a70291084efc0a96a004046,Mirai,mipsel
3ce7142b679907bdf09b351d605b2ba477714c773f155c24ac933f3a7d92f633,Mirai,mipsel
3d019ecf59796f24e6ecbd94171d34c830ae47e9ca3b69c98d2d6c695a680882,Mirai,mipsel
3d156cd1faf03072e3179a61423823364e0bc8847081985b77a2ca998dbe3abf,Mirai,mipsel
3d963eb4faedf866907d3ac0b4cf405ec989bf054cb3575fa69331a8582d769e,Mirai,mipsel
3e05575d2346f2135317b09004434ae8b6216a71b0d3fe7170e84942fd98fdde,Mirai,mipsel
3e436ec03ae500510b0b490e91de3bdc6464c64e566b70a0d42cd8f8307c8972,Mirai,mipsel
3e497d407a8354f1661e2f8078f40eb58bb4370d60c5feac735ceb6f32548952,Mirai,mipsel
3ea2c170835aacc9a24889bf15a116637e32270962f6c10d188a51f52421b19a,Mirai,mipsel
3ee2ae487a3b6484e8d436016317a46d8f3639c7319dda068433c4a9ade0f4a3,Mirai,mipsel
3f1d769df5fca68227f775696a752e6f75678f465cc5e5ba77f3bac4e0e83f54,Mirai,mipsel
3fa5cc635241775e83e9f4eeff09cf65a9be3ba3327e45243973a893e203568f,Mirai,mipsel
3fad4a84b9ff86d63d2f29973df036fb2af0ef6569da3dfde84d654a96382e4f,Mirai,mipsel
3fcb0a75c344530657f8492d2a23f22ec4383b0ca72c7076000e4220ffeeaf48,Mirai,mipsel
401804c5c694d0bb0c7d2b2b9f8d278daa614251bc88ac6e174e2f63433816c5,Mirai,mipsel
4050262d875ad2c4bb181f1fbf6d5d2c2b151563ef30ab487eb9aa4d6de3a27c,Mirai,mipsel
4057ff722a9ac8fb989af780c11f6c4450db019c85da2ea929a6ba97cc4c11dd,Mirai,mipsel
40ac46ebb0788f2e2323157d5e539ba66be982776e73f261cd013acf482ae9c0,Mirai,mipsel
40b1ed2ec07832e77b9716ae2e6a4678788f25e19d3aee364d07200ce73ef7a9,Mirai,mipsel
40bc615fdcd158db2b1061f8814bcc6f31bb47b726afe646162415cb66f39bee,Mirai,mipsel
40ffe04cd078ab49cb63f857b008e7ef2face1a32ee949dd28c5b0835e3c7a8c,Mirai,mipsel
412c3bbc69094117feb3e60351b19e75960fec48c81437291f2a3ac3296f210d,Mirai,mipsel
415dea52145e049b74bec55eac44518f1f250b920b90f3ba1b2cdc86e98745ce,Mirai,mipsel
4168ffce09e16db3b8d8006db44572fffa45ae44ac768f4a0486104d7dcc3358,Mirai,mipsel
417a4e46b0119e78440d17dd224934d5a84fc1ae3f3f182073f9b10b8a494c0b,Mirai,mipsel
418a3a1c66303c4591f8bc8d354b251677bcbaf77a4858ef61a9d6d48391410a,Mirai,mipsel
422e580e7c20ddc794aa9edb356ee29d7ae24b270d9b4e351e4fd20f6925742c,Mirai,mipsel
424654d18f0e07f933152867ad2b9837fa622c5e9916ac7923e9d46e5bcfcc98,Mirai,mipsel
4256075a07931072f924ae57f4b16c47259bdff435c27dba8522720259cc6847,Mirai,mipsel
428ae8a9e5ceb2fa04f893e1d425ec14d0cb3bba44d4b4d201555110dce619af,Mirai,mipsel
4296feae44e8927b87689a2b3f692eaf427d9fa8bcf4e678d0349155e42d640e,Mirai,mipsel
42c441b64ec77ccd8f69ca2737f22e81ba7c13d3faf18b391721d4f7a5fe453d,Mirai,mipsel
42d2f45e0a86c370a8cab16eee0ab0bd83930a21b565216919593ec1c6a7f011,Mirai,mipsel
42dc58a39322b2405e26932c67c84e967b38365a65bdc11579cd571bbaac35ff,Mirai,mipsel
4307fa2f4bf28c3748334c89b3bddb2e13ee428fa07468af565e22c1068e977e,Mirai,mipsel
43778622ee61bb02aed02c337be07aad1a63628241c4a5685a34d377384116ea,Mirai,mipsel
438fbcfa9983275e8aaaa61c76fdb13f4ff4d76b1c69c113f6ecfc95761b0b26,Mirai,mipsel
43aa904c9b63590c3aed6700fad391972af3b798c3d237ebd79dfec392111ef1,Mirai,mipsel
43b677401184225d57b25afd95e623c25c713f161ae09368828e357469ef72dd,Mirai,mipsel
43c19ddc46cfc72472524f763a6f97e6a8485c659839f9bd361bb4a16fc331a3,Mirai,mipsel
43f89ad0373af856c7238ceb9bfa109034da804846cdba064a766eee72e7b6c6,Mirai,mipsel
444dcdff6579c633697d450a5bd450b1ccec1ad0134812fcfb0e34a26ab6eee4,Mirai,mipsel
447093c21d331ba2c4e5af0c86db4ca2dee2eaa96cd36b1f80bf858ece2649bb,Mirai,mipsel
4493adddd1799482448ee95e5295f7cefcb1cab02d7d7fee8bd189923bce8892,Mirai,mipsel
44e6149cc8675e7cbd8baa7c752123fb831bb3b5f2bdca346e49e090aaf2d357,Mirai,mipsel
450a132e8091f5fc8c040b8822398ec398b110e63512c9f0988b6114b2d65914,Mirai,mipsel
4513de093aa79387baf66089561ea94600db8e871593d531a136f17f234d3117,Mirai,mipsel
4514d73c6b721a8263662088b94e3a921017e7978fcd4a949850865fc9f7ae0e,Mirai,mipsel
4536d5b00edd59f75a335fd5140faec416130bf5e576db0e7626882acae82c95,Mirai,mipsel
455c2ec99cf5142ac78f7960f77c101183fb4b182de49df856780ba61e6b3391,Mirai,mipsel
455eca320f359da621eaad863d2bc07d50b3caf338ed8c5a3f5c50b1eb4bfa30,Mirai,mipsel
45a1b1e85584468610c0bcc815921425da9e9f330c0b7e8c28d7235046a99d66,Mirai,mipsel
45f6eeec406cf08897da3f558648c32cd5c4aa15620f64cb521956131c254134,Mirai,mipsel
463373c09788eed8ea34671e247dffdb86bfb037f91186277873b12f22916427,Mirai,mipsel
466709a5fb43fb4f147dfde7f2774562f770eec0de7d14b38e8d35dc5f9bae43,Mirai,mipsel
46d01280a04fc0bd2bf5300ed1645be5380d4b6a95e11a274bf731f3a6c7f40e,Mirai,mipsel
46f4738aa8813310898daae458cce813a6995f4caf8c980e19e1a28f1c23ccf7,Mirai,mipsel
470d7120c806d9155c6b93bf1046f65a21d93ad6fa098717a2f6fe4d860e076f,Mirai,mipsel
471e90d3486004621f91dcb7032a031728dee213c400605f9f4ed37e6ca42a57,Mirai,mipsel
473fc2847f80172c53c05006d1ac5d5bf8546df53a0fb797922e713aa7ee5507,Mirai,mipsel
4743ccccd9e371e4c0b5324bb360d5e31291d8ab815a7ce69a1a2536746c20a0,Mirai,mipsel
47480eeb97c76eb081dd8747b37f536a545e073a138ba09eb5c67f1abbf1788b,Mirai,mipsel
475f994eb4cc81320aeb076d8eb6f19b082455870a25816c106faa7a6557f80c,Mirai,mipsel
4770ecfacb3a5e97708ef66f67950436435901b1ef9e7f2567bacb53267e6ef0,Mirai,mipsel
4781f7e74cbf069638d4786f6e7d211663dc38ac3e1ea38767288e6f5ba4b203,Mirai,mipsel
47a0d4bc4d62a73181de28ffef1aee984185f658ad6a84090b49143ecc6383c2,Mirai,mipsel
47b9658cdb568ecce6c45131a109bbd87c8e6a524046a12e6fea1a9e4cd83e00,Mirai,mipsel
47eb1c1c0ff2a496ba0207c22d47fe7baf1d3598f6f48d943e2c9739b40a0e61,Mirai,mipsel
480008986f0237b1905c742447a693fc66039fbf33b9ca948d0340f1a59e545a,Mirai,mipsel
481582729aff7a014028616adea1bffc496e52f2c559d2047c68b9691d32eb39,Mirai,mipsel
4820aac6987cd20fe9b257a9082f314e8c3d488b0b50802e38cb3d6c034ef2e6,Mirai,mipsel
48a644e922cdef834fdb44d5ca8daa96b86d0133e75560d9f6fb1998bfd56040,Mirai,mipsel
48c5510d4380ad4b3ff2b85fbb14f3822915d0fe3fe93f5bd29821cbcc3855ba,Mirai,mipsel
48c5a577407d418df49cb60d1588745cec400647a7c6b028e3945aa5e4bcd095,Mirai,mipsel
48d8df672cf1e2a0d265c666123004361f95521b8e4d5d1fc65d00e82cda527f,Mirai,mipsel
48e12256e7bc6165ab270cefd3f8c509d2eb9cc18cb19b6fbf20f498d15140c9,Mirai,mipsel
49208d6282c40834f8868fea861a5a29a1094a3287aa3ded3d74f61dc6d26086,Mirai,mipsel
4944d90d4f0dd5b98b4d7a4dba659bf6655db8e5f4819c5a1a5bcc4f2c12d3df,Mirai,mipsel
495dd438ff6e55b2781ef0dfd511f76fa571012fc39a633151b51635407122e7,Mirai,mipsel
49ab57d563180bdbc49808211dab87bc5383a1d824db52465262a8637fda4227,Mirai,mipsel
49c2ddd2f65f1f92779dda95500defef34f2f8a6f4854f7e80a6b6dcb655edd0,Mirai,mipsel
4a4898d8fcfeb9caafece6a64c49667c1639659dd9651ddb8d6c90c57f3faf0f,Mirai,mipsel
4a902bea6508766c8959d04343dde1bf9fd634b5aec5e97c7fa7031b3c537e09,Mirai,mipsel
4ac673ffc6d4f5b14908f69d72e594d214c39a3e7f94bc8d0644b64f1b9d3e4d,Mirai,mipsel
4ad9ce68bf2bc398e7a0d3c0d6e88723fd80f72312aca4d620512a27cf4ccfd4,Mirai,mipsel
4aed5762a88170985cb05c1064ceb639d481ae7138f63ab8435446c748daa0a4,Mirai,mipsel
4b1ac6231898c03484d62dd50ba7bd2b5127117e54e16dcf4420e0c086f59e08,Mirai,mipsel
4b6520e5e4ddc53768ede531c12c2a2e49135d857e2fb09cbd13ef4d4d124412,Mirai,mipsel
4b6ad057bd141dd035824c98e07a3b25c40b499e22b3fbaa2a90e3bb2a94c598,Mirai,mipsel
4b77f6089ba84f17fd6985798bd90084d8353610705f1b2f8d67c3a8a20b1a8d,Mirai,mipsel
4ba24e540a0bb5190ca3904eb1f56f1c38db1ce94c765f7a7f448cec6e585dbb,Mirai,mipsel
4c64ab1e3add42043a8a632803921bd13a38d8b12737da757c8645b7d4ed6303,Mirai,mipsel
4c90dfe68c0888402bcdc776abec07b268cbfa8a963f74d181b2ab7d727db111,Mirai,mipsel
4c95add6f9bb0e2a230d1fe7546cfecfb9915e4455cc9391899a5332a19c72a2,Mirai,mipsel
4ca3f25d2820798aba9d7d7c19aec54277c5a61bca3fc0c348939ec7ffb6e86d,Mirai,mipsel
4cea74013febc14ba16ceb5100ee6b35140f2599154ae90af2f03bf69f7b3dc1,Mirai,mipsel
4cfaf1bebb13d331fffd5057a31493360c225452fb730bfd78d67ad4510f0931,Mirai,mipsel
4d2fc7afbe44b3039de98d445c2fd69c34b48c2a664ac1ee618ce53902478746,Mirai,mipsel
4d91a24091facf05e7bea8d8e68ef86d42b0b55777d447323c41e048d523519c,Mirai,mipsel
4da930c1251f815746c061204379b12fa6468bb1dd6011e57ebef4730360163e,Mirai,mipsel
4db019ae3bace9e95eceb1ba0f984a1c84107936c8870b9cd796e4fc6db96958,Mirai,mipsel
4db9a83f2bef34100329f327eb640b2dd3e2d882f38428aa781f8e57ba4dc2a1,Mirai,mipsel
4dd1284b711fa288d36dfc0d5d9b7e2e06a326ebd6d9a4324d9b63e581130ab4,Mirai,mipsel
4df9859e9c37579e55c97ae0423cca3ff7aeb79a29af569bfe81cb0b238605c8,Mirai,mipsel
4e2507ac487f8ba6f0b5685d7360a88618705f3262d6c767fc89b5eb964abe06,Mirai,mipsel
4e52f80d469022a1b5efe87a8f4b61cb0881a16279827cbab7645ec3c00add55,Mirai,mipsel
4e75871eabab69a50de065570a31c4ee4690a42c27b2cb990c7374bd784b603f,Mirai,mipsel
4e946846be409422aded9d4be5a4aa1082d7aa81c3551c2ca43869364f6a1261,Mirai,mipsel
4e9e6242633e4185705ff9a35ead90849aad167cfb32664d3f69c3998c9aac83,Mirai,mipsel
4ea5a978c752e56f83c4b7931b5d511fb640c86d1ecbaae61592fcb7d2166827,Mirai,mipsel
4ede22d1d07bb445bab720f33b8fb73113db6ba9a81519c8b637aee25ed50598,Mirai,mipsel
4f2f10117b50365f019ac0a19f8c8c0607334a90616311f99cd14f3890cee867,Mirai,mipsel
4f6743c7b83f42d460e017fcf8cdba43898660961efa95eeb4aef4ba97c33aa3,Mirai,mipsel
4f945adb79f0186a1fdb88fa28ae23e8738821c0f5b4e39952fd831a5e1d69bc,Mirai,mipsel
4faf4c6dbd84b4f85b044c21bc8cd6b82ac022a9ba1ec308ddefd936ab418091,Mirai,mipsel
4fef385874d92fb1b367af16bd552e6a24cbb9d0c9f795abfedc566581967edd,Mirai,mipsel
501fba9213e87184d74b538e4cc7df5acd563eefdd7b9c86bb54e19624bbe93a,Mirai,mipsel
50c3d40bba36a63fccdb354006deda4997e9d4673a8ab2bd4bfcbf8ed129309b,Mirai,mipsel
50e8a3ccd3961e9dc381973da714b8a54fe779c7ec85270df73e382ade4f0bd8,Mirai,mipsel
50e9ad464ebb67c0e620dd475bdebef16cc6d735764a43c2eeb2e35c0aaadec3,Mirai,mipsel
5103e8b0b93dc7539560b25d26dd597b4d9bf338c655ca1834607cb78c4fa2e1,Mirai,mipsel
513b02ec43c3e1c2a4432493408215a1d3cb0bc01bcae218a343044cb9a9ab02,Mirai,mipsel
5157b5346c6688a2211d3dc27b0c21fabea619b650a447e49ee2ad6538b352e5,Mirai,mipsel
516cb0878c239a22964a0ff8b62ccfa41402ab7f6ac0d0c7ffc93852723d76ff,Mirai,mipsel
51f36c3d3f0dbb5c95b8306b8c51a8b499fd1e2a5203511c0e4f12feb587e41a,Mirai,mipsel
521dfa9754f5d2575352ff5a5b60597a505ca0d2172058fa897fd529490715b2,Mirai,mipsel
5229ee734fe672f526290952d09f3ebefde654af69928e35b8f4af92cee7d011,Mirai,mipsel
5246b8c9a3002c8981ba190481e4daf4b12ad07bbe2b8288801b38fb308bb485,Mirai,mipsel
524feab52c31270adbd3b9dcedae7e1fb3fdc54a0de59822f3ede8e49add6c26,Mirai,mipsel
5252b711ed7974cc3eb0c5cbcf937dc254bf7d27bb8d86e3bb9e0c4303f2a009,Mirai,mipsel
534865faf1b61c3e898618b597cd8cee9e4ed08325f25a9d69d0006f50cfc88c,Mirai,mipsel
535e2e000c7b27d0dd6c20be3081feb018fc961a75b9bb53dedd883557eceb83,Mirai,mipsel
539bc28fca8663cd41d57f60aac4724ee1155543b3395239d74ba55fc62599f7,Mirai,mipsel
53a5178b5530e3f62ca501000bfdb6f6131f3e73e6c14c962c696b5c0183ff58,Mirai,mipsel
53c09e6afc53520c3e6364a315e53e0200d11659e0776ac5365374342d3302e4,Mirai,mipsel
53dbdd81fd2a399a9d89a4aa567c7fb04060971bfd5fb4e19b50b80f3feee5da,Mirai,mipsel
541194257a48bb4769e26f909a6d6f9322bf1b70dfa5a9fc4a7e441e06683369,Mirai,mipsel
54330e69d2aa4de8873c010aef3e6b081489e5573f7a8dfbaa102da10f7a8c52,Mirai,mipsel
544e65b11184b3e44bde855bf64c07cf95414ecd370970731cf7f917d5904159,Mirai,mipsel
545beacc0701fe53d38f61eab0788a63dea696999a554becf5a0210d754bf3c6,Mirai,mipsel
5470594e2dc7825f7941f8d263399b3848ea8b00f2689d444e41d67e8886597f,Mirai,mipsel
54df0530acf8452ba95fc6b44d6096edf8e80b7a253ba44b06f34aaa3b927177,Mirai,mipsel
54f23bea4629fb06a5e2068d5f5b66137e3aea5ee18a626acd016830196cdf96,Mirai,mipsel
54fc29d1c67977d08e9067dd5824fef462fce23f9ff02ee1bd399a6a84d0f5b6,Mirai,mipsel
55165d091650f7a38b3c7344324654fea63d5ab1648aba1e626311538f4826a5,Mirai,mipsel
5540174bad22bcd225c913b555bfad10bbb22120d7a631d701e741f70ecfc954,Mirai,mipsel
557d1a5713151ce98dcf1340aa20d385efe12b9ab9d485d5145b1681d71b8681,Mirai,mipsel
55ca8e80a694e4010ffaffc491bdb932d2a3c0fb4ac36a2b3597912b4312c7b4,Mirai,mipsel
56168aafba59226e8d6aa5336c56de7e5a13155b94fed2486ed58f8b7436802e,Mirai,mipsel
5684188454088120ca2721189cc594a9500260d24dbee9995555320704448184,Mirai,mipsel
5697dc24397efe93ddb2dedf265a2e6266f903a5df55b244ed387e0bf13e9e99,Mirai,mipsel
56a57246e5d49d9be112c29793c5072514952d046ab67608c2139e37d8cb983a,Mirai,mipsel
56bd918d577600399d2a9cbe9d0b5ad31e182c5f7c2b6970e0559ee7ebc62489,Mirai,mipsel
56e3bcc977858626e77b38908f5c9f694a155a0157db2463fbf7091d9d2d5eee,Mirai,mipsel
570f6b1755006c68529a0ebda9a97144bc33de03e76afef8ece090189e4b80d5,Mirai,mipsel
572bc28afbcee588d7fa234df4a6e866b8a8374a62fa767fe9edec7489b280da,Mirai,mipsel
5732a1ca40824f0a91f36c9ebcfd1bb3312ae9fa15c54bb3e10d69b2ef3af7e2,Mirai,mipsel
57373ae6fb79814a5111bfa08cd068a9504a45d2adc9b39d1c84323011482d10,Mirai,mipsel
573766000713d568dc848605dec127b99ee71a18b45eee304f94e62f4523b7e7,Mirai,mipsel
57653b47a324aa646efb4e78703e9e9b6c77c038af4fd3fc91bfef9fdec25a58,Mirai,mipsel
5824d2ee749ccb4438502a0faa223be79c9c5e23cd93f0a58f7efea88dbf3bc1,Mirai,mipsel
582b4b8cb3ddffdd96ed8a60a779f9eeee45dc07751b83f1502ebd339b8d9feb,Mirai,mipsel
588d6e3cf118f146920184e852a8fb75dbfddbe48b6e9ec94b77dfe15296d6d8,Mirai,mipsel
58b5d2cb1b6e5026c5c44f10a9156fa899d6d88ea1fc029bca7d225db2dddaca,Mirai,mipsel
58c76388f5b1e9e1fd0594c4538f12b291deb097792ea9e19e394ecd279e3333,Mirai,mipsel
58e3d1c1e9578b633f678e9bf0b586dcb5d08670c1761717a2a6745dbc4745b6,Mirai,mipsel
59041edfbe1403177cb87123de13225c85482704fd3c8889879e9bd19303e407,Mirai,mipsel
59165a17931481d05d0f3536b272ceb2294e8c7b6168236b700b6a60d7f27798,Mirai,mipsel
594bd4d951c8ad96351bb303883865426be6fe9b287cea6509cf306e0049d7a4,Mirai,mipsel
5985fab80bca2e282f76c0fdc52bbb256399a9975d93be196b3361b46a007079,Mirai,mipsel
59a394957ea20ea21412dea492a7bfdf6278b7f7683c51215da9f09d110aa7e6,Mirai,mipsel
59d7b996b6780a6434233f67832590f9ab1397fd65b1ada36572aceb5533606c,Mirai,mipsel
59fa9a0988426599e0b492182562d02f929be3d0c4ea1118b678d216c0ed235a,Mirai,mipsel
5a02063f28003cf601971475456260f6ed19f266e08a5ab085ac453883e0c3db,Mirai,mipsel
5a0330d88bb4844950bae558a5be3f0e912e0efd13ed53e0a3141b141260b44b,Mirai,mipsel
5a3b5859ecfd2ada1ddedcd8d75ea9ac1c47c3614c1f114e625d4cc22a3961c1,Mirai,mipsel
5a7b021ae02a8a6575faeeb8110d3380e371fede7901cefc80e3281e2d71860c,Mirai,mipsel
5a80a43c7836d61b6694caeaadbd866493ebb403248582e8aa066601c139cb4a,Mirai,mipsel
5a8f0b214309e35d72286d0550bb14d96b834b2987700d42c9ff65aba42f14aa,Mirai,mipsel
5aae7e1c9c71f43af7db5d868e77848e2fb320530950b1ea5673372f4b0d0a9c,Mirai,mipsel
5b219a280c25ec1b4af4ca1b7a8e5d472dfaf8dd0bc93f33ef80a995a1ba98fd,Mirai,mipsel
5b24b2fbe53bb18462fb0a4131d496a69f4b599d4fc70c5fb714348701e945c7,Mirai,mipsel
5b2596b94f8475582ace1fcc719f15ab68428a4687e442e65885089f7c24d5d3,Mirai,mipsel
5b8f3179a87cb30d448c734046d7d7fe7600588876b7811fd6731daa88879739,Mirai,mipsel
5bc126a2098d551e0a02527acb6a9f0e2f193dc11e194f1c90c7747629ce5b0f,Mirai,mipsel
5bc869bd8c2d3b19f829b12d711de08731ed3e04d611b15d5c1843216eefb663,Mirai,mipsel
5bebb0e466e2be2e21c09a87a6ea45004679fae93da5ec6fb1f1a4b4857f2283,Mirai,mipsel
5c2b894375a1aaf77c5e6bb53e8579e999564b4f47b016e1c9a1232d59094f4d,Mirai,mipsel
5c5265934c7202934b07586da85518920bf506ce85c422d11404ac18aebdb365,Mirai,mipsel
5c54699e91e0be489cff4b3b0cdd1cc5dce443d973e772341ffa6181fe1c478f,Mirai,mipsel
5c610841fe389da4940cc0780d420138a5321f399abc02825dd9f8a916b87024,Mirai,mipsel
5c767af1c69c9788d691d361d98fcc611b59d5eb566657faf7c9b1c5c1a90eea,Mirai,mipsel
5c76919f7d480afb0684fc3b8d5738c85b0923e5f41baf16b5d33e3411809103,Mirai,mipsel
5ca0156359df640741181a316dc1416187210d355964aa38b633d56eaf7ba695,Mirai,mipsel
5cba4eff33fd4822429d538449e4c1373ea2b2b2b278095ca1667a6748c048b0,Mirai,mipsel
5d1f3e5317ffa4282815c8d6ae934da16aa56c75a832a59b955f6a8f0eaa55dc,Mirai,mipsel
5d4e565bb7e2c860ba5c9ff5f37657d23b34ac5ad2499f3f412eb6a6f4dc9073,Mirai,mipsel
5dd84ee7acafdc8ed22853d930db996f1163e7f8ce303b58313d11845b1b0a83,Mirai,mipsel
5ddafad95b44acafaf6181ab158981a044957832c68943819bced7c9e88161ae,Mirai,mipsel
5dedcd4a4f618233ab0e26e0ba51f59b55056bc165a2a3499ae0e61c0f161cbe,Mirai,mipsel
5e8d7feb4dd3c04d9b08e9deced1a80750ceead1772e31f15328f26e124f7c07,Mirai,mipsel
5e9dce88e666554dfef4d7db3f29174dfd6c11256eaea02f57dd054206390d38,Mirai,mipsel
5ebd0f42e63fd7eb7f9f4ca16f7b5612922e8c5798050ae22c5ec5ea61a63531,Mirai,mipsel
5ef464b9373ae5e873e99bea2c2eb7cb024dad5f78265cda61abb12f6884b2bf,Mirai,mipsel
5f1f0d89d9070ed858a2fff1f9701103a7a8f6cf1692bf1c1a8c2eeaef7d9c54,Mirai,mipsel
5f4b8e936c9c17a36ad83b30b8757aecae72ecfce004ce053681c95ca0db3c0d,Mirai,mipsel
5f5686a7fbc7ae5b2a8e2bc831e9d8e4f32290b39a4a307be34a933de97fe459,Mirai,mipsel
5f717aa4ab3e3447daf628f173fbdf7a275c6cc61ba757f71f53ff6b0b0a1c78,Mirai,mipsel
5f7309ac91d1c5ecd5e47271d7646dd1f7606d580a9705e0ddae78c9e848a60b,Mirai,mipsel
5ff4d5f925a6e826081fd6c05aac923db0ea4a762c5e1b568a9fb2d5e4321adc,Mirai,mipsel
6002401ba77a76062265279482cae4ff065427c976b7e155f3fd5898d50d0dd9,Mirai,mipsel
60121410733c793e266d5cbb5b159ba9a7c63d6fe98605f88dcc15d5c92c4577,Mirai,mipsel
60b3abbfb524d47b1075d14ef40491be75c2d89ebb47e812805a1bffc7c5dd68,Mirai,mipsel
60dc8f3da2f485550e4c095840de7fdd80acf32119afc0e1b8b83341ec02c381,Mirai,mipsel
614242f1a978a3938d06327589fe532cf4b26e7c0c4d7ec7373a8291c8e50dd3,Mirai,mipsel
614d16f401a049fd0256b04e26756502313c4e557276a8fc43703ac7ed184d0c,Mirai,mipsel
615671858c33edf024cf28f54615a246d0506d02444cc7881f231817f2d983e7,Mirai,mipsel
615ee61f0cf67769ef317301d878fa69e7fbcca5979f85ada1266d7b8654cd35,Mirai,mipsel
61819b360d8cfb0ac215041f97f7ff64d97e68781f3934cdddc838012e9ebfa1,Mirai,mipsel
619fa5e68672e69061f303f06231c9a8a7b1de4c80c319521adc6f25cb259da7,Mirai,mipsel
61c95a742302bc90b2d4a490000df1f7eef739e552ca06d7dc240b4315b97c90,Mirai,mipsel
61d2da4c0a04eca6f3cd077cefe68fc647403c1fcb46d2cf139322fb25b5904e,Mirai,mipsel
621ee159a6425a3d69f7cd2a307d963575ed54a5a492f5732006288dd5f3130b,Mirai,mipsel
632f138e38e43e6704578e9ea2c5d6e49775038061d15559c4a1148139105b10,Mirai,mipsel
6358ecc91a76bbc1336ad1a335732df88efeefa3525cbf823f8f591fbd452578,Mirai,mipsel
6359ab99ca308e069b45e71578cebfde7de4d345846891f467fb45ef2e375404,Mirai,mipsel
63860aaecfa1632b2bcb7dfea4bebf4f8de2872f2d02424415fc467eb0118538,Mirai,mipsel
63929b761ff64168ae88aa580e911b0dd598f67e9c3a28f591564d3888b3e0ab,Mirai,mipsel
6487d4f5caed99262c123c516879869723965d902241fcd002984d7befbe85d2,Mirai,mipsel
64a01f6d376c9db146aab14ab7e38a8c214898ec6c24cb549341f8b70928054a,Mirai,mipsel
64c1a798c4c3164d174515c6532cb17c0150d2dc0e25fddf83d6880c2fc3cb58,Mirai,mipsel
64d0fadacf4ccc0968dfe979f7d60df70a34a52af4c665b295f8faf9ff798d53,Mirai,mipsel
64d8ebe3e921435a54779796631bfce3d42bcdecaad091f38d28aed4e2454f86,Mirai,mipsel
64dd76bda1e05a64c7bcc4a40550d5364372510d53dba8a9a1f8cc640b06020b,Mirai,mipsel
64e354e6b812acfe6a0326e5d55bd54c8c2c22420c3930f4e030ffe6fbd2029d,Mirai,mipsel
652d86bec526e9babd3660d220ef5f5d553f58ef737cc33661a30601a22ee222,Mirai,mipsel
6596b72ba9448bb140dd4e3c4f406d1db0fc085823cea4f1d405789bc24f131f,Mirai,mipsel
6599341c1790ca4438fa08248f32d444ef3a7d858b9789581f01bec93eef21a5,Mirai,mipsel
65c4d6ef431e086bd4995554108cb95892e690ae20aed816662636659ea447bc,Mirai,mipsel
65eb21b81172c02c2e727136ec3bb8f71574eb2616f47feebb6d307ec930b4bf,Mirai,mipsel
65f0dd822209b232766a7f359d8c6e7ddc8d7c65f8278ea96382d9ef492b9fc2,Mirai,mipsel
660fbda4bb0bb6cb56f839800d5bbe2c12ea0da09437b94ff2de5a5a33528c71,Mirai,mipsel
6619ccc9e53f0933921368ddb15dc03f409f417bd1f994c2748b55e1928fbee3,Mirai,mipsel
662653238987f713aec3e048d82c6f99f55a1c165a7b9c4ec223e319d417e6bc,Mirai,mipsel
6645a8d61b4fda57677d3dc40dbab6adb949fa19871842cf9838a8d86151f325,Mirai,mipsel
6646b8f84ed25a0a44f7eaa236d0a1721d2a88de0b5a7b5021eec288ed356ba3,Mirai,mipsel
664743224bb77018a662134e0906bb938ae431fa0213935b2062fad76ddaa192,Mirai,mipsel
6691b4125c2d2c88869b53fec38ab5d0fbaaa4bda0e66583b2850513560bef4a,Mirai,mipsel
669fadcc6a35b43066b80a6f339cf72b3eccf4517c776f56cb9903595398670e,Mirai,mipsel
66e1122d7dfaa3c356caee6d632cb707404f5f3fb0270cc34d54ed4756073bf3,Mirai,mipsel
671cf73003f593978f5f7ee2ff8b0e30cb649b6761630235241662bec6892132,Mirai,mipsel
672dc199cf4e8c52c80bfadb098aa6963ca4654f83806f16e3d3fc0f34d2c2e9,Mirai,mipsel
674d677977aee197346266ccef996413546eb696bda7c2c8499a00fbeb63a8f7,Mirai,mipsel
6773097fce3dce8ab55eaa760b658fc045ba9c08eb880f6635902aded36e14ed,Mirai,mipsel
67a727079ea5df8fd2087cc0be0d83610ac02ff2aa863f072d4aa2b7054fc22b,Mirai,mipsel
67e44de7c6e5b264a3fe9e82344b1988df82bc413fefeaa45625b15503763677,Mirai,mipsel
67e895a290c86f1b3dde5486c9236eda73d35f69c86340d7d8790d62f1b48038,Mirai,mipsel
681eb96f8f849b0ba98428970bdb86b71ed4d04f23b4947ba09cef4b90d67b21,Mirai,mipsel
6830e88bf107130603c4eceed1796b50aeef975459694ab00310035acc01c1d0,Mirai,mipsel
6841301ec84d6190f4c5c2dc1564853b29a66f60286156a798cc621a2ddc0c1b,Mirai,mipsel
6843b9dd4cf3d312aa99d2b11f972bfd42b6352abf99d2fe2f80682008fd20dd,Mirai,mipsel
685bd39f0f463d1c91713086409fe65fd0c3090b091910ec6adfcce2952df9a1,Mirai,mipsel
68694ef3d745cddbff605945211c12cc21b65862a1ae24596fb606d501995b62,Mirai,mipsel
68a3f2af7cc8febf36cd35ed9db0c43021387d570bc16ac549f8df6a3336a956,Mirai,mipsel
68c83756e0269cec4c3fd79c50faa5efd10712c74b288d16c4a72126097b2649,Mirai,mipsel
690b06ea0637f5e866d69a0c701ecd1c41257a7328ab5c9d9a9d2523cf50353d,Mirai,mipsel
69248ba9b5e64f57c53fb309624923822197c8ffa14a40df19d54f95fb7f92d5,Mirai,mipsel
69646f3bea3bd32080381b0455fea998a01d85deee1f4b313081a59aac637eeb,Mirai,mipsel
6a24acb40762a1f3c637ffd6b1dbe4e735a4043a3755e2c71be9bdb964ed79ed,Mirai,mipsel
6a302c6d804f6de4b7752f2c044b997a29d092bf93829031b0d7b8a4ce8aeaf9,Mirai,mipsel
6a6d38f51306aac92c74ea718b9cc10999135272080f9a23aec89227a64c96f7,Mirai,mipsel
6a82cf6aef4e79b6dddb2723ec5865f48c134d63528d9bb0808fa166b71eb1de,Mirai,mipsel
6adce0aa33a83f18cb2b9d5a79d074832e6e54917841d164108d46c332f767c5,Mirai,mipsel
6af738e508fd2f158ae6651f778fb856d6c9df6941f06a70626bcffcffa9f762,Mirai,mipsel
6b242afb9488d80b26e762fafc1b2bcc1f75a0d0453f54527d6c76a26148b4c7,Mirai,mipsel
6b62ec31a191f8dd25d9d641f5700d0b45f3ceec0fa82aac8f23f4cd2ed1f4e5,Mirai,mipsel
6c47987c4471cad0d51b7daef76cb40767e5986330fc419a48041be3f4e807c5,Mirai,mipsel
6c4cc74954ed4612d7984b79eb2f9ebfeafc2cd8605677b1cb28115e8e5faca3,Mirai,mipsel
6c8263f87876b8eb782f0038b318d0c12c7867df20459d146475c9e5b0e59ce4,Mirai,mipsel
6d04e160966a8aed33f1e0a196efd98325ad03f996c014b59a3f64430c7effc8,Mirai,mipsel
6d324fd190e83f1ad254bfcbb0159564a7565806a7398ac13c13c5fcff4d92c4,Mirai,mipsel
6d3f483175584c369df0f10bca4335656961000097619c313a26de66802156d2,Mirai,mipsel
6d4daf1d2fcc843e86a18be3d7c390962e41c64456ccb722a31cda3210901ebc,Mirai,mipsel
6dabfe91f319707386e387e097e619c868ad44159105e957963cba067c1d285f,Mirai,mipsel
6df63fc60a7b66cde48f36d7498d59b2898ff1866297b4f6d4d1794d0b4a247a,Mirai,mipsel
6e067d8c45da477868930707c1210708b096fa65e1b1575916c2c9453a8861f8,Mirai,mipsel
6e08505b6ca4651a948d9feae45a51ecd6849696de618a5e7d5847630b3cbe05,Mirai,mipsel
6e1cc7fdad0773457c1c920458101a48d780401e0899be79ac91994fbc204f56,Mirai,mipsel
6e4409a4515773f75a178211d546ed0ed800df4b4c00d8b3568fc94909253109,Mirai,mipsel
6e526df3a7597ac3ad6736eb22a54a46da70366fe0c0610f8c1d3b9f51d925a3,Mirai,mipsel
6e5fc672804055c90def8eec8ffefb990c3ac1ebcad108412fc100db5bf523bb,Mirai,mipsel
6e681b583e485f34f6144c67a64c5ee886793e24579c62d90f5605c3961e1532,Mirai,mipsel
6e991b41076471fb44c6bf16cc053d717d1d368eff81faf957556f5d124a5d76,Mirai,mipsel
6f0890612129b041a0c0158971f32b51c8fbeecb7d77c71c3f954b427d9fbcd8,Mirai,mipsel
6f50832f17abdedb8e17f3c400663f00321338d612c8c0a213ff827faa6dda21,Mirai,mipsel
6f83655ae3f60e74a6a2263a2647824d04b61d640d615608980e3f49b59757a7,Mirai,mipsel
6f837201fafad47aabee59ff43afdb47f247ac6e7abe75cdb205c3435b867098,Mirai,mipsel
6fc023843b741f42faa2408838665444851a93ae41815ed32dabad2fba7150ba,Mirai,mipsel
6fde585ab1b1a50dae649014e1e5066aa1d833525e37473715a7e2f814c9e0df,Mirai,mipsel
7021e8d5c00f09e153a0258e13ab754ae0fd49fe92994e9972732b459a7cc78b,Mirai,mipsel
70536ab55c343c97e43aac9fc24c07ca04f937e5b35504637a4e6e0a68e05a97,Mirai,mipsel
705ff68999595984c81e5f3bf59649b5d6d5c57b2bd11431c7613e1ec3d09214,Mirai,mipsel
7060fd48f09d4b9fa8ceb8e5557d0ab82f5a9a3388b130bee0be559ec42e8b1c,Mirai,mipsel
70f52ea6132abe87f98477395e12eeb0b96194b53719b1a204c388c439fdc752,Mirai,mipsel
70f9e9a3fbc2bb0e22de5bd3db3f16b0ce9569dca0229edbe81957a124483d80,Mirai,mipsel
715a60543635e009617a6fe32367e7834f11c219be1f5360be35b09778a03dd4,Mirai,mipsel
7177f501950613227b0b47cd167b33f6d0db5065e29e80f0f6338e4eb0af0537,Mirai,mipsel
71c383bbf388bff6f2b6826e2f8b21c2067fbf4997d4ef5410613e0e37ce9909,Mirai,mipsel
71f298d9c247c687790bcb7414abef1213f98109ac6f0ff9e822058a0700363a,Mirai,mipsel
725789bc6e1bda7a6d9cce8464a994fd55dd4539aaef0a7b7cae173d743b1c72,Mirai,mipsel
728089f7b561738b61287baa6ae4a1059916014793458cfa2c206eaa07d51efb,Mirai,mipsel
72aea5da0cd29bac23d593254bd68998dfeb6979c552fdc913a66feb26c00889,Mirai,mipsel
72bfbc9bc2f1b86118c49716e0b676174919fc6c3b4680691d4fb1117e06c934,Mirai,mipsel
72bfc95560f42bf43c4573d5e89a08899144eb17415f57613ad40dbb509a2f3d,Mirai,mipsel
72cd8820182d6079f6441a031429364bc94bb08ce1411bb5fa6a45f8ddba9f20,Mirai,mipsel
72d087b8d5bfa7242e1dd5cf5ee0904b3bfa85f151fa5b2482f1b9092f786f86,Mirai,mipsel
7314d594e5144d441451d985deb07c02d6db28793993bd744bdaef14a7d76184,Mirai,mipsel
732c633092517824fa9a09ce7b70cf9e149dba006014826a216c6bd51ac4a8ea,Mirai,mipsel
7336e56bb174b353b12be79e279cbc2af444a83612dd6c501d8e4742cbabb6c8,Mirai,mipsel
736fc47c108ba12e46d77dd7a8bd24f7d16b51dffd2c1130008e0afec6c86764,Mirai,mipsel
739ac58fcb6deb521018561262a6b8f31274142d3beb2705923e300f73473886,Mirai,mipsel
73ec8669c47abd618e280311c9df62c3bbdfeb450e7ee9ea3e92560f821615af,Mirai,mipsel
7404c538b2055e1af4aa570317453ba0e5fc546645bfc05c1ef4f48f6dc57e63,Mirai,mipsel
740e8452c5acee12128f5877ae0887c398a0c48bd9eb2cf22be5e2a1bc9f5c29,Mirai,mipsel
7430a52bafb60fc9dc271189dce74807fcefc4a453a9d99028fbb93475acd5ee,Mirai,mipsel
74979f14f22486c4e5bc447ef6659711ec7e048ac24fad7337b7f4c7ed5da922,Mirai,mipsel
74da21e11d08aff7a214a62c985a423cfe510a4d9fe4db0269f057e251af98f3,Mirai,mipsel
7536c6ff52202b18e4be32ad69abcec6ac6328dcaabd3e7470f37f584362a50d,Mirai,mipsel
755031e8c1e3ca26bcb254309c81d2a7bb5316444930c7100578c11953fe9844,Mirai,mipsel
755e4c75d091d4771794193e88655e9f633d798d3dfd9f6775820bd705ab7815,Mirai,mipsel
7578406434b1087216de3c9e22aee0b18a12e04168c6977d884406cb59020aad,Mirai,mipsel
75987a38f90adfd571f8867ab6cd61814722f521d8d53649b0a3a97c33bf094c,Mirai,mipsel
75d026f18ddc400a75de2361a760cb29154b622c44dfb40d6273da235b590aab,Mirai,mipsel
760c037586b0d0f4abd4b9b5119709f111a2e08c66b1251896b597dc6819d76b,Mirai,mipsel
764961a63b9fc121712be1f69bd54788e605790f98394840183c3659b2d998ce,Mirai,mipsel
7700c5ea4939b3c2ff932e4e520e92eb9c9409b564bd7e559b611727a2a0e348,Mirai,mipsel
771833b164c427157f4fbee6ab65241167a48e34135f1b16711e12d3799f4964,Mirai,mipsel
776a1bafd5f789ccf0ff91a9943deb0515203ef7301d64f4c070b1b2dbccb099,Mirai,mipsel
778ab718bb2cc2f3ec3c3a4e7ea4ad4c2875ece28bf1e6957834dd762c2bbc9e,Mirai,mipsel
77a3a5bf0a0f2a2b0b6857fc4cc32ee9bbc7f24f5a6761f02fbdce52a8be4666,Mirai,mipsel
77a65ac6c8f8d96d33cbbf2ca40a62581d88cb90d5714a281a661f232f788235,Mirai,mipsel
78084408b66d71fe17acf26e007b14c681ca60a735d012f99401c79692a6dced,Mirai,mipsel
783edea8384640b56120ae711fa4364433d72035cce81a1afce084dcba59ff2c,Mirai,mipsel
784a84d153a35df6ec568be635981e130c67cdfd56c570c4b7665da40e6a22d7,Mirai,mipsel
785dda71208ed43b21c354429b6764a5bb2f1e391aff808eadea7e093132e1a5,Mirai,mipsel
787f65e7f038880e06a55f9e7046adc3b8d7531d014ca19b25e4118eb0e3ed67,Mirai,mipsel
78d0c2500daef0540c969e39ed2ed162149f6da5bcc037dd631468776ed9cfe4,Mirai,mipsel
7919f8211f65cf9481ae32ed2374cd7b061a19dc6852e8049e0d57a6a1241346,Mirai,mipsel
7925eb4e7b5f569686e428b1d95da224f356e7cc0729f50b7b5506ec5a95dc7b,Mirai,mipsel
79780819c9b23390b1f6e5bb9af53bc6b469487a40cbc68626a04e311338b8e0,Mirai,mipsel
798d9393eeb4f85ab23e758622fa09aa924b9784212d943dc9357448abf69244,Mirai,mipsel
79cb0737e547471cbce9d77a53bfeaddbc1868b56d766d9365340a54329a18e2,Mirai,mipsel
79e28be1abd93d0e4520139cde7e4597647cbcd87cf08fbee3101f058d38c50d,Mirai,mipsel
7a52e4701422a7f40b3021490e44a0073b46d946a77a10e0d5c13a3817bf2f13,Mirai,mipsel
7a5c7f2079e81affead310d526d585d0944b2e08fe29ea5981e11e9000be56c6,Mirai,mipsel
7aadb905eec5eac880744d75fefcc02a74b9ea93f939f3574ceccff3b59176c1,Mirai,mipsel
7acdb71f4832cc365dc27dc879b6e3bd70e08f0129e5be76fc228196792b7155,Mirai,mipsel
7ad964ab1ba4bfe985e75d998553acef9d9f1b3d0ee20354fcd3b6feebe927b6,Mirai,mipsel
7b17fdc41db5fa8d47996a89ea6a4e01e8f13d7ae51ea01d7548b2e0258db028,Mirai,mipsel
7b2b0e507ab614f2980de2d5d2e450700c1a635da31478172e77c6dd93156b1c,Mirai,mipsel
7b49cc61161039e3bb831a4a92dd28f0b95d9eec885916ca99f657967ca22d17,Mirai,mipsel
7b5ff78f601cce72d34d6ae061e0f5be086a69742dde90089f8f207e54687059,Mirai,mipsel
7b97e5c8f2eca9a196640fc7671fa45bfd780eb978ee2a2addb4a30fad297f0e,Mirai,mipsel
7b9f717e4c9700af000d4dfc15aeae4dcfd7e4a4a3d5144ffc8feb00fcbbf709,Mirai,mipsel
7b9f7ffd4090ca9707c709afc5d9e969a1df7663751e3dfd52d641aa8dd2fb8d,Mirai,mipsel
7bdb88232ca082a68e5509c3f62cf8070cb191a619e318f0b5d78255edd2a9aa,Mirai,mipsel
7bf068446f30946206093466402bfa97e5983393da407aeef428e60fa4a74860,Mirai,mipsel
7c0e5f35d13ac82cf6622f6f50d81a3a7be9600fe2d69441fcb1fda5f295ef8a,Mirai,mipsel
7c6b0e80b6cfea0c2a5676136400527ebf91775492917478078d502db5f17a7c,Mirai,mipsel
7c6cbac1616d46af639e6dbf478fe8d7d0d5150f9a5d067728e5b6b8668cff91,Mirai,mipsel
7c8c85fe15a0363b5bee15fbb238b3f30f9966f4e9ba37b7d6eab7a0ea90d46f,Mirai,mipsel
7cd8138f5988119ab8030cbb97aed236db603e674624873b2f6cf1e8a7eb6775,Mirai,mipsel
7d039ab0e5b71f18648f7e4af532e252b895ee2ed7ee35e33c685c298823d12e,Mirai,mipsel
7d523b1998dd5ed9132803af4aec4c4b9e905d7e44a07b66cde00e06704a7f8a,Mirai,mipsel
7d584c03e4ed45a3d346881fba86d778dc7c71761a3d06c96f6bb2228de48513,Mirai,mipsel
7d706e08d9b7c04454aed8bae6809c25151a972370a30b5ae7a1218a5b5d83cb,Mirai,mipsel
7da7e366077212ebe435336598451430ae63aa67bb98b2b4303954245085f106,Mirai,mipsel
7e186b9cf672626fb8b90308e0ae552fa1b9de41f595fbe23b45bef5a53bc699,Mirai,mipsel
7e901f77ce613aa87fd227add544fe26105e90483805a99710bd51e88c01250f,Mirai,mipsel
7eb2026e6594db54db17b5e4b5d1028ef7b70e533a8deb1f9a9fb5d488a1be92,Mirai,mipsel
7eb789697b9e8bb29a3f5d551c43294d98bb94e3d0785f6b4796f9919d50aa92,Mirai,mipsel
7ec3b1fdd152a306b735e75aaffee8a8133c1dea19f58f3a9f785748742ceffd,Mirai,mipsel
7f418cb0bc42c8661ea116e27c00f5b0ceb1512d6542aa287d9835b68ff37482,Mirai,mipsel
7f62b7be813519530dc33868179777c92039440186e2cbe9a1844f79e98a00ce,Mirai,mipsel
7f9fae206dd36f727d022964a31669a0da5dfd71daa0c1feedf10c7c59bddd91,Mirai,mipsel
7fd11490227deadec1535640b9ffb1afe7c6ea85c69957dbcef438a4ffde6e0a,Mirai,mipsel
7fea5fc9115a3991649527decf4b9b25a69ba3101bb28bfb126c6a77f01b311d,Mirai,mipsel
8002efafd03a8989a8cd5a658dff37dae5747e48522694dc457ae7972dca65ad,Mirai,mipsel
800d07e186c448bc290369c98bdccb170bfb0e2225f65f55c4737a2da3a202f5,Mirai,mipsel
8037336402defce88dbe31642c804b6a8fba0daa55f7e75ade87e6adbc180abe,Mirai,mipsel
80727e222c59bcd89c00509429d698401f92779c1bb5fa81972da71d7574683b,Mirai,mipsel
8073a5b714e1c3d8bedd746a95b2eebf13127e35a9e1404fa740d478e6390510,Mirai,mipsel
8090dacd733cf3773022b92dc480f32b4c8351937857650016441267a4ad30f9,Mirai,mipsel
80919935b0eb7c978b4f47eec43d9705533548196f6a908d82e78410078c27c2,Mirai,mipsel
80b3a375972d9fa44428a8e5e3e060c052e5151f883b07517bd5f237cd219929,Mirai,mipsel
80bd89ed23758fcbdd0013126b8018cc64f189317ca82f8fabd8824dc07bec01,Mirai,mipsel
80fa892214e40a7a46072bf63b47b0d1f6b3e383d349ca886f2bd4e110fa3cc8,Mirai,mipsel
81027667108b04ecedc24dbaad5a67b1c1801c01300d8df19d2305d4e8c037b1,Mirai,mipsel
8125c674350c3d8f7569373f4cd22d49bff5022560d6eb23f608c4a72146076f,Mirai,mipsel
8164632278e7bbdf983c17d3d59d70ec41ecd796dd3fc6b16e4fc0b7b909572d,Mirai,mipsel
81730ed91665d48dd02d91facbb1fe68f2a6ad19e34c87cf41df5d0104c91da8,Mirai,mipsel
81c7ea9f664f9f6c09abcc057afb73dec6d4f5edcb27255a66c13a8484ded86e,Mirai,mipsel
81cec258f586a2bbbb703a5d70a6961b7bc918cc66afcc88a4469413ce15394e,Mirai,mipsel
81cfe7a1f1fad6c3270fafc807485ff4b01d00ac85407c565b1e23abd68a409f,Mirai,mipsel
821fcb3a92bd6878cd93db183ec157db08e9ae22be8a97b245cfa5d4b33574ad,Mirai,mipsel
825e14973a7bed5dd7a1677ff23d07ded866e9b517fe32a4482456a24cf47afd,Mirai,mipsel
8281f82dfd5cb5bb9af7bba6f1e4c1709a6dfa64a1ba04cbdb765b7592b62717,Mirai,mipsel
82f7dcab7e7c94b0e42ca72a6f8f6949e1f8cfe3b19936af9670eae05e01442c,Mirai,mipsel
8308f3e40b2f4d6119a1f766812db93e2ef180dd7ba357c4bc25d3fd9c19179c,Mirai,mipsel
8396eb5e2c9bf53332919cd4b5c682288f9205663086486e3d47f4ca3e0582b5,Mirai,mipsel
8403a5ceab402ed2a82f18fe50f4087583d6543d5560f5d059b3a1f903046840,Mirai,mipsel
8409acd2d640eb9bc18b9d5b6dacb1baf3bb55c0a90a1500ffc7d5047f18ad2c,Mirai,mipsel
8476bfcfff81115bb6b18f76a24737bb07238ac39750fef6ac092268fcfe1a13,Mirai,mipsel
84a3c4d5e0c19491dcb0d41d7db2a6ef0e3d9e28aa2f1382f60633d26732d2d5,Mirai,mipsel
84eac75862ebe904d3f9d8e9fb7fddb1a9e6ef1c47cf07a6db3c0f4072b76737,Mirai,mipsel
8518a3dbcfbf626c5cfa8db87023470a9c632a4a9f1126ab07d7edc6f5487e0a,Mirai,mipsel
8538a8a65e0e0f7925bab9983aab29045ee6e4f9dfb361bf7a53c5f95e949295,Mirai,mipsel
853defbed31e465382ac3ccf1c234e77258f2a54b73b926c345badc5d8215afd,Mirai,mipsel
85bc637fb1ac8a81c545eabeccc8ed9b8a90e9e49cb22b1ad0f4a79d26bca575,Mirai,mipsel
865b267ab1a07b6c93546c2ab17431e1d05f3e6e7497e47f33981aafa9b0d30b,Mirai,mipsel
866e4f924b188305bf394e81430d3f94d3678888389121039fc6ec3198b76014,Mirai,mipsel
869920c678a8aafce731aa3ea8de177447168517f8d94306eb0748d2056b228c,Mirai,mipsel
86aab7753dd89db99ec2b9eba112a666633b08b1a2c5a5cae88a814d7a307feb,Mirai,mipsel
871c0a75aed4458ae62f6f127bea814356f3b43945cc44bd64f02b360488a1a3,Mirai,mipsel
871c66e960a4390f6033d6fdd19b108cc5ed15c0e5274794a0f3711777280db4,Mirai,mipsel
8752865da8381f49f0a510d1784b278daf1f5a14088fe0f606787541a29a1a73,Mirai,mipsel
87d43e516a67bd1a356171aeb9d2170b440dec53e92404fdaf5c9891e298b85f,Mirai,mipsel
87ee2863e6ebb87930cec2dab46f39f8868cc7f9f1ada41d752cae559e5ab8dc,Mirai,mipsel
880dda91953fd24743222a54d530314233c23c63bc48a3650035e5b2360e0c42,Mirai,mipsel
8810d930d7e685862630c392d543fc5adcceeeae431a63432df179f6994f6f8d,Mirai,mipsel
883018d822c8cb6df0e4d108166a3cef5bd543a590d0f75dec97099ccb2578d9,Mirai,mipsel
88e49457a83c8326e785c47c9e719965133cb1f69e9ae7585ab9383786587959,Mirai,mipsel
895b60412525d06c503e11ff0e7e86955fd829f00daf3c01026be4e0aa00e29b,Mirai,mipsel
8966765237d74eee9f5ad12ee645f77e244cd7fc2958cc224601185a286af957,Mirai,mipsel
89d507669da2cce51ad372ab6183fa9a25da69915108b6480f90b9100c0c551b,Mirai,mipsel
89e0b986d7581a40eb158f5ada6e7e817c4e7ded7be949dd714e087170613c93,Mirai,mipsel
8a116b76d06fc5328baa3a2811ff61cfcc5f06a3fb0b654b27a2c104df42fb97,Mirai,mipsel
8a422c0ca00370690a52e2ce81ac10a407780676ef728310e864d3694edd98e1,Mirai,mipsel
8a4a86931d736518458451cd0df8d2f2a6e71471d1a9854b36f3eaa369ca0536,Mirai,mipsel
8aa0ce4bc2a3616996b8ce48fd3f2175749173cb29b555a493c9963e27d55482,Mirai,mipsel
8ae480824ed84930d40cd511feed76490ee89dc9eb8ecb21b18bf6d77098ba4e,Mirai,mipsel
8aee73f4a8cc97a60ef742cf17a449fdc2e4cf81701df3776ae82a7c36511fa2,Mirai,mipsel
8b0799560ad46a6ff3c95f88f312134e9d59f4315ff9d2d3e4ad477978547a8a,Mirai,mipsel
8b20d41469417f93cbcd102f3bd46964d6f8f97aa30fffa59686cc33da2b403e,Mirai,mipsel
8b48f0cc9b16b42dbcc66ed8098c0b4d900e8a20eb35f477236a9c6300f13cbe,Mirai,mipsel
8b806824ba4a853a958669eb3a269c426b6b451ec0f71beb830f48a99b33e566,Mirai,mipsel
8bd4f499cb286c0b73317ebbd108ac47129366dd3bdf81c6cd4893e0b96e90f2,Mirai,mipsel
8c0b6727743b1a686477960501f601cb9dd9e46b6a02afc92770222cdd543586,Mirai,mipsel
8c0f72ad6ce45751a844bec256b5fe9ef7d10dbfaaa3fef946740580fd4064ac,Mirai,mipsel
8c160a4a1ebe8d2c427e732b078c9d95f7ca12086e8cbf2ed16150734aac2200,Mirai,mipsel
8c20b32608dc7e2b8208d3991041cfb0f7e9059f3a0002bea7964c5654d83989,Mirai,mipsel
8c60eda398786cc82867100749c9ca3fe1bcc1c4563317533194f48c5515b077,Mirai,mipsel
8c6f24f7a2e4d87162579c79210ffdac1fb6cb875c1d654e277e49aeaa562d69,Mirai,mipsel
8c7eabb94f92ca3d608bf8bf8b982529f966e767e33f93acb24b62781f6e9768,Mirai,mipsel
8c91eab57177c4fa5bfc4db888286973cb5419c566c616badd9f11c375ab8389,Mirai,mipsel
8c9efd944d9d76902437497ab0bdca4799e3015a8a0c0a67953536c5e2457370,Mirai,mipsel
8cac2a8e1784ef277728aaa3e0036314a346c8a7ac1f06120f6684bc2605d86d,Mirai,mipsel
8cbd2c93e3cdfa4c7237bec8630e5d71dd42a0b2ada2a3a4776f5f8eaa35ffe0,Mirai,mipsel
8ce22781e88639d40d8b65d79fc0672778d0c03ff613aa0767251b5f8921f20e,Mirai,mipsel
8db93c637258c0af607890a2cef973e7f82a0a8d280d3e7db1ed4a73a4dd7690,Mirai,mipsel
8dcf5e470a3fa35c7450ccb4d8087dcd3d7887b0699a0e1dfb5f2704870dfc67,Mirai,mipsel
8dd0b15192c469bbc0541d3dd09268decacfc1fb93afb5a3ce9d124d887a8e10,Mirai,mipsel
8df114b74195ca9be481aaa64279d1b55add69fb0e7ad031c0ae2e5ee9901ee6,Mirai,mipsel
8e1a414f4fe5508ae69c537f2f33e6e79039c391719b02d7a90815dba5de459b,Mirai,mipsel
8e2fed31e872a51b845cc59e5df8dc3174e9c8ba1c1c67b9f2be678d5ee52564,Mirai,mipsel
8f2e45debfebb2cddb94fa042d983c45f17f50b7aee9e0a47948274b65e08841,Mirai,mipsel
8f34b3f5f9394236165cf96e07c24661faa295a89d9606ec1b366169741607d3,Mirai,mipsel
8f503b74885948e78e7567dd045a5557fee7716a03a1b5b576b5ba815e0d64a0,Mirai,mipsel
8fab4e36384047e857ff89416e1ee30fe4389cedb2ea820764a004baed41d951,Mirai,mipsel
8fe9615eaa21d0b8b67c47e663404a4b2a6903c004d2ab035cf3c9f23bfa6912,Mirai,mipsel
901385750fe76b26e8bef3e17164714e9c9532095bfc90dc7d6cdb1d35236283,Mirai,mipsel
9020a1b29ee622f53b3048d1bc4737f8def3b4d32a76ed52b2418540fcc793c4,Mirai,mipsel
9032c884fbd35e80559e50d7e613f61394da5192be00fd6764a556fa47137e74,Mirai,mipsel
903fbdf49ab1af370b1cc844184603e87ae8648adec6435d712d0aa39b81db95,Mirai,mipsel
90ad975de41eb17ae47ffde5f8e584a463a2522f339e4e375b44dec6eb1b794d,Mirai,mipsel
90cb0ba0df4ae39e04467077616baa9a8816e533b0623e972dda7a8dc315aca2,Mirai,mipsel
90e7d06f328d78b04408db5ea723647f3b47e5be8a3fe751bf330eccc888c752,Mirai,mipsel
9118971ab61c80fe6f56758c7b1fa6b9b8b0ca60d246c606398ff464dcdcfc73,Mirai,mipsel
912992e89412cf6a88636998168ee906b78613395d963068edc246eb1602c191,Mirai,mipsel
9150ffc3d152fcfeffdc7c71b666df621ffb93f770d31e05e25f19c9f6052401,Mirai,mipsel
9161e72891304679f7470dac57151fee52f53e5fd959d7bdbe30de2aafb59fb6,Mirai,mipsel
9171683898dd002c62f1c584b2279b6f3dc640013717fd3afc1029ff1a7336f5,Mirai,mipsel
91d087c68215f7a8afc81b0b4dc16aff7fc229fca7ce7b53b49da22c2bbe36d1,Mirai,mipsel
91f460f6c57830c19a359debdddcddf66b6a50def9404d67acc894f726f79bd2,Mirai,mipsel
923c5e016ab42f57b8ffa77ae75c6408b124be6d61b46c942cfafa0d3eea23b8,Mirai,mipsel
92d6013e46bf065f961456e101bdd56e9b4c50848a37ffbd3fb525964827e386,Mirai,mipsel
92dff59db93f14ad4bd1d46b8ca9983f2bed0e35b6cb6b516e1ad9312ce9f388,Mirai,mipsel
93453ac33cc47bbaaf37797cb2e95bc62d7951d62108218b05d824f476e76fd6,Mirai,mipsel
93871efc7d12609f132b7deae40963ccbc1018870d92ff4d956e4abf92b0c1d8,Mirai,mipsel
93a43bac7c6b42321b53a360711a7e0e5d95270080de91b0a33fd1eec6e6bcd3,Mirai,mipsel
93e59498b93c73f989cbb4f7a8c7d6d6603059d521f60307be6b8463298d0d60,Mirai,mipsel
93f911cbe73b95e6cf8e2a02eb0411d10af86e5ba16eeba6dcba6c36d793197d,Mirai,mipsel
944088dbe62ef613975ff7d196abb98c7aae8b8dd2059d107128076f15c663a6,Mirai,mipsel
9449f905f07ad98aa870699779829104e0d29d01a616792c77f48d3aa41c7300,Mirai,mipsel
945612973ffeca6827f120671e4a70767be00f3c1d17957db519467f145533ba,Mirai,mipsel
945b3150e47566236fb4f65834b21b26108a2489596e8e9f8aa1e902e958c02f,Mirai,mipsel
947942c02c091df3a8613e4943302fda445ce472d57499522a24f43ff7e98190,Mirai,mipsel
94a01a30af390acbc73c9cbf5dd81a2a9bd831288fc8b2aeb68b4b74d93042a2,Mirai,mipsel
94a14b378e5c803074bf4750549ed408d25ad1142609093e5b851fb1a0807b04,Mirai,mipsel
94d7d234eac0e8edd0802dceb989e9e108eddc537d9d4292300e7e06097d1e3a,Mirai,mipsel
9574cd105c1c09f36679589f2b9e86438519c7c08a8e48ef9e1d30c1182a04f8,Mirai,mipsel
959c6843103fcc56ca73127969540c217fbd28b58d0ea14cd103bf4965ffa458,Mirai,mipsel
95ba4b33c62cd88b56c8b4e4a062d374a2609456a9a2d3b621ab1d5febb98578,Mirai,mipsel
95e0aae9eec6a10a157328462a4ee8e32fe46e7f7f326966787c356f24a7b002,Mirai,mipsel
95e1aa10609e84c1e7a86e21ec713e13a697a185df6469f96af5143beee90daa,Mirai,mipsel
95e94aee248a0ea2715cc4abca6afb6b2f93806d8da14d9630c18635f9836c40,Mirai,mipsel
95f3face19038e02fc8d5be8b2cfece75b1e4a5407afa866217855b6ec54c7a4,Mirai,mipsel
96403069f3b764be809e2c3ef4d33ec74a7f8ee1f92b7d9a6211d35c396ea974,Mirai,mipsel
96406dc5b5f100f2a8846fe98d7df281ce33a58efb9be8221342c5587f64dda8,Mirai,mipsel
964ab0ca31c6c1ecf8118b77ee3b129d97ee28d9a619640150541839df290827,Mirai,mipsel
96576df2641cad9662abd636a1a2d99675afefb1455de80923ec187e00cf6c0f,Mirai,mipsel
965ab5528a892365011e123627ea86ca832fef026fafd0fe021adfd63f70710d,Mirai,mipsel
96918a6c27affe931afcc080d1bd57af80d2093cb4f2feea2539b769f16aa1d1,Mirai,mipsel
96fe95194d2cbd525be944a376eee62b91a1a6b08ebf46da7522402eb4bc87f6,Mirai,mipsel
9724bc05d6c44cfaf971028d515b4c41d3a194e37d5df33a8e56ac179d8a2411,Mirai,mipsel
97316a41a44f416d341e1c27919d6f20e291083dfb7bdd42d169be5e8f8f95f9,Mirai,mipsel
97b0927c6569504755a32bad3f28da7ccc9e8ca36bfdd58a40e3ad3a0abbf304,Mirai,mipsel
97cd864d61596bc2f05af60b9e7b634fc8e1ce94941192966cfc88d6312cb6b1,Mirai,mipsel
97d05d3e00a641925733507dea773522a782c35a3aa15413e9af9340986a4b4d,Mirai,mipsel
97e1a87c1f5c169c6b9c795de6006526b4d1c7e76ca55223d8614fbc36068cae,Mirai,mipsel
98926363d00b2b855775ade73a93359134fc1393fb5cd7ce140aaa93b8ccfb06,Mirai,mipsel
98aae3e647b75aede8e9433fca33b078c9d1f27852955839b2bc6461640b2535,Mirai,mipsel
98d426ea6c047c94080bbd60b16c2988e14e8b5034daecbd447a97655d32ca6b,Mirai,mipsel
98e8789849e96d84fa49200f9e9bad6592e668b36e35adb7a3be63d12bb99c67,Mirai,mipsel
993bd4dbccfd23c3f063c8d5d0a865664171d31d0bc69f6b03319486210435b8,Mirai,mipsel
997e473d055b152428a91e3529b41d044f0c31c7e246d36a7a3f1be1d36adde1,Mirai,mipsel
997ecdf0ff92ccad3d7072faf4f39d59e39f7cc954e194b54a662802809e0610,Mirai,mipsel
99845091a6bb2b2f2300e824a40623f8a9ea00e7f5d432b2794a5b3a0f6db858,Mirai,mipsel
999745cdc2398165bf98ebb1b37bfcabd6d37021e537d3d8ec4f0abdd4f3a67c,Mirai,mipsel
99b4f9fa6e0f33f2f82645a5d0735e2450ba5bdc31bc6991af9a590075f7a6b9,Mirai,mipsel
99ecac809e9b4468967cebe44d8c4ce38a5666a2bf2ca690e8594de3cc270ec1,Mirai,mipsel
9a118f6f0ff49ac21b4f9d291e212736804fca0574f358d486618f2fbf3d2af4,Mirai,mipsel
9a124df4f94248aa668959a6562e935b80515e5dbf4b891a99c1f0c768c65f60,Mirai,mipsel
9a236147584785dbc9190bf515626591d03ac59f03012aa9371ff33a9cbb01ad,Mirai,mipsel
9a492fbba53fd853480b8fd3bade8f3e6b38bbdf4b07e491b98097c575e3c718,Mirai,mipsel
9a96d38f51721a08362c82805e1eaa2ec50965b1350816077c91dc38e376579c,Mirai,mipsel
9a999fbd2ecf3d0a4ebb32eb05ef2ff25602f305e13982e17fc081e15dddefc3,Mirai,mipsel
9ab5b6850af316e12a68b916b1b320d753049625e24f908117add85dca49f008,Mirai,mipsel
9ac38567715679ab042b83e145dcc300601f5fb3a41373eb90176f04a44cf94a,Mirai,mipsel
9ae34599366b9ab0feaf6808513c01e4c14ded515d02044648efc931809960b0,Mirai,mipsel
9ae6c29902a4b4d92141cafbe04d402b06a12791ccfedc5f04945ba8457433cf,Mirai,mipsel
9af55f582d0ae713a7173383d8a546aea7ec821ac865d4e47b5ce616df1aadd7,Mirai,mipsel
9b4898be41a7e5e239b09670797780a65848dc1f865cfcd811c5029149c6a5ed,Mirai,mipsel
9b520d16f6ca6ef234eab75ec31e9ff8ac8892001941c0cffbb7f18ae4f7eeb3,Mirai,mipsel
9bad462731274ade569fd7b0914048534fb4363c0ecfaedba7d739086d5c0dd8,Mirai,mipsel
9bdf5101c3475f416744ed0b88b12b04d863f793954b83fe925bac4d77ed1787,Mirai,mipsel
9c02fb63084e9590af20cd4fc4235f44737047075ddb8424f2299d8fef0499eb,Mirai,mipsel
9c0b9d616998de57787ae025e453faab4f9a819ee88a40d87bb748ba5c2d1789,Mirai,mipsel
9c0f659910e83ebd26b564ea09178173b8d6473d7b5073f1e4dc50d4e00d0049,Mirai,mipsel
9c669df749677ff1ca2e128347a81ee6513beb864312ea13a914488370f0f073,Mirai,mipsel
9cacb01dddb80815b299929a9288ae6f8a8c3bb6c44401e72dee5ba5b881f8e3,Mirai,mipsel
9cb5fbf7eea2ca9efaceda500dcf4f0a20812ea7cb168868e2e837aa8edfd454,Mirai,mipsel
9ccbf2987eab8a9f6a21769e9ca374dcbee75f72961fa8c31e30a677a9e87e69,Mirai,mipsel
9d33b1ebfdfa929d5ae2076404db801cc6e60f14df4dafb4f0e0c4b65ad89c59,Mirai,mipsel
9d40b06802e01a39874eaf90324ad515ae0d6233c4b52a26ef8fe530297cc373,Mirai,mipsel
9d6f09664b5409b32ea078def5d9fdfa2bbf7feafffa06a629a28b6278f33aeb,Mirai,mipsel
9db3a31665fc95f506da16a50aa3ea56150f4fcf57da8289d8e9e4ac3a41045d,Mirai,mipsel
9dda3bac146e5e89ff99906ae63054e992672069d09ee1ec2e0dabb32e31bf77,Mirai,mipsel
9e0a15a4318e3e788bad61398b8a40d4916d63ab27b47f3bdbe329c462193600,Mirai,mipsel
9e22414bb4e0ec919c5f250e8081d8131b98e89c5555d1f38d7dcbbd5f913260,Mirai,mipsel
9e9a6e15eb25cc74c18d6c848de9190f676d98b6a14f1d656507e9cbda093928,Mirai,mipsel
9ef6f8b6b8b6ba570b59ce4eedf307f9a70d1c6cd34697a855d39bb3aca76435,Mirai,mipsel
9f2fc51bdbf19c7b75149afb5bbbf1c093da9f56bd751225ba4a95a17bb0beaa,Mirai,mipsel
9f35fd2bf0ec581d0e8a8572fd7a6b2e76ac791170d05d494a4fcba39415b456,Mirai,mipsel
9f6fd423d5a981254cd742fc6c85aeaf7f5d1ea98b081c967b248f1046984e2b,Mirai,mipsel
9f9ea99d6c643d6d6a7ca63e907663f778df10bd846011a1a9ea2d830f3d0ee8,Mirai,mipsel
9fb96f80e4306a192d1a652b82e2fdc37978813c22c239241e5a99eecb1fa228,Mirai,mipsel
a053f7416156396ff3b4f71ca1bcd973cf0069d1eecc7a20ad9616e3ee1f1d12,Mirai,mipsel
a07df9c8927c12489b2941bdc92c6935f430bbad519d1f4e84bf04d2e93c777d,Mirai,mipsel
a0a9cba77501fd725258d379d7394bfb8d50cb8cddd47c19a50ad92c1b078531,Mirai,mipsel
a11ca8cae997f53d843cf707ca7b1a9d28ce5a1b5be7060a2bf9a185802cc38b,Mirai,mipsel
a13ecad71243cef1fa7fc6d5c96cffb234e94c4187233b356fbe9f60872e3bf3,Mirai,mipsel
a16e8ea0a7118c94178b6825410a7fb7070778973677b5293b4e03fb756a5adc,Mirai,mipsel
a1ff854659682f0451e6fa826d709ea1b5cf24c8464655c548c44f07e177bb5d,Mirai,mipsel
a22985ae07127696e946c4aebeadcad0ef3ed92a90fe341f2ea2f8f6442fbea9,Mirai,mipsel
a27fba9829f0acc1d2439e584fda803b52ce5d0917835348ffb0d9206585f310,Mirai,mipsel
a283f4c7238722e43f1ee80b113f3730e3b3e57a623c9d0b817f2fcd8618c74d,Mirai,mipsel
a28b2a998ace663e3475ce1b8a82435731ede6e5f2e8d623184513c40b36f402,Mirai,mipsel
a29aa9d86e3130f7483be9675a85e5cd9193401eeaa3dc30796cb6b030501063,Mirai,mipsel
a2af3ecc7e151134c35994284c7dac989dc4a70304a4d59795a38454c3ddeb1c,Mirai,mipsel
a2b1c5c921771396bec67fa1eaa3b7539ed7c6c2276317d9d87629e1ab61cac5,Mirai,mipsel
a36302b9f91fb34972bb4f53e92ba3272e073bb566cee5097dc1ac89ce7e98e6,Mirai,mipsel
a3cccd7594369c2e99a6a8870a8be1a1ceb2a18ae0eb99f6b05f05684e89967e,Mirai,mipsel
a45a9ff84803add93d6cb96bebd4f0e6de8f8667a6b07dfa7c92516048c2ee69,Mirai,mipsel
a48fccc88ece213628a05f7a1b208883a4078f0e7cc7e21a1c3b3d03891010e0,Mirai,mipsel
a4a98d2aaf3af956a2a8e75219237acfbe9fed75a1c6d0d28929930f7eb42565,Mirai,mipsel
a4d3c5ddf39d29f98db81963e6332711f29e5a2a170d02f9c8218a4cd439fb0f,Mirai,mipsel
a4e5876024995d3afcd4328c69be2cf77d26995caa1ea152d1e366720abe9631,Mirai,mipsel
a52c4f0353d6b284cc297246dc0ce48c6fad4e20adbddadcab5320362659ad08,Mirai,mipsel
a56e04338bab8e5e33f5c20a92b8d51fedfb0bd729c3e8b75a97fdef39b8c8a1,Mirai,mipsel
a5d351ea00edeeec0e3fc3783475ae71604f1b566ee75e661b73d946345564e6,Mirai,mipsel
a5d397b5f350483a5311871537b41f199038b9079fee1cffc97b07b050df1175,Mirai,mipsel
a5ed9a7cc07e80f8f6a137d499af902d9857911253473e6e48a7fc1508703a87,Mirai,mipsel
a5f4e8fe4b578c5910f6f92d2f99fbb04991be12c1190e82d62931042e083b15,Mirai,mipsel
a625b6e52478ee4ec91d32591e0a09ac55a567fe0f49ff7f8e4e426bb2ee2f0f,Mirai,mipsel
a66187d7ea91ec73d6f3d8009aa12d6c59c49fe119740cdf7febcc39ddf13c63,Mirai,mipsel
a66cecfe3bd5d45d8f34ded9e5473788e4ae9fb832a7f2a17c0fb03750c51e58,Mirai,mipsel
a67e9c4a3a585f1bc9cf3e350fa650f45477e19e462abcfcae0464a22d4a8619,Mirai,mipsel
a6940e5fff61cbb683349d11ced829176178e82d94a6e2e1d6fa8167cb15d5d2,Mirai,mipsel
a6aa53f8818aeca7d44bbcae23834ac83f440b5ad25e1cfc052273ecedfd5372,Mirai,mipsel
a6ae39518e6d3e59656de81f9f4a354d3fa8ab06e79b2e3e0e3f9943c16a79d5,Mirai,mipsel
a70b5df9145e205ff0c3e7d3a64764d27adcef053a146dc676fe3ffe1bcc293f,Mirai,mipsel
a765242cc162ca0e99c82fae512dcd3493a6e7c322459c7bb80b49ec9ba7e8a5,Mirai,mipsel
a79d563bb71ab7f37601e65b76504b9f4b23bc80f852761bd3fc121c90909c9b,Mirai,mipsel
a7cd68ae7414e4a678c066887bb0cf9b1222ba77aa258f19d833086d07a469db,Mirai,mipsel
a7f6065c825692a1cf6badc2ca4bde0d6c57c9e1ad80f591be09ffcbda723b7e,Mirai,mipsel
a87acb0b406bad5e367cc2a74ea52c40a252be2f678a8a8547da1dfbca102aa7,Mirai,mipsel
a8885f8b27639c6336b16ae59db27478fd22357f4d39f9646070327570a9c811,Mirai,mipsel
a8914bc63acd7950bc7bf33c8000e66837153bd641f8b9835bf097246340f561,Mirai,mipsel
a8a00a59863c4b358481caa7e33b2705ab841b0e7db5a02b90aec460e61c425c,Mirai,mipsel
a8c43fb10f59954ca7f40cc84b393cec5a92f4081b76dfbe2a41fb87c54eefc6,Mirai,mipsel
a940067cf2f8667fb7ee277a3a80387e4d64c25574058b902880c23d8aa9d845,Mirai,mipsel
a965c24f7c0f2a1a1d20087c0915b0c7105e67183108b50bb1073f9bfbda0e72,Mirai,mipsel
a9a7c00fb422beeff8f0cc3a120589e7bdb6f5d4a3c3de4400a3c6b57710b5ad,Mirai,mipsel
aa005a11018b68439ab443af700c1cad78ef6f1568eeec9b166973ac3edd53d7,Mirai,mipsel
aa52f78cc6afd70a54d4d3b5a0e1168f7e6f6ccbdc993c7a7bf5706aa0b4ba23,Mirai,mipsel
aaa5b81eb9836a5d8204e1a4d7b91e9681d3fa8cbcb0f5eb51fdfe1ecfc1217d,Mirai,mipsel
aae48a09c214ba572d3f43fabaca301c65396e86703c290e96576fdfc5316369,Mirai,mipsel
aafafce796e0c559177ecf10d828251de15e915cd52887ee4ebfc87b2c61ba14,Mirai,mipsel
ab4d03dad71512cf388fc8ec1e9fefa0e5ed821320e4983a3c5862acaf836eaf,Mirai,mipsel
ab5459f1c66aecd4bf08dee0393c35143bf422d1059fd96e5cbcb2096c1dadd2,Mirai,mipsel
ab8c5f1fea03355553ee776c7d692fe6daef4275bfc71c1b8f5126e43217714f,Mirai,mipsel
ab948428e62a2ab5243e8504fee4323626cd8d65049108f198b4c90b6f89a187,Mirai,mipsel
abeb0ab665b7da2a24c79fbc94db7df6a957f79f89dc1f4f21ce168ce1b8c02c,Mirai,mipsel
ac08fe9d7b46199705d2ea51ffe6129e6e4737c52414a3f3645fb12e20f6fea7,Mirai,mipsel
ac1ff68345ae5ee6f21a198beea19d11c179fbb9a3d1e3d52f8e62134e9d26d6,Mirai,mipsel
ac6463f33d201ae463f30ee98fc9839a47d31ab0cb53de9ee1c411bf920ee9b7,Mirai,mipsel
acafe728bbc8213e06bf4ab2590ca838b8ae99d6b3a49d793c598bc727c0cee5,Mirai,mipsel
acb06101cfe0ebfe8ce17f7e2142739cd4fb24e80a86239e8bb6f0350748b2c1,Mirai,mipsel
acdad6cfff322a710108ca4ff8a8e10ff0ac6aed00dcb6c8b0adcf095d70b18d,Mirai,mipsel
acdfc93b0fee68ec9955fd9c9a72c4223bfda001264695a00ab5c5986fa42d54,Mirai,mipsel
ad90b734d672195b860644f7858b114e16b203d834c75f9bb54768209c33ca6f,Mirai,mipsel
ad93c21cc834059243d87fd98eb417cf6e7954821fa08b4350e13c0f092740b1,Mirai,mipsel
ada1a667d43794cfa7d30cbb9b56133c3524ce900df0bca739362cb468d72f6d,Mirai,mipsel
ade18a09a90d1bffedaaa5eb2700d39c81d0e5582df46c3cc9664a7600f6b635,Mirai,mipsel
adee341f83639df8dcfa18510e03ff3f09cf8f7506cb6311f03a98fab2e1974c,Mirai,mipsel
ae0f1568da394de294e846770c44162443de316cdc95c63f964dbf082c030775,Mirai,mipsel
ae58ead9f5ba83fe74a46f7a0afde26e02d11d3fcb18f4662b1a704200ff3903,Mirai,mipsel
ae59155b84c68374317e60b5ecaac4e69f288f9d6c875424ac8c854d32d152f2,Mirai,mipsel
ae89ff67d6f0c8af9d1aba5f7aec9b7497e50ecb10e8a9c6534dfee074d9509a,Mirai,mipsel
ae9f1559814f1354aa5b797454b825df5bd6056f983a3c2f0ac1a71b5eecf335,Mirai,mipsel
aeba04b1780c29093508c47715d268b3ffde660343894ead12cd8c722c5ca2eb,Mirai,mipsel
aee1d4aeb4c4e429f8c301aea8e2310e12ae4bac46d89dafc36e64562cd96a78,Mirai,mipsel
af34be0a64da8a65a17cf8610cc8cfc1fba21bb8fe9f83c042bf7a66ad6f6796,Mirai,mipsel
af59b76645676e78dc5a447fba0b3dd1df799eb30d0ee5e6f1301d138b09b912,Mirai,mipsel
af60b55f80ab0d339fc894c2c0e2637d28a56fe88f21ca4f90408bee6d13e8c2,Mirai,mipsel
af632eea9d843cccc5be8a36056c61eadcc1035a8ce688ebd945a6f48a1e9db6,Mirai,mipsel
af7865e0e5897ca02180d75b86e1d3e0e51d8cc53440cd498560ab167d923853,Mirai,mipsel
af81fd74414f48d8500c99d43a7803f5bfca18fda18ddcafaed645829fa47e38,Mirai,mipsel
af89478b7cb86315ec5d8334cf0bb4f2f9f0f941b8ff399629bc71d135cfda0f,Mirai,mipsel
af8cd7625a3273cc37e3c128c6c4ae36890cf28905a3ac34b9449b1703dbe3ec,Mirai,mipsel
af96c806f257e9753e05c4aff025dbe4a2e0a73d21386f33785cf97bc79fbb62,Mirai,mipsel
afd2a7cafac399a43b202588f912b1b139302cdf4ee6df73afbce91edbd4c6da,Mirai,mipsel
afe905a548d68dcdd7f316bccf1a9302e0ef01bd9dbe7d6ee7d3acb720d94613,Mirai,mipsel
b01bfa0913a023717ce3553b7bec7b679443d6fb15f42b6a53024cbbbb6ac517,Mirai,mipsel
b01db949ef356d51a4e388ad016c1e3d65159412617f29a829e15cc0eecc9034,Mirai,mipsel
b03b2cf16de6a911a04170b858d3c681f5a59e0e72718a80eb537dff2b4da4b9,Mirai,mipsel
b0642609dcb09ea7939c39c10fa1348f25b4a2f819ada46d35f27fd1928b13fd,Mirai,mipsel
b0c7e762e997e2654390a1fc315fdab5005788d5fc02432376dce0dd16cf1662,Mirai,mipsel
b0d54c61a1723b51bfb44bdf50120992f61dd9b811d04b1629c2224bb6e1ec2a,Mirai,mipsel
b0ec17d5d02ee76994793d599f94e7e10027ac8ec7ec2845638de31916a1d62c,Mirai,mipsel
b0fda729fb39de11bfb10c352cebb3932f7dee898c0354e78be8504d0e86efe5,Mirai,mipsel
b1093623340139586a755f8fda24a418d6c06eb58c6194474a557f1825417cf3,Mirai,mipsel
b17d31f5fdcd95d96bc92c271cd2fbc6877d68662692cd38ad429808db96884e,Mirai,mipsel
b1ad8e90cfc1b9d601bda44d7a8747be31fe7dd91c2fcdddf2758c8c9930f86c,Mirai,mipsel
b1c26b67b083445a7f6585e672dfb9018f66cbbcaaddc0763c94bf135740adaf,Mirai,mipsel
b20d11e4fdad4ad812694c50dd09da5e5b0b1ad17acea8fd3a58ebfa1021f400,Mirai,mipsel
b215087b368b569ea0bbe1dcb01b60a398b8982180e0e9214e81eec6421e7291,Mirai,mipsel
b21d168b51a7075143ed79713a261e57f11d915bd54fe09a0fc01c12a20430f1,Mirai,mipsel
b23e6a58c39cd11d713b1217d60824186c1d83ef731dd2b92895937ebf0e5eed,Mirai,mipsel
b27583bb867edf379425c3f1b5106b61a61afaa06890887d8014f15dfc63c73b,Mirai,mipsel
b2895657d5c6c947ef9e3f10a650178a0c96f75e3024c297c9bb0b7db35b6838,Mirai,mipsel
b29c1bf823ec287f69e7e4c8ca2bea0e75ddb0f96d2af42b0fc40ad4f68f1188,Mirai,mipsel
b2a43ad52230569a636c9c5ea7d3997c0848cac8b4feb1a4a8505f5f8cc65a4e,Mirai,mipsel
b2caa304651ec94f877242342d41601451b839d1f49d2b35c9c1823085c2a6d1,Mirai,mipsel
b2d1be62fb6fcbb3660d2304251660346e6c2a43dab41aa7a770caf4f7ef1f82,Mirai,mipsel
b2e6e0df0198901639fe8604a7e4d3648fbfb65b0882355b76ab89ead9f22df6,Mirai,mipsel
b309f15fb956ea8d583912e129e290da057eb4447a958fc5d21a48f5a7d462dc,Mirai,mipsel
b3233d3569dd4bc90991090b1247bf28792ba66f55e3e7555e22858cd0a646b6,Mirai,mipsel
b3281bcbb0b71cba0267b881b49e58caf7f52c56a1fd6cc00a51b1e611850724,Mirai,mipsel
b35e2a76b8d619bb058908afda8a9f8b184c085ddba80f7bf1ce6434ffe0a668,Mirai,mipsel
b37a541a314dad11256bf887537f1b83b9369e6fcb153719559a1bfd73a285c2,Mirai,mipsel
b398b1c35818e88c2c4ea51702f2fdcd46a98395ef30d7b861ebcb1890aa9cab,Mirai,mipsel
b3b79fbef522804a126a4a22c4e668f7cbf31301e623828097f58b2aab53e257,Mirai,mipsel
b3d4ee59d9b6fa5f5022f59fdd1bc50bab48db730778eef9cf6adbc3abb771ce,Mirai,mipsel
b44f6c190afd1278f9136e573f3db07438c096ff6b4fba06c21c0fac45f9b6a7,Mirai,mipsel
b4540c5a69794f2ead053010c179849cf6f184bcf871e0633302792b3938482a,Mirai,mipsel
b4aa6becba3ec462e123985dcfa19a4d8905c7ea6129159a18f0b7da6e22b7d8,Mirai,mipsel
b4aab8de0c0009474e85988cd0626e174716d62dd65717124413bf6dd951ba8f,Mirai,mipsel
b4bb04ac5cbcf0a5eef3fa529356b909325a2f1655c4d5bc4882329b2c9a1c26,Mirai,mipsel
b5436af9784e60ed197fc9bdf7f42f04e4f7ae646fba6bc3a940270e30434ec3,Mirai,mipsel
b57c53bffc1462f96be35ec14dd6e15de660b24f58a3e2ae6270b3a4627952a7,Mirai,mipsel
b59c54096d06229ff91fbc0fa8916b93457ba1eccdbd791cf8993ea53d8f7f17,Mirai,mipsel
b5c754588752a57b03f1c4667d85b1dc135601f69de7d5b238945d5a65a81a2e,Mirai,mipsel
b5d6b5130f1d5752d89482b3c381051ba76c57c04953eb2344dfc2487577f767,Mirai,mipsel
b5f8d3e75a35288e6d786d49e02d619525d85e6f2cf9b029d23719d72892b097,Mirai,mipsel
b5faaaabd66fc467537cd7580e7a1ac5f4b690bfa21e36fc66bacc18b4deecc7,Mirai,mipsel
b645c858e05c220faa808ad501c56799b50065651e2be998a820467f76840ae1,Mirai,mipsel
b664da7685301399b4295e8078198efb0b38f55438c96b8c28b11359d6de42a9,Mirai,mipsel
b68e10828e47288966f31242af8184f5a6d72587d7697c717ca4ca13dab70fbc,Mirai,mipsel
b6a879397aa425c324b8bd4c73d1803513ed38dd6d3a97e1f672b29ea6165ef7,Mirai,mipsel
b6bf1cd3ae664a25178b5446391f4da6e9090250a3503f87dbd0a8aea1089dd0,Mirai,mipsel
b6c4411e55a31cb37246c8ac2e95121d089d2dbeb998f97690e18e551199d343,Mirai,mipsel
b6c6d7d1baf0250b252324c88663390d4372e3b74d1e229e3c3974a415b24a2e,Mirai,mipsel
b6dc90c5ec40a1c98233c195f2808a0f47983d00cf547133453532ecce5161fe,Mirai,mipsel
b6f40ee485193ae7cebb77d3782affcdbf0af35246bdde30df50ac6b885513a0,Mirai,mipsel
b7690627bb275fb435dd95a0bfd64f91fb6d778339edde1b482f2b9de4c53b89,Mirai,mipsel
b7826327e1af4b7ddad3ba8227f48946fb2c736f2a519ff9c951f8c2f4b4062d,Mirai,mipsel
b7ea279752dd33d7747cba246c9d72b569f01ee5752dfd57cb7a0d73bb95e4b9,Mirai,mipsel
b7f03ece01177c234c26c4071d7ed332d350433b1a9e40fea0b1de70162fd427,Mirai,mipsel
b8294955f748f52d758276a43af57b181ea449645b2bef0b58d4cda6d2ccbfbb,Mirai,mipsel
b82ec0a5829768e857d9e71b316d6f94c2f3365ce5756628ddb4f5cf87537b83,Mirai,mipsel
b84b31a96da424ee5e7fb8c2b2e327110c15d7fda3560f41df184e0fcfc0c36a,Mirai,mipsel
b87715673180008aee8fe495e091726b019d2ddb4f884e7c2d4d6c5fe2d45521,Mirai,mipsel
b87cd3af1971e7c9f927c490d15cade405bd1e151baa7c96b83e442d3f2040db,Mirai,mipsel
b8973b5401986e24da7e6982d0cc3fb52ba1b1a83e1b4f7459b782f8aa0aeadd,Mirai,mipsel
b8b680e29be3c05ac4f725c67b6c766dc0567ab99e52b31d47ba147c5b5bf792,Mirai,mipsel
b8f47cd2f7be540e368d361c8ff09aa3c24552346d443e6621108cdf2e9e0286,Mirai,mipsel
b9151735039606db5e3b4b21a6889de777fce5e2e5f8378ceeb773655ab7cb2e,Mirai,mipsel
b92bddc9ce0376cddd2aae295a8b5b4ed5eccaf2977a1a649b0385c955d33f33,Mirai,mipsel
b93e22bd32abfd53fbc0104aceb6062fd2f8c4d29c1ed5061783aa4e4d1f2fd4,Mirai,mipsel
b9456d9f4783c53d6127bbfc66dbe11efc63f6041f1286906b62a7c23dcb2527,Mirai,mipsel
b946ebf6d322f7764b33ea98bb0c5a7bc4e1a1d426f53e4d82009a236da4cdd9,Mirai,mipsel
b979e202e10bad48732f33b40db4ac0ff398cc08a82aba731d9c014bc4999a38,Mirai,mipsel
b98020d8d3c321cb852921dfa14147d94dfc83061e07429ca69b91183d08d094,Mirai,mipsel
b9fffc2783a223df0c05e9a60ce05f2c0b5a15b9d43ab4fc79361d5089b90e35,Mirai,mipsel
ba4a89f22276bbb4d01b09187d020ea5b3b099f0f3fd64a486e376bedba66548,Mirai,mipsel
ba925568c3641843d658c59f172cbbd40d560c92d9271fac5beda7dc574700ae,Mirai,mipsel
bafbd8ab1cc9e3eb5c02c969cf92af5de9438d0b14210818a7c42508edb9090d,Mirai,mipsel
bb30a46b6d41cc206edf72228fbceec95467caa02f25ca494ff62a458b45c07c,Mirai,mipsel
bb6b46a7b31b3c34dbfa245c507ab987176e0cea431b967b73987290186d8b44,Mirai,mipsel
bb7ba0a7d8745bd017ae50f72e742ac93942552d65ffc7d73b9b1ec40f802c05,Mirai,mipsel
bb830dcb7b7647b0e1d00e7f47e6fd8b8b0e63870aa481197ec065931a096722,Mirai,mipsel
bbbcd9502dfc589086d19828774e70328e31f567b9f4611c9a01943b48abf8b2,Mirai,mipsel
bc01cc7cba65e813da2776cb026ad7543a30589f30ee6d609ce114e850d5d0e6,Mirai,mipsel
bc0eba98f30bfd8b2142514d0fb2cdf7286b9241c2a785c60b1347c0d14d4efb,Mirai,mipsel
bc3824d8ff7c64ce451d25fd7fbd82894d32e4774a6eb9bdabd98f3c11aa90ac,Mirai,mipsel
bccbdda8e3d0e7876751b549aaefdafce40db752db366ec6d8188086be9fb7a0,Mirai,mipsel
bce585ec562a14c7f28bad729e88095d775cde02ce92af36946d8445e75298f5,Mirai,mipsel
bceebc305935b3e1a67673df2ddf6f2bb03cc713a8bcd5f47d69b22522a456c1,Mirai,mipsel
bd0649c907e07d97b20b24d5cf63f63dd67534327e14b5d99972dce091506526,Mirai,mipsel
bd7536d9113618b2ec714480e88d872cd0f37298e3a90d220f537e700f8b1e54,Mirai,mipsel
bd7bfb87a5e92309aa06f7369ad810e8fdce3936c6bc2ba866ce07bd8652026c,Mirai,mipsel
bd90ab689c7cc0eb688111bce4d2866815e675c8aa273a0e6c7bca918995b3c0,Mirai,mipsel
bde5150ceb56299cb87752285ed3ca492ce63b5bbc0a05e514abf7bcd26f3c24,Mirai,mipsel
be5f4ba5529e025bf26d4fea18141a9a564091c3316247745cfaae8076356c92,Mirai,mipsel
be750a9fa61542478d8388537801562e0fffac1aa9bdd4f731ce354c050700ba,Mirai,mipsel
be82f7911f75febd40f20a54886802cb5953e0b5258393c4410bf75c61ae8972,Mirai,mipsel
be8e1ed916a8f37df4dfe70fb70ba56c7c5eeb265cec743b88827db5905fdac3,Mirai,mipsel
bebd6f6aa11be9abb8fd381f975247313be138b3fc3ceb241826ab5602a68a7f,Mirai,mipsel
bef9ed1210dab11d282a45300c1c54e4108ac742761fd1424ccbc6c145da9b05,Mirai,mipsel
bf4d65718edd3a233d55bb7b4ef385f41b3647bee5d97968dc1541e0dd8eee3e,Mirai,mipsel
bf705161873a63dec4809d9c1977bc10c870e2e4ec36fe1219709ff4d6946c8c,Mirai,mipsel
bf840be5e67d02af223cb74324d7ebce5dcbbb353293b0e650a497b184fe0e08,Mirai,mipsel
bf87b5cda6b06f8c8211c2815b452e950b0456aa63b2a3e2a85550743dba9ffd,Mirai,mipsel
bf90ea372f5e0a8e365177fae29ddfbf8bdef3c62cc3a3dd906f083cb9dc9f75,Mirai,mipsel
bfa7293f29dcd5a256cb3fcaa5d3e8654752d7c8bd4da0d1c27f7c7190030549,Mirai,mipsel
bfa8300db7feb7dc3e9cebeebb16c3d9b4d8f72c60f2c4a448a0c272539df434,Mirai,mipsel
bfdb2b93ee586b0b1b1b298b35778e39ddb82b8937bdcd3c01c8f105abdd94c6,Mirai,mipsel
bff4cdc2b0dcb89f688db500a4b26660894c903100845c878b2b6b952c718ba5,Mirai,mipsel
c00ade98646c77ec034f89cb60d7f3015ffe2def9e250e473f4f4eb237d50ceb,Mirai,mipsel
c036dc01a07ec75aed63c91e0675d9d46d286d176f3906c14bf5a0a64fb6e29b,Mirai,mipsel
c0b1db1c8bd1b35ebdebea7e0bb6a76e0c21eabb82894ab3b9a5d58661cddedb,Mirai,mipsel
c0df046cf033f15bddfc4cd4763b03d88e5a6dba5595ba56989aa771adf16053,Mirai,mipsel
c12a5c07f7f9513f6f2dec1c02d8f97de02a7c8e4d68fbaad3056bf71d2aec31,Mirai,mipsel
c1345ea3c04638dcd13abe68e6903dc8634094a33a3116c78214a556d5b14cfe,Mirai,mipsel
c190f4061cf0bd9654eb3a4f793247146416c5c4b8c2b6c7fcee7555269bc65d,Mirai,mipsel
c1efbbbd8c9f695d0d74ebc2e72c17e5b340e6ba30f2a55bcae7d2ab8bea7746,Mirai,mipsel
c2128db38dbf6c33d49446c8eca2dff308aa00e46ab7aa7c745a98175bda87c7,Mirai,mipsel
c271ef4f44c7c58c5c1c71c9162a26efd15054b2602ef1964ce16d98103e4439,Mirai,mipsel
c2767cc0c37f271af4edd954766ecd60ad1da1c833cf20d7b60fc4426650b099,Mirai,mipsel
c292f029905fca34bf41cbb62d856e27301263648c598b365b523d5687c082b9,Mirai,mipsel
c2cafb735385af7f9b2f53a5aa3ef6123f407d1dad36adddc1ccdd23277fdabf,Mirai,mipsel
c305bbc11cdeb66a0ba66930cf8c6d0516dba213c708dd5b3d9d745ec4ae045c,Mirai,mipsel
c36f13c7746fad54448f35fbe2f8bdaeba34af7b29f1d0f406edf2cbc3bbf21d,Mirai,mipsel
c37a7e323bf3613a3ae1c5e0ba694eaa0c21660ade32443b04aa9f3b70efd053,Mirai,mipsel
c3e15edb8bd36796b45e2c34a19720d36301a84bd0e1cc70d97a0c150e916525,Mirai,mipsel
c42bc8ee6c9e2cc1656ca42231862af60c3d6cb8ba71fdf86f6ee490e82aff36,Mirai,mipsel
c433cbb0b8efa59e752aaf8fd47a77446a4a6a878cbdb35d256eefce9a54789b,Mirai,mipsel
c49c93ab2d51dc003fb6c85d64433bdd5e02c013a2edb3ebf767fd8e3cf4571a,Mirai,mipsel
c4e377c13fc1cb9e1f25d1dd4c93e218c0e27c3ecd09e65f48bb3144a52d8ad3,Mirai,mipsel
c51f9edd752c5bde3a3154c061787b114554ecb264fe2a42d00a4e03751f2fe8,Mirai,mipsel
c529aa961b697d36d5b802933cf66a65fc497db24c2c5077cd8ac676d9574a62,Mirai,mipsel
c55b2b785def6d9c0776490344a225e94c5c5c020f9d6b11cb963b7510377593,Mirai,mipsel
c57f88a3807d7784f911c835a8b1607074b706c58c34b05e38ec55d35c7e3a4c,Mirai,mipsel
c6068d830a15a3411db0b74997b246cac1f8835b809966bdeea5de20d1b99b55,Mirai,mipsel
c61034f62ac85e13cc318dd5bd3bf4579968b322792d58b25b6f97bfc466d870,Mirai,mipsel
c640b3367a1f1c3c0d454dd5c7ff44f8f1c841652866f88e197ade5a53a96304,Mirai,mipsel
c640bb4a9f3296aaa783f2970bbfa37ca7bdda1fdb90b1ffdebf7e3cd7c9b66a,Mirai,mipsel
c640f403dccbea1f2e6558dc6a6fa7c498627fd9788378fffb8000bb49f2b1b5,Mirai,mipsel
c661f53efba4603682d60d097abae5130224ce8ae7fb63dd772d19c2cec5fe8f,Mirai,mipsel
c66c708f202d4a5c260a93f32d07b7315a22fdd67640e172a233a214080d02f8,Mirai,mipsel
c6741993f5289171c1962a2f6380db643ad6491e41afc5df0c2a32be1d245934,Mirai,mipsel
c69393a086e7ad4adc18601832937d168ae5301e5bcfa46c30fe0be1fc621db7,Mirai,mipsel
c6946213c5ce40ede7527151645fa954f33fa6b1412a3b925ed60616cb3d618f,Mirai,mipsel
c6b233cfcacb13fc5cd13138c916282e81024b95e77c603c8d4b8d3c3803a684,Mirai,mipsel
c6b766f6b7b7811a83f79db625ff45b2c0941d5752c74ee18f021ed13ee88d12,Mirai,mipsel
c6e16be12cee485ccc833d341d50525c973da66f5ed5395ba482e5323505f94e,Mirai,mipsel
c74b9f52be6cc2ffa279c0955e54adaed9091d3226f0632872e56b86245c7ed6,Mirai,mipsel
c7c532e4b0ad133a958b858786a3df028b804add9f9e77b6a003b914c220755e,Mirai,mipsel
c7f79cde7243f2e38b3f7b835f1283cc0ee1ab4a7199a27db0770af1bf76c27f,Mirai,mipsel
c81809286a5b0e066be10fd30700e87ba0b47b800d0baa43b6f4731b3cfc272e,Mirai,mipsel
c82422778c62af7ca59a5b5085e58ea21da428c56046c05c7ea17445b0d5731a,Mirai,mipsel
c82975b4ef6491deb10ef9d1288dc558729feb8f78258ad140df2db52e9ea4b4,Mirai,mipsel
c8524b7464e8b1c122c39e4d691758207bb06d00c42e77f7828d0779d378b0da,Mirai,mipsel
c857592a397b27b38c3d124bcd38aea24e97c9dbdfd66b8368ae75e4d93a357b,Mirai,mipsel
c877d7444357592e7dabfdf431bec3e628035773ad55b5c8c4e25c76dc283772,Mirai,mipsel
c882c7227a9c3380d4caffbe39ccfc024833146a87b194f8b2d2926a4708b03e,Mirai,mipsel
c8a5f39f386e21f1b9edac76d4891645a8b882793dc6edce47cb184f0db2773a,Mirai,mipsel
c8cc04b8acd1284f92258d02af03ce9ca1bd58bed814d8b3b023b5da7da52863,Mirai,mipsel
c8ebc56218d792ec911aa0037e6ebac36a5d8a6fe162f1b198b3cff2a1b3e061,Mirai,mipsel
c90e2b54921ab6553e2567c34b4f7b1ced31c18b0b826bc0e8971f6cda3af898,Mirai,mipsel
c92167a67152bfed32b0a576dce1e510d83f24a114652e30c3b8327ac85e5c32,Mirai,mipsel
c927bf3507e4fd42f67e5134ef64892d12bea184fabfa49c2324659b1db3888f,Mirai,mipsel
c93b7932ac00dd24c77dc077bfda98dc3a231826c94ba67f07d846b8a5b8edd9,Mirai,mipsel
c9967ba4b99ada71873c4c3be3c7f76abadc8573cc8ba24ea6fe2d1f79a5abf3,Mirai,mipsel
c9a85978b19da7bd2415a454a331872f1d4a0d9713fc6b5c163e414372e0d8a0,Mirai,mipsel
c9b2680e7f4d7e1aa403a030617718a2812b7f6252e7dc0dc5838db54651b6ce,Mirai,mipsel
c9b6476590d86e024a8561c14b2f6e93123e93cda7968882a3231c0a8a852f79,Mirai,mipsel
c9f1fd977a077c0b78fc0887b2283ea3e1bba8d9d305993fcad51e9781d6ae4e,Mirai,mipsel
ca167b9d084b615dbb36c81a80baadac0c7c1e75962f01b4809294877ac8af89,Mirai,mipsel
ca1af61fd2c6ecd3827b63604900beaaf6382c8bf6ef6b7a6e469e250f9b2e7f,Mirai,mipsel
ca2929c606f6e56fb198d6136628ff5dcb8d8742b0cecd60ffd86145bf7af721,Mirai,mipsel
ca6c6bfe9b6d061bf4ffcab8d9a4053680135658ed4b7f808da1a2f2fd47774c,Mirai,mipsel
cabf65381a2c8f0160df79982827b4513009e6963e72b206e4ceb7ad1f50279f,Mirai,mipsel
cb08ef8ed136d967cc9fc05e2fcb9aea20b66a2320c1a84f60d712b882a21201,Mirai,mipsel
cb7f47d5ee1880276f93086d19920a52d098315b329399da11fe9a5a240824c8,Mirai,mipsel
cb902e7fab20369f9c8bfe3e87fee68aa446fe993f09fbea93040a388e4a3e91,Mirai,mipsel
cb96fb666bdbd1297537a899431c8ef1ae8bcab2fade6b24d03a21e2b94eb27d,Mirai,mipsel
cbd370cb9e25e642720af73c49a63da7f0516493927117e2cae50693be62512a,Mirai,mipsel
cbe4b3b06e19f96d4cc5c38edcedd33ed2968b88081081a6d49daab7de0d4243,Mirai,mipsel
cc0255150d2b03f1dcb008eb7e580b7085518978cbd367ed619df447794f52a6,Mirai,mipsel
cca171755fcf12d602b784e0bf2467db46b72e3127d1ad089d3d775d6e681ac0,Mirai,mipsel
cce624f05980bc8d3f6922aee61cec2b3cf3a01a604871ccc1b7b3be7f2cc6d6,Mirai,mipsel
cd124316ae7485f8b35381aac7b94b28822d20301facb429acec51a5337d9247,Mirai,mipsel
cd1f4f91a01a1801d5714bff6f49f58c07f9c3978084b73ffe58a325bb603382,Mirai,mipsel
cd3140647039581846f12ea5dc87c7ba7f00f8ee33565315d10dc3c926f1dc95,Mirai,mipsel
cd47764d16b7bab3a0c9c7f17761ec8092a6005642a01663a8daccd1551e5f91,Mirai,mipsel
cd4c97b9f98707badb4975839d281071fed2200b27bfcd8ae53d19437e09b5d9,Mirai,mipsel
cda23527348758966795b54e67784dd814e0f0450384926f0fe12602bc793294,Mirai,mipsel
cddb8b1baa680fd1cf2c9b6d1d4bb5ccebd49c2269e46929d627984577c0cc0a,Mirai,mipsel
ce09a23d926223282f50a008e5c6306c63c4d6e7acad793972fdc09bbc6cf6e7,Mirai,mipsel
ce30b477ab2cf63c0e6e8d6dad72eb0e760ce99d2e0eec196297811fdfc61eda,Mirai,mipsel
ce53ab7020f3f47008414e188d16eae2e8285a18f1bfe0ae8085764628d59827,Mirai,mipsel
ce6d2b09fcd2d9d4ae2e0b111710c613851aced0e93db03cd263253980d300ee,Mirai,mipsel
cec0a1fc3bb0ed2df01c169d21c360f96d22ebb88a453df52a59d2f55c24fcda,Mirai,mipsel
ceea0c4aa5147c0874d8981e669b0eda9154062e0e99848a041f65f028ecdb60,Mirai,mipsel
ceec2da5967cf72f53e2fe7882ae6f3e2e6b54de8ed4f1d6e93d61e8468e0639,Mirai,mipsel
cf3a2b21a528e3f7f11c83a014ba99f00b8f7c4ebb96f403d16832716a62ea5b,Mirai,mipsel
cf619b3dd49f6280456095a3481f5368a0a4771172c2370e2f6093013187d748,Mirai,mipsel
d05701471aa2a90e65a0775886fba78774fd4d76f3b4d3a6ca784bfb27999910,Mirai,mipsel
d0617fb03b5ed6f611894d42afe8396b8a1cefc2a7bd02c4dc32061e628acff3,Mirai,mipsel
d090ccecae3f6741b722a27f4b991a1fd8d92886583b977cc007e0db83b08168,Mirai,mipsel
d0949925e84bc74a8c4fe6f2d1619660d46a07724e50720b2a81086ef60c8c68,Mirai,mipsel
d0d93348c950f149467b2bb412fb8b56bf048dcbb0988824799e2e6fef63442f,Mirai,mipsel
d0f199c925890d1b8e23c01f9742746d5410fa4cc4c194a5f59b7ac6f940b7d5,Mirai,mipsel
d0f223cc758a3935e4b36c46c90b5bc8eb0d817d6751648a833921800c07ee07,Mirai,mipsel
d12ccbe3d7fc0df39d0a5d39440d6271bd470f50d0362a2d7b03f6f9deb4c597,Mirai,mipsel
d177d58b703a7d54584516944a1312e8c577ca8886b589c5037eac24b3eb4726,Mirai,mipsel
d18199de9918229519b09b07a87ec56cbdafff2cd54107d772fdba6b680be14f,Mirai,mipsel
d1d112deafe4b7d5a66ee8dc20f3f13e3a439b4fa3f2cd4da777790dfc9693bc,Mirai,mipsel
d1e061f3386d50f3adc525534d29dd051ea6526ad5eacfc95e58ab0006b26768,Mirai,mipsel
d1ecc7854234b3680c85a18358912115c1707f3b907d617995f5aa99a1a7fa70,Mirai,mipsel
d1ef91d1789e2d6bb321af5447977779c072d7f4a18c7eed14ebf6dc1c6fc8b1,Mirai,mipsel
d2159f5fdf0b9a2449d3d2d77c877fd371c397c2901528169c4065245b32e3d5,Mirai,mipsel
d299fbfbc6c45ce4c464a8f281ffac3083d76afcadf798f6c5cdfccbf2db6f31,Mirai,mipsel
d306cffeeb73e234ac1359cec4730e4b67d5744fc8ab426fe5fd66f854b33ba3,Mirai,mipsel
d327522b3267063652aea2b66864e5ae5eeaacb0a8267e698c07908c186b5d4e,Mirai,mipsel
d342561d38c059839463e660e1e8fa325c75bad919e875a6e0d8cc05f753b5ca,Mirai,mipsel
d3830af5577d5373f01a4debd3685a604ce78263b4617bcf4e9659cc1f5d7d10,Mirai,mipsel
d3f6135cb76926e2032f54ef151cda2d7b8e22353c55b3011dc2fdd3bc83dd8a,Mirai,mipsel
d427cd5ac2c772a3c95a1615737508252dec671df6bcf526ab206b9770aa5a60,Mirai,mipsel
d44bd0687efedb6b350b67365399510c7c9335f4f734bcfc689274ead5eb22b6,Mirai,mipsel
d45fed755530da24d63557dc78306121499a85f48276383fe1c50c023d18e676,Mirai,mipsel
d47e7714cb1f5215cd0c7352285de1b30c5511f8ff9597e822314ca2cd07ab7b,Mirai,mipsel
d4822be8c14631ba28fa09bfa448092ac7d363e6926b845cef5b6d3313b5a4e1,Mirai,mipsel
d48accfbccb79ca71f842b0b4c88b9ad6ce20d23d558383e996f25e5be3d8db5,Mirai,mipsel
d4da20d315736db545114c1323bef972b46cc8e1f98aca455e3c5f64ee7f71bc,Mirai,mipsel
d527cdba95825dcdf176cd5f0ea42004a22666f5e1b27799f12aee7fb1692c72,Mirai,mipsel
d567c140e1c9ec5e2a865d3addf66bc01635d511da247af47074ef321884823c,Mirai,mipsel
d575351bd3eef705ba5aafeb3dd23dccd935d537565107c5e1e621f285ef9d06,Mirai,mipsel
d5840c34a2dcf73f0161ff6280001cd654958ee9e9f48e346b177c81171cc02a,Mirai,mipsel
d59cd85459b4d3584989c03708280d6f1d4106e6eeb22f882d167908cb170fc5,Mirai,mipsel
d5d9b54da943569560695c4b2b4b5c5d1ecd6a9811a5968b4903658dae439709,Mirai,mipsel
d5ecdbab3b5c21583ea130d3bd143261dceaa296facdc303f17a094a49d4dd86,Mirai,mipsel
d63361c91edd42d13296d53d788e4f7a67e9d6239bc132bf965c882e2b8e8886,Mirai,mipsel
d64699c52b68b79dfe4ea81b2c684ec43fefc9886aca58887e405cab4b125cf3,Mirai,mipsel
d652a8becd62134ddd2d9131c1a9718cac4e044f7fa3bf716d062300e119c929,Mirai,mipsel
d65ce957869110db483ce187eca6c3006ff994c0e24b5b74054a179728c8a660,Mirai,mipsel
d6642341fbd42a2f19bca214c43d4801f013a458963e3025870200554d1dd50e,Mirai,mipsel
d6681af1ce73f97a63208c382a3fdfc2afa69262e9f1a2b7b4ca1460f0229958,Mirai,mipsel
d672e3719bff7a2042e03c1552735b0c6f29c8ed2094fdf05788a47714e23d82,Mirai,mipsel
d6b54eaaddd9911707de005828f06e092b0cef873dec4918ea978a0b025464a2,Mirai,mipsel
d6beee68710611e2c862e6997bd4ce2ce74a99a8edaf57784bb4b25c09685130,Mirai,mipsel
d6e480bcc32357339cbc18e0d64e8c33ffe5f246e26d1989967e09706ed5d9c3,Mirai,mipsel
d71f6d4a1d4c4443af3cb0d971c1f85cfddf3b52754557840006e583d73cf5d2,Mirai,mipsel
d726fb836e986eb423af1b800b81d38c33dc3f8a779eabea644a75c6fe5efd71,Mirai,mipsel
d72eae6d7f6bbe07540e1c02a7d25147f43bf10b450679ac146f70168b8031ab,Mirai,mipsel
d74334c4116d2608b105734c4cf891401c8fe2043a364d0329c19492b138747d,Mirai,mipsel
d7627a14bf4d565d787f52f7f0fc807f8e0c2d17c41cd1b173f28f082cb108f9,Mirai,mipsel
d764100273759f280487f5fa705bbd72d916032f3a9f99240bed70dc39874fce,Mirai,mipsel
d78aceab3e3168b31d2a8482e783707038918b942385a1cddbbc5af9fcc52057,Mirai,mipsel
d812db54b92351a9eb74ec12fe121f7eb6b0994760590f00dfc345e81c966e87,Mirai,mipsel
d88d495886f9ce77d738be30d5f4aa983f38450c8ee014070b7f61fc3ea37f4b,Mirai,mipsel
d8d62fdc2004f0247e98bfbbd5e55ced908014643a0d05ad2f902bc3c5b747ca,Mirai,mipsel
d8ea3e3f2dbdfd65810e92baabd416bebfd877f2b85b3bacbb1f801c14c6f474,Mirai,mipsel
d8f559a0b1a8064ee393b12239b7a087cf282f4822697cdd89677ae7b553322f,Mirai,mipsel
d91115ea41afbaface3913598b29f45b30c43f9ed86d16f8d4eff87830670523,Mirai,mipsel
d9511c0a315e5538d6c9cc4007117d77b4319c41aa50a89a73084acb0e4d8f31,Mirai,mipsel
d9746fd95fd889383579e4fe6155120e29861c155c10885a03fc4abcd28fa6ae,Mirai,mipsel
d990b621eaaceb94f8dd3a2434ad2a211863c1e93aeaec55570363cb65ffd4f6,Mirai,mipsel
d99ca8712b5962fe245b8e8ff46053e68f517ff09bc10c7696b132f485a76bc0,Mirai,mipsel
da3ff3e6b38765913d7c6967863a87e3126db6b541eeaa67b4436e8f610aee30,Mirai,mipsel
da411cbb6c3411e38cb9fb199d7b53cacb3831b5522f59593106abfbe5bcb515,Mirai,mipsel
da6355eeca295b79c7b5a08bcc66cad66bafbea41e32cac828d35a6ebbda8be6,Mirai,mipsel
da77cfe6f5f1010a32328ab2c4bafa8115bdf1f9f9cb03e9417c0fd8a2716a9f,Mirai,mipsel
da78010f402fdee0f3fa8a979cfa21b9d3b5afdc5114cbc4bf8e9f5268a29080,Mirai,mipsel
dabcbe2be5b9cc8f14932f0c89f8fcab90d3d9384431c9f504b0d0fdfcc62815,Mirai,mipsel
db29552b2afdf337f59c328c0753bddc6d86a8c15e7061a53c5a56aca53a70c9,Mirai,mipsel
db4bef60f6dbe15be5b4bb690525be56403f3d86108c6205b09adf3522b6bdd8,Mirai,mipsel
db585ee110c865b541bf00d6e1325400aaea9324f8b69eaac38527515c872bc4,Mirai,mipsel
dbdb8989e6dc1a2f7e6eb962c4b93f58caed6772ee0d3ff5feef096845ed7753,Mirai,mipsel
dbff8add95cc424fb0a185945437b2d2c659da8b86f8146dd2c96eb878e38fcc,Mirai,mipsel
dc6c65caf86a182b9c9246a82fc37a3798e8ac528c8da259ea48e6c14a53e97f,Mirai,mipsel
dcdb2d16e522ece99b2bc6b56aa8089dfb5c2751ba7932ff98f5e635a61e5ba4,Mirai,mipsel
dce10812e96eebc5e0841aafde88425b754cb245e76271eadfa21cd525a64df0,Mirai,mipsel
dd16322517a1b74fdf03742e710b421a8e83bd8d8114095c6423b0bdd2af9946,Mirai,mipsel
dd2f74566682d5eb39892807c0b34cdcaae57013b547c630d311c74a4515ddc2,Mirai,mipsel
de2b63176b2b5734f5205c321c6186a821f7758aa28a6e9924a2eb3f05d83453,Mirai,mipsel
de3ed45d8319bd2a9bc76d8cce3c64e104402d6b20c6372ccdd344b53ba9b5b6,Mirai,mipsel
de7247df0669a5c7f4e9cb9eb3205894f4b485046100d311c248dd008114df09,Mirai,mipsel
de81475c5229f9991cd46d1576dca87b0fadec12dcfc29a9cdd60986f430408d,Mirai,mipsel
deb1ae3735e3578e9e97ab0ebc30f0094611ed131260049a491f42e1e7fbe311,Mirai,mipsel
deb2ea2a8e35cdbf364551a128c983ecef8736b370ff205741330c4fa18f92f5,Mirai,mipsel
df8e9b26323c40e5f974fb53d461f5ce305e00769e81316f670a5e3546cd03c3,Mirai,mipsel
dfd03c3cee583fe61468ddd080795e3a83afc1dfe9269e41980d32166ed3d432,Mirai,mipsel
e03b272b1acedcd8e67977aafc8067397840c6c5c27cd1d4b30b18b86cc19277,Mirai,mipsel
e05c39601c7800cdaad8500a4456cf7b54e9a5c86328d94707e6d76313431868,Mirai,mipsel
e06785560cf9334946ea690db83ec957c8e1c4ad0ff9f6d4b9142788b36c2e65,Mirai,mipsel
e06c8ee7ad4d8eb1f39e0ff7e7eeeb4e5e41841d6d16b3515d3e63210c944315,Mirai,mipsel
e0d6d6c6e14540a8e43b3a68992bac1d8b56d207b29d77d9f81b03a453e2ec4e,Mirai,mipsel
e0da569a04c0bc22dbac38def84af05d33966b6508e08bc4d3593dcf96756c65,Mirai,mipsel
e163feb5ab64f9442731cee789eadf26b27fe22ff4f4692579449c81ca075a5a,Mirai,mipsel
e16584774638c230ee54f829105a01eee783f8d544dffc68791bae456c3bc377,Mirai,mipsel
e1ff39aa8dd6613630f64d16e5422dfa22d7d3fca0691ba114ffd609235e3281,Mirai,mipsel
e20268a95cf21455776bd5889cb70af4b3fb8642f57598715199f7e2a14650e1,Mirai,mipsel
e232332e4e67635046f5ae22f84252bd383fa09a47829ff4aa93076f0084aa34,Mirai,mipsel
e23e9fa1e7b7e53ff4b9789e1938fb3a976a64cfd5dc6de1143e3b2ba80039f9,Mirai,mipsel
e27d336da69482270d10eb1ac2df206df6a1d58b5cc4b0148c17ddcde226903a,Mirai,mipsel
e317d691062a333011280f796270a5a074d04be75183cd2be7436f66ae112937,Mirai,mipsel
e338d96f2664cfa24019899b16fc6b437eca22b73aca9d32c72c90a098eaac90,Mirai,mipsel
e3795d993c8c261a0f8953d45bed0993a345874915ece10dd9f1e1d68d2a4cff,Mirai,mipsel
e388ed917e84e5e704f48b02f7d847b8367461d06ba044ef5eb2e5dd3bb262ab,Mirai,mipsel
e38aec423f6f56c9a298bc8c1be306b5667ec81b673a418b0462b1190f689ee7,Mirai,mipsel
e3ab28f33e9cd617103af5d246f14b2f00661be98c0f4a61207fc498a5ea83eb,Mirai,mipsel
e3b52fb25072ddf33636e60513b6d0cd6b09bdfa9918943dc7b9c6c78b42925c,Mirai,mipsel
e3bdb9aecc7dff6616827b8cb09251d50d7932f48380601cf84bc2b38a2a8ffc,Mirai,mipsel
e403cd1ff9b3ad79ecac9d221b7b81c8f6125111908e703ca761fab967ccf09a,Mirai,mipsel
e4442c813b4077e365a53b9b5d5ea9e1b40dfd1cd645ddaa346342c5e23cfbf2,Mirai,mipsel
e45e5ab1c267c1aa55c8d03e6aeda26d8fef9576631c38f1b02580fdbaed1374,Mirai,mipsel
e461c4fbb2c46f2f9fd199264137a2945383d72cd1732ac47edad651e96b2fbd,Mirai,mipsel
e4e93d74a96e997bf9692bcb40466eef43d7bbffffc4af105676e1fec57781e7,Mirai,mipsel
e4f85a4ea86de6cf2ddf1edbf185fb23c6fadf16b9c3ea12c48917ba6428b36f,Mirai,mipsel
e5765d6996cf3ccb45cd73c2ab75bfc076cffd8e7028cf7966a201e89b60b774,Mirai,mipsel
e5872b942197de98578071c64a0174aa1d96d8440658087fe449842d8d018612,Mirai,mipsel
e59c0c523a4cfbf11fd413dd922846276918a6ae2ef756b6007f4bd638b3fc66,Mirai,mipsel
e62ae9c90ac8184a25d81add4b87936dc3d8f0dad5af178f21848debdb207aa2,Mirai,mipsel
e652dc3da5a4f36cb2ae90b948392a369581f82012f4e111c4ca4dd84c3b6dff,Mirai,mipsel
e65e29dd41ea87321f97f8a634b242379055a24326d903e4257af66bb17c7e67,Mirai,mipsel
e66a4d09f101e1c3fabdd8da07792bae71c144822bb282f6e77b89f2e56ab902,Mirai,mipsel
e6753174ae75de4823d3ce2546b3a78ef5b21db56e3c1396b9431874af73a60d,Mirai,mipsel
e681042dfa268cadbf63d16b5b470d9eabe6275e0ca45ba23c57229ec455180a,Mirai,mipsel
e6820cbcddfe3312a62e431c79fc0e7f056775e3bfc02102ad9fa4ecf33a5193,Mirai,mipsel
e6968b6ab7ec82a948f64fb135e4c51ed8ba9c01f0bb18be2935bd6df477f364,Mirai,mipsel
e6a0ee59ee87cb3793007c6c7a08b0230948858ee378bea29e52a1ded96a2dd5,Mirai,mipsel
e7303a0cb353213ec818c164dd87f7717a3f3402f99b3f0c36f315c412713068,Mirai,mipsel
e74b58e4bc6ae78191e125d4a6e3b3e1ea7ca1a99f328164078f20efd023661e,Mirai,mipsel
e774feab7584c8297e0eb55f5c77b734fd7c2f1843931c6207100ef9201ed603,Mirai,mipsel
e783bf445e7363d4a166d3520482c693de1f79bc8eef54e05fe15fa323209089,Mirai,mipsel
e783e610ae18260ce0b7d883a24ba9999b2827d7928977d3e26ae0c1244096cb,Mirai,mipsel
e7e277ce4239a206040fd7f3af15d377cf37aff28fed56430a53cb70d4362c37,Mirai,mipsel
e864ecde002afc9de567a7db4bae2523bbe82a4d892b14a8c898c5506ca5915b,Mirai,mipsel
e87896f71d78558fb34900bed1ed0d5f2745de6cc026f83de7b965a3fa1987fa,Mirai,mipsel
e880b325ff533e533b59622a638eede0c469e1e6b537f61f40a9d79b727a652e,Mirai,mipsel
e8a0f69e4999eb33b389286a0dc11a65b61982f38d5498b26335f0c8aa1662f3,Mirai,mipsel
e8ae50bfa04991abfafe2d62ac9b5524c23f5c6af1ca1f37e1f84f3a2d9a7d86,Mirai,mipsel
e8bd87f86866258088a1ea65aa873cf80d0aa7d75cbdf53202cb2ce4bce11621,Mirai,mipsel
e8d1ee461ecaa2074b8e8e5708b8b4ab22e60481879a96fe2fc62ba034ce2bd6,Mirai,mipsel
e93e1576f67a509a2d47a539278784e5f57d285b03658f8cc8dbeabac2f5b3f3,Mirai,mipsel
e976357924c99c3e2812765474bad41160e51e88a4cd321e9300671191a32f62,Mirai,mipsel
e97aa4c83922c03716e7cec7583b011f02e5375a03e406eeabdf13a99f345c94,Mirai,mipsel
e97f0ee7ae56912a4de0dd10e99c3ecff88c654ee2f0b7b598d009af1b0a8b68,Mirai,mipsel
e980d10e40c6b17204f3dc33dddca1ef0ba95652f108c38907f272976ddb6526,Mirai,mipsel
e9a2b2d0d354829a4981221e71ff2b3931b1dc73074616d450944619502c824e,Mirai,mipsel
e9dbed5afbafdefb3648a7512e6ad450741adf10013b1fc5165da101dae23152,Mirai,mipsel
ea018bda0853c821eb55ecbe75ee0c02c2e81287edcc5bfbb69f9c4bdd057b16,Mirai,mipsel
ea4d52d454b73cbbf28eea44e46d5ecf90cbc763d409e31afd2d9a7a46c6fdb7,Mirai,mipsel
ea5f9a5a2103ab80fb98e6c4d5cd0efde38453162c5ef420cd429db8c9192914,Mirai,mipsel
ea813714f2bfe5aec970b34fe2964337661f3c8f2401221278ecd02b57a680eb,Mirai,mipsel
eacba81975a38ab6c10d5df9cf664d448d14aa6e683e8af7ef9beadd154928b3,Mirai,mipsel
eae9658730950b7bbb19d9b3b5fea1b1cb1babb71979340061b373fd26e0bc69,Mirai,mipsel
eb05ae9efd75af5b9c0f17338434a232c73ef039ee8181082fa8b77c8d619355,Mirai,mipsel
eb4716df8bf2bbe1362011d3b5ba715777d10b42b1bc480fa75b2cf74f8c63ad,Mirai,mipsel
ebb95964fdb3b705afedd6b4cea2d087a06402be7d13f062fd60238c3eb7ff92,Mirai,mipsel
ebe93dadf72ce3be2a699ceb68b651df03ea1eea7b2243bb791b4eafe626eb42,Mirai,mipsel
ec145cb06f265495c6547d524920410fd8604337f9b9c6fb03d16db131f2b7b8,Mirai,mipsel
ec558f095502e00b97955586c3b14dc506b5e674ad93d6bc758d2aa618ae0a12,Mirai,mipsel
ec5a55b267dff65e35eaf6763174a81a77c5f17500e69494e90a90b8bdfa7a61,Mirai,mipsel
ec5b45f3170104bc0288c405233e84bbaf99153e6aedfaf742a98c5a9a10b744,Mirai,mipsel
ec60dc94f0d8930e294719714beebd6a3e85665cc9cfd87d869d0224cc02ce10,Mirai,mipsel
ecb9d89f9429f60cad65c3c5259ce1be3f2a654153247adef0e2e2d9fbaee8d9,Mirai,mipsel
ed3ec43c2eecf6dada06ed3312782861a2c6175a144cd41ebf35f21fdabc01c9,Mirai,mipsel
ed5a985c70c7f7a4ca84faf2d96035cb30bbe4908a28c61e89b8f8ac3fc91b4e,Mirai,mipsel
ed9caecafc35606f3254908e25f26c79f5f7b5f33a3cd10198180c4c61ed62e6,Mirai,mipsel
edea957acfdfc21435e6ed5bc535d231cc50fe24c51e3ba25ace942fff7eb36c,Mirai,mipsel
edf0d658f4a47f15023739f700c9eb115a3b6c0fd3028fbc410766e372e73656,Mirai,mipsel
ee2a19969e01a460d47c4a6deae6a50078c72eb3ae362627bd69ecbe003d8dca,Mirai,mipsel
eece9ffd27aa96d336dde95f80eb8d3f52cb0d061b6a28bf3537e1a60e9e1d6f,Mirai,mipsel
ef82cc6a6b1672785d78ad8101a2a2582df084816a06ad826446fde0aecd365b,Mirai,mipsel
efa071d3c53a041cf9444e2b8dbdea8eb0bb2f2318ba8bc73790d9aeebd562fe,Mirai,mipsel
efd022332efdf9d1a636f88ab038745012fe232662db7bc803fad560677efadf,Mirai,mipsel
efde0a9eec6cef05e7a1582b785995160f6379f3d9a9605afa89ab588de22bcb,Mirai,mipsel
efe2823c26c7bf7529a1e94a46525c0f1652c6479e822029d1507414c8f33aae,Mirai,mipsel
eff8d1f75f6f6fab53e2bdc4e2f0ef977c368770a9e402e2136a4251dce35903,Mirai,mipsel
f06a4fd5d6d92dc6b1e7073b8365068da2833785c87e697391fae842f3835271,Mirai,mipsel
f0b1c819636c0049746f9361e74ce077919bd7a5430402debaa9a3f336b9d780,Mirai,mipsel
f0cddffbcdc0c351ad0828176964fcfcc07601a6042b7f5a5163be604ac9ab47,Mirai,mipsel
f14c391aab5f27f48c38542dcb89ac7d171eaab225a8e10f49216b77f8c823a7,Mirai,mipsel
f1556acdbb7cbf5ddfb610ed4d0e85fd945eb6ebd5e3a264c81b42c95ef4318b,Mirai,mipsel
f19368a5c382aa520058736ee0f57d44e26aa496321b61e67a7246f2e384f49b,Mirai,mipsel
f1d5734483515122623a8b221a19111900da09bc320b014f73e25363b5f520f1,Mirai,mipsel
f22d80e8d8327da63b7567c5bea610a24485e7d1aac24653205aa34247f7014e,Mirai,mipsel
f245a64de31ef3421e59d1135a77d9779dadd5fa48c9b7e73782b7a3cb6c8580,Mirai,mipsel
f24d32ac3182d6d71722b844228544903e9d5d12c3c89ff59a21599e8fd14d30,Mirai,mipsel
f262a9965106f1890817d9557206657a556c9ed2889b42347ef4d475c115f9d5,Mirai,mipsel
f28bcd53477698571bf3f1ae5ec5b1cd8a858376920acf999fd83c0a9ddc000a,Mirai,mipsel
f2b92b993ac53426fd8a932c151d7070c15f900e679d050b045acf866de2c41c,Mirai,mipsel
f2c1b6982a724b7a94591431ca1d47f683354b82b7b969365047e52cab948143,Mirai,mipsel
f2ca91370f578d8d67e2145fbaa1b78180baef033d03f6dd3a34e9a10e91c1e1,Mirai,mipsel
f2e836ff17addd1bca4dc409cdb365628d7c4da1f77a1d11393429a9d57bc74a,Mirai,mipsel
f32dbdf93ec3e8fd3a5648e41fa725949af21e8a59bc5cf0b3f448916c60c969,Mirai,mipsel
f33f5091acf0acb45cc9dffc2d43455f032984d8c1fa67a1f56f57098c42b5cd,Mirai,mipsel
f3f8ba87fd978a9f74f3ddbc8c86fd466a8e5f7b87c573ea190eeeb4b2aa9fa1,Mirai,mipsel
f3fc5e87f85d27dab0e06a668089c370ff8650af031135111efc03a20fcae0ae,Mirai,mipsel
f40672e62e25afb3dad9efd35d61af28a591d5a099495cd1ff9017dfa799ce64,Mirai,mipsel
f41dab0214d4fff7952e4043eed5c9e9e8dfa148977c4deca0b0b9608775629a,Mirai,mipsel
f425368dc4424f3c65ff8b3575ccd0ca807b7ffcfbf5b9521e8580d139f15473,Mirai,mipsel
f42760bf289d535d52659b3c3a1d6c6fb509075ab2860150720e888f2683bd95,Mirai,mipsel
f47c9ca4dcb2d87c32de7f81bc03795c9575be94eda055a1cc38874a8ea8e7b6,Mirai,mipsel
f4bd6968f9422eea727b31357b6328c371549d0daae30771f40c427f349134a9,Mirai,mipsel
f539ccfb8cc5f6f36c24e64a9d6fea2bc68ca225278a86a6f33b528484fdb426,Mirai,mipsel
f5451b44ab3c6abcece67dff077520dcb97528ed2a983f91b0c1d5c45753327c,Mirai,mipsel
f54c25053180fc70e5c899ab528067c240b1bd4b853d88f37d1613f8c9d62830,Mirai,mipsel
f582559108d212cb4640836d94e90acd64961aeff070368c9dfdc3b087a2e267,Mirai,mipsel
f5ab478348d8e15e4af24ef4e8f4304cb0f5124c0e4e1599df49e57977e34cbc,Mirai,mipsel
f5f6d9e6fca23fb4d4c4ece2064777d9ccba663a70ad41d108092cf58404a2d5,Mirai,mipsel
f60bd06a1f110909c865e43aeadb7bfcd7d94bba8dfb1b0417dc72ae3687cb70,Mirai,mipsel
f612bf39274dfd9e4c21fdce84881c795b518c70aaaa147481d131e708cfc498,Mirai,mipsel
f63ee295910d7b0a2288656d32ffaae9117ab7bf9d54e48ea595143f7456a443,Mirai,mipsel
f64a67a13d07930930590c4adf62935c88ffaa48bfaa81ff58aec4be313fdb08,Mirai,mipsel
f67a30cb849f54c1c6ae5873c18c1d700a435dcd83e34fa2c3448ead976002e1,Mirai,mipsel
f687a0c3bc88444738bb44e3c4f6d493d1c66b031347901164923494b144cdd0,Mirai,mipsel
f698f1c3d8969dc59ce549ac735e7ceecfad4d5d957905b30366c6aa98ad8bcb,Mirai,mipsel
f6a2227219d1d3710015144a9e082610f9cdfb95eb7903980dfc76436d97495e,Mirai,mipsel
f6ab6201a1ca66cef685cd28345a0f304da348f5c63acb98f917dd3db7f27edb,Mirai,mipsel
f6b47254b8aec4f7af1ed56b0d42f4139791773b045bc0edb8224608e17085fb,Mirai,mipsel
f6c132114c496d7b9c62dad9229f850b7908eb8904630d264f26923e8adefe37,Mirai,mipsel
f6c97b1e2ed02578ca1066c8235ba4f991e645f89012406c639dbccc6582eec8,Mirai,mipsel
f709caedcb869289a3422b3d091f0c5adea9ec83945f505065a95b6fd8d4b028,Mirai,mipsel
f73527ceda64649f8418ad553d88a2e6d05f164ff1974dce1bf2cc6d7c7d6b73,Mirai,mipsel
f7667ba96483e8d98e9d28910aad30a494f3b9a9730262ba3fd9ecb620c9f50f,Mirai,mipsel
f77adb22f8e642f089107b854e54f8ea62a0a5d95349a79c1839b2b6f97aecb5,Mirai,mipsel
f7fd4a7ad8e8d9ffa6023cbe778a398e3cb6b88f2ec1465960d1cbeebe537d99,Mirai,mipsel
f82c202ae3ee309dc332b1115773a329443c524fb3ffbbc9054ae6291703a787,Mirai,mipsel
f84693cba7e7185567ac5e0bcad8019a788d2ba8b8ff5be2cf1cdb66b78bc6d6,Mirai,mipsel
f895ed699644182c5522df5e0a0dbbb7b5d34ece2ecccae0f41ce2f6d9672a68,Mirai,mipsel
f8bfa65e164db70172ae54e40ce290f9294309221ebb08f5f41dc9a52b857993,Mirai,mipsel
f8e7f584594ff2f5e23cfc00360dadcbb995ef4766c97e433ea5def841d95c57,Mirai,mipsel
f904a39e6badbf584276e1526a49ae6f52d1cc24da4bb44e26d9878decf6ff8b,Mirai,mipsel
f91f8ea4f31f76aad841ea60fd51a2aad61c63560bb6f6fd8f679c6b22525550,Mirai,mipsel
f984775e59742cf0f1c2ad509db3e642f17e165b2dd9590426ab3335343869b2,Mirai,mipsel
f98c40b0dc682317364b2172460e90cef054ade952a7fc7909e161a1f2fce338,Mirai,mipsel
f998cc2d787fb23a43e881f17a3891972d18eb1be2d3fa2f1d620749844d1446,Mirai,mipsel
f9a7b18506372ad1b0bbfd227abc3218d2d8864e227bd3b9a43958bf7281af8d,Mirai,mipsel
f9dc00599f64074d6b3d0b22fb55e675fb48759ebebee9afd1db6a91b03333b5,Mirai,mipsel
f9f8bcda66f3159f20786677719e9f20bfefa3d09cf13f709a7130e610ac76ca,Mirai,mipsel
fa230ed245c2a6522dddaec1a109e1a6e6fc9520d020a7db55575c02d0bceb7b,Mirai,mipsel
fa793b6cce408c37f33d1a3d6fcadbe62dc2431627f1b8b1a472fe5d0a4392b1,Mirai,mipsel
fad0c36864468f51aea71d78b9b91ee9c28960ff719e05c924f65ad35747f80d,Mirai,mipsel
fba175f1b458bcc87dd21a0ff23027a40c29676b87e37e0a5c87c03000103d59,Mirai,mipsel
fc358cf622111029cf4f4a11df72602cc16b5c74163ffb22d03dc3ee904f6741,Mirai,mipsel
fc595984527f400a1c8a5b3593c4314c559e13fdc708c0fa3eba62b2bf1e8c9b,Mirai,mipsel
fcc1e03a81dc267dc159cfe32b80156b6fd4921b79f279e05834a7f6e87b1e9d,Mirai,mipsel
fcd702e8e4ff4bbdaa8793f0aa4bca3a6dacf7447a0c75040b369e78a9d49427,Mirai,mipsel
fd07960c3d4f76de9ebbb0bab733a93b23f8b8dc69c7281f880dc1575ad986cc,Mirai,mipsel
fd279047ed8b7a680ed32b0a79c692c105b65f85f05ae78d5d528bac2c12b1b1,Mirai,mipsel
fd2b6f256c2c6401911a21087034b5792a204587368cfb56beaeda901342b5d2,Mirai,mipsel
fd81c4c8d0e13a5064c4c6429e2b084fd762295cd880d35fc61f95aea55a2d99,Mirai,mipsel
fde0ce020cdf3facc1bedfb2b4ab8aaa4e5aa851a1edd93b1adcefd543f46866,Mirai,mipsel
fe18e424ae2e2c3fe704a2faeaf75f2e5654af1b678b2a99c3bba1355e573cec,Mirai,mipsel
fe375e954a5c066f88aa0348f88dc17b3094eb676e7c1b9503fc46dc16e094bb,Mirai,mipsel
fe440adb88ff4e99e36e7966e9c9534c47e4f670b71483a64658ad97f79cd5fb,Mirai,mipsel
fe484b14adbfd5b14b437ea55194db2e77731a076e513e6a8e781e3dfb5a9640,Mirai,mipsel
fe996ad346265e6bb9d89a23f0d35457278194e0ed862ed857d75c18416d5aee,Mirai,mipsel
fe9dc023e44a2e033b5974feb5a8636385ba3b13f73bda485b6ccad793777b24,Mirai,mipsel
fead7dd10d303ad088d0b5782694cc65854b9695faf7ef294d6c5b07aa7a9790,Mirai,mipsel
feb66fd5d5b16ed716eb5de8f7fcf87eea2b19969d61f67206f81a3e09eb19ee,Mirai,mipsel
fef957163483494125d16f4c6f54eb64bbda4abbc587f94ff77d8c4ef015cc98,Mirai,mipsel
ff16004525526b94e8c17327729af4057a6905f8d5587c440f6c2196d82a62b6,Mirai,mipsel
ff4687ca904a4423bfc7bfb74dd7b226b3deacbc9be86867866b40559e2e6011,Mirai,mipsel
ff6114a2c4e1e6d068f8388738dcf857a578b43d7fc0bbcb15906c185d80abb2,Mirai,mipsel
ff9eb54d12438fb4c4841ac2cf53ba82a4389b69c527b5b0a1b52effd4e4c96a,Mirai,mipsel
086971dc889b586183d52a5d52b65959498aa35e1cfb7c0ed8b6b0c72c4a2acc,DarkNexus,x86
0c257363cbe593d84158abac06e706435fdd6ebd75dec2e31e048b2a28fda1e6,DarkNexus,x86
0d7722caa5c58455262726fc21bbd07ba238546933e1b2d4cf6f8b4fdbad430e,DarkNexus,x86
0f942f4de8a1a53227ce54d43a45a8393e00aeed031db060891c933c514a5c00,DarkNexus,x86
12da7aac18b2a6cf3f1cec92cc21616087faaf5a469b3985d08bed24ee65a296,DarkNexus,x86
18f5029b9ba3c95dce3fed6b6a7672598cbda89e5291e7869ba407b7f51c1931,DarkNexus,x86
1a81fd81a3de2a041ad331a370029e1b02e37ad62d049a720b574a2f282e106f,DarkNexus,x86
1c6b00459bc937072d6d3f51f97c0a3013b8458d3c96187402b91dd987a6f74d,DarkNexus,x86
27c31da0fe5cbd377e2c812f1b92845e314c7c088ef258815ff5638af5284690,DarkNexus,x86
2eb554d65d0975abd216d680d70d250e1806ac209c1580ee101229b9d45ae1c0,DarkNexus,x86
2efd1fa4459654a57f2fed904d7f47044baab3d58eb59f21522835f716bd7b16,DarkNexus,x86
38ce41fb8236ac0331a95698cd5432e211e7030fcbff53c40bb004baca73812f,DarkNexus,x86
3e2ecf0a09f2cf32878d7ada69f3bb88b89653ef9d72c8f9d7381a10ac4bf45f,DarkNexus,x86
40ec9c069c377d5c26db4132d8472a22f5bdbf147aecc441f4c72f4b6147a944,DarkNexus,x86
41098deba47ad76ea2c9b80b9bade3722af5a1117694f7a1b4097e48164bf4aa,DarkNexus,x86
42d6325cbe79c0f6a0eede78ddfb1bf9aac4e4446be942b25608f121c184566d,DarkNexus,x86
4a156b8212445c52bbb186b3aaaf3a261d82ad1e1220ffc0adc8dfa94fdd7e09,DarkNexus,x86
5311c63ea68ea29cd5133884df8f286c4553d82da9348311db6bb13fb43e4a16,DarkNexus,x86
553dc1ddd1540550f0746264f5e9e96cb4a8c8d6452b340f15712c3d17edd680,DarkNexus,x86
558ba0b66104d0074b05b60a3f7d0bd81493a292c3f2b7eb979e16b08386c605,DarkNexus,x86
55d3054f8d9d66583edf190bfcb85d0e1074510f775f90ed0a44aed2c41ed551,DarkNexus,x86
610d50e1987d7bbca178f0dcb6ae03b56cc1275d0d0169540545d7b354bda7f8,DarkNexus,x86
621ee9b4ce37f2660439ead43d6533ec71f3a896809be83aa2928646b64851e3,DarkNexus,x86
6d5304c8335203137228c0fed3bc7288a5bbd78b23cf1657d5dfb149dda78672,DarkNexus,x86
6fd3a6477c3d7ba7175ba805aa54394bc798401b7dab624f31c8fe5cff3fb1eb,DarkNexus,x86
7b9794da4dea949019faf52b37b4153447aa8e13c9fec9f2ad3d1a24bfa486e5,DarkNexus,x86
7d7bbc865b165411c60f2b3e15128d3a1fd81faa18baa9d94448ab59d439a097,DarkNexus,x86
897cc18e07c9a5e5e095f0a7bf2945a02339bbefdf331a059045cc6bf30d8099,DarkNexus,x86
8e9e4a12198fb030513c6fe39a97c8fd1a9379704aa64b7bafc2a27c39e1beb6,DarkNexus,x86
909897795bc6682e41521de36fc6f6af8455f49c95c9538711a5bdf98c30972a,DarkNexus,x86
91411dd7fa70b8ddf244d2a9902f2949a2f393c3673c0b754cf36314287163df,DarkNexus,x86
9e8e976c0c210a4190d3f9d9b186a74d2fd0a96fd1a52d05960034d6644bdf7a,DarkNexus,x86
a0f7fd0778ab85796d370e8ba24bce1bbb5466d3f7112d05b8666f074fdddac3,DarkNexus,x86
a31bb49b50dbb30b67aad76cab00225065e0f69a08b587393d0d1e743c188017,DarkNexus,x86
a466a0e1976dfc66a20a6211e80a5588b610c70f4ea46ddc0fe6b679df4ff688,DarkNexus,x86
b0f726add5d91a1f158ccab33080713a1749a768a569d6eaec5c30e0260ce7b9,DarkNexus,x86
b656ef50bd9f558963b3dd5693e1da6675545c3801a121b4b2a501762c2494f6,DarkNexus,x86
b74aab4172c6bc009d66059401a0c6992af96e7701de599ecfc0afc2dd1b6b53,DarkNexus,x86
bd7c42b7a05a715618d3640ffa35ee1a496828d0234b0b05a95e66037081dc8c,DarkNexus,x86
c197689ea25c7be508ba1010839ec662e8737a8c440222e77e2e842d71d60b7c,DarkNexus,x86
c44c5ef1c10808b3d6f01c3344fc69590d484374aae24a455f4baa7613593431,DarkNexus,x86
c7275e5aa4a280c0f1656f3144af2ef637032d83f97437721d32e5e3cc68fb16,DarkNexus,x86
e105958e10ed3967ee55b7b024914e0cb6bf6cc2af5cd05ef26b203d043a96d4,DarkNexus,x86
e2e591d275ba7c959bfd0bba1cca32021ca17d26d209fb1818ce95cac58d9fde,DarkNexus,x86
e37da47019d2ca54309270b2f03073bb2f177b0fd8b111711008115ff343477e,DarkNexus,x86
e9fd0bd2f053aadcfb23a23f0bb0effe60c22d06f9ecb2a35a49f6f0aec38173,DarkNexus,x86
f084ba4041b2fbc57f5997e9f84634f3c78634ff993b0ef821ce89c15a396f28,DarkNexus,x86
f3960d87c6eb3c3c9101853360a8372123fa9e1588315673f621c197900c81cb,DarkNexus,x86
feef6539afbd60474854e2e883b3e4bc93df54f7f1010ff35bf348e6a1ca2dab,DarkNexus,x86
fffd3663a051807f8022670ec72a164752b62653f338f7f7da9189923cc1f480,DarkNexus,x86
0004a523cee728ac7cf4ef6365b4140d4c3a4c4d2a737aff5b3d2330c28a6ef7,Mirai,x86
005d6aabb8a032a71d2960e01ef413260fc07c666dbcb488c16f352b4efbc193,Mirai,x86
008e3bc3313514008c8ce7ad31c420140957efdfee69e5681dce89b55a4db9c4,Mirai,x86
00b151ff78a492b5eae0c8d3c769857f171f8424cf36c3b2505f7d7889109599,Mirai,x86
0149afea6a6ff5334c45e136e19a9c93d247205cac615e2cf3c473cc3ac424c1,Mirai,x86
015d3f9dc23e066ed5c43cf979dd28c8837354bde77dd4b463030a0d5e7c72f3,Mirai,x86
01d9b222c4d8d8208cec51505e7d3a10f0f6a061cbe0271e99074c2c24c0300e,Mirai,x86
01db162ac06e974fb2470b029da76467483769f877914d55ae4173876c566b4b,Mirai,x86
01ff685ca7dbdf59bb18a70f33cea6c3bbc20a38afb16e1a8def26dec3a18ffd,Mirai,x86
0219dba194cbf630defdb7a25e9b6cc424f66ea0a1714b3bef8cb510b083cb89,Mirai,x86
023d00e2135a19a7426cf9c5b1477921253da82d46decd77cc193c17e72d9b93,Mirai,x86
024861a7345678dfa727612ebcf4d09b3a6cb9ed022f243a2e81a420a67d3e60,Mirai,x86
0272577c1df3d74cb4d5301fc805fed5d58af3e5b218b93cb929c8e0f0a260eb,Mirai,x86
02b90819a64ada54d90785167932c1ee1777d688cbdded608699aee3e61e8047,Mirai,x86
02c6cca23521945efa4ceb3d98f0bfcaf0d10354a08c7901225132983bed0cb3,Mirai,x86
02ee2da9fc3e7229946370193d37c7b6bfd4603462fb647a31877cc0ad41f4b3,Mirai,x86
02fe8ee02d44c99addf33f0d9700022b94502679d212fc960b4bd7b4ba83f5b2,Mirai,x86
03105827234485aac2b06abd61393c54ecd40b6127d777253412fbf3bc48120f,Mirai,x86
031d3916c22d7ab0565c91e5d9b3cabc17812044f03d08d67c67f649f32a80ed,Mirai,x86
0355a4ff49d4d116a87fbe40df8c405872a073575db7dbd3e83c3694c852a90c,Mirai,x86
035f4cb2e91b63130ad2a6e6dc5e9ca5b2292c9bbf9341a9959d9c3f936801f1,Mirai,x86
0361a1a77cef36cea5fee27905b39ceeac0ec0812c8eb36f9a6771ced6aad7e5,Mirai,x86
0369cdc19c292c85173fbe5bdea31138f4d27b819dde32d27157dd68d277616c,Mirai,x86
037f46a202a96a8b0a8448d417ab23ee6c0fde6ec93de51589abf6092596627e,Mirai,x86
03827ca26f1817e157b0dfed983546dba6e55b3234683710e0876d82020283f5,Mirai,x86
038d420947ae083c4f62bb14f18bcecf5fb3f671abeb8e4143ea108d12773303,Mirai,x86
038d442e3d41bf08a9b98777b7587c0e0d0c067fac80dce8dc8267c769f1d99c,Mirai,x86
039209058452c2d8b17d461f6e96f8dd2140a1942c161eaa664ddfc4644cf5a4,Mirai,x86
039ffc6d82eca35016d9978d4485644bc8b7b7ed50843c40210606c658d725b7,Mirai,x86
03dab45f8a235a3f6cbf34ef64d8408855a3abfe3b9dcf8f03ce52f5060f438f,Mirai,x86
04429d90124e644246afadb0cc035f6690696a47acdbb75bc6c2941b9d607231,Mirai,x86
04623ccff10b6eb89d2be7b15ca97dc7417f26075fc92875ed1f074bfbaeb8c0,Mirai,x86
0463344dca4858b107d4e7111e7cdf116720c6dac79e09a10eabd1729c959ac8,Mirai,x86
04663355a36aefc92a51fc3f9f777b5e78947b511d791508df27a34c45fd1c7c,Mirai,x86
04678ae045baad53b95d38b7867276bd9fff12cf22be585808813d050275d44a,Mirai,x86
050b614c7bdbf3e0f1d0d506455429975b02ec56970d162cd7363be246e7ab44,Mirai,x86
050f93ecb9612e529f965712a6fc367a29a56f9e88ff22e9e18ef5886644b6e7,Mirai,x86
051b4b7fc53e03aa908ff8ae2d79050fa88649add1586b06451f5beed68c6302,Mirai,x86
058e2490bd41503bc91204bae977c8fbd4db2cf157be46efa8d9b8b97d81c1f7,Mirai,x86
058f88ca5c5ba48b7e9031e758b632909354e70ccfc7d4d32a94a5451c868210,Mirai,x86
0590a54ba6f0202b7e562fc316b741db1155f5dc60cc08a3b83cc188a641e704,Mirai,x86
059a9d03b57bc0e6320e818a339b86674c532a985b15e43155a61f8f7269c585,Mirai,x86
06646e1b7a3f8c6538486739f154d8df04e64bb12f2da2f64059fe8f94fc4c6c,Mirai,x86
06a9af7afd10d43b7e51f8d5872cd03fe7e64c5d6d709dc446cdb6eec19312d1,Mirai,x86
06ac4d2b3433f081669d1b3dcc9296dc3a40c19cc7383fe15221b7900bf5f30b,Mirai,x86
06b4c6cc0bc1c3aee955a6e40d6fd0a6dc80bc423be956820ccb48462312e448,Mirai,x86
06cf553390449aea2acd0faf2495b1a4ea1eb5d36e682459692c3c7a4bd2217c,Mirai,x86
06d4e06058bbf9a057e6f1783aab25ed16efcab434f27c2e06e8797981d42e38,Mirai,x86
06f363fc4ff64c71616eae6b5bd7464f5a744a3601a7f74cd31c161ef995e8d1,Mirai,x86
06f71cd55f179acb17accf65f843c260fc011481ac2db225fbe330e4af00dc5e,Mirai,x86
0783a55829420a114d51b42e741f6beba115872d8b5b7f64062c07dd62afb8fc,Mirai,x86
07b8334b0540f1bd148ef0838257938d312e8191bdc14d449023730d51f0817f,Mirai,x86
07d6143d1eeba64276ea2305008a8ec82b20f141b68add3c5eb0bd8ca0e162d4,Mirai,x86
07e063b72e6b7f7b9e980312c9001513c534aca0f6aa7bda7e4af8f826e91bda,Mirai,x86
07fd0a4d340b20aadc0a185b0aee303bd55375afdce4d74be2bfae92ee074ffe,Mirai,x86
080e320b858e8d5303eca8e10558fc98f692310900bb0905485d1fdb0f3792da,Mirai,x86
08209f1e34d8ae3b0e442979e7a72d55b442c88a35e98612a4547748a8fd565b,Mirai,x86
0841fc2ba3ab599f0b07503729773284119908ed448b83fe2cd857ecb54574aa,Mirai,x86
085d62b52a256856c25f448e4d1bc0d8d2c8154f60badf9840e20066a1e08a68,Mirai,x86
0899128b71751af8692700ff90054f52b03495ca9e61942bba691a27959b7577,Mirai,x86
08a51066d761767f7ec573e79fd1a677eaedd592c2d54b982e443550c54c7863,Mirai,x86
08aaa52694227f4712b0173f4aa19af7e3e23888ee3d6f4ba18e42047e40f976,Mirai,x86
08f359e2c36602993b89a168b61d6c7e4f518210eaa01049acdc36e10e46877f,Mirai,x86
097c45a49955558085e3fc0eb2a05a75494caaffb24e5ea77adc9f8049fb090e,Mirai,x86
09e633c9311d312de63ff2258c4960a999fd30327b1b0a1ef087cf5d27b86c1b,Mirai,x86
09edb2b215ee54a96b12447ab0d5b297d7ee192e03e576b79bbb5be0fad95402,Mirai,x86
0a0eb03d18c9de73ad8257898f79b634cacf58b6454a3c8a3f88cc04599c067a,Mirai,x86
0a763aa97a43019133c270e0d6af56c7e0e3b36e08bd95b51749e644e336f2c2,Mirai,x86
0ae4f2e77c3a1ccea14ecf22a03894099fa3ec4ff8a78a114cac6fa1c947f776,Mirai,x86
0aecb6503b9671bbb5b1d5cc3536a26f855e7dc0ec2b9e9d8a20a860cd34bf0f,Mirai,x86
0b59dd399d126b904c6de5bf2631d1916fcb64371e2439f46f020ad8dc14c2af,Mirai,x86
0b7025b431a348a3d060f757aa8ec6e11bfe0bbf05fe046979d49575310764ed,Mirai,x86
0b96a71624c8139bd6d6473d4a09a216742df21488d8804487b2c7017dd5855e,Mirai,x86
0b9c84d4fbd8955251dfa46f4bce0d08edd02510263ceebb12cf544807abe7a5,Mirai,x86
0c10cd2e4e0397d15968488b3a7346269b1ad2e4b0edafd17c16aea5e5641593,Mirai,x86
0c251fc0b0f7e752650f2669873b18ec7030950468c240a711fa7683a8f0d741,Mirai,x86
0c351a2c07f2eef722549f073f9ce48b8903a7836cb0de0cf73954d311ac19b7,Mirai,x86
0c55a89153dbe69466486dbfe75d939364a757147d6863f356fccbb82669f1a8,Mirai,x86
0c76a67797e56c0cb699d73e5c37980856711f055c599919491eeece3ab38d3a,Mirai,x86
0cb494e641cfa741d30900b1616780be2701d50abae5249ac06108d3717bf9fa,Mirai,x86
0cb87729dd3cff8ebe68fdd3576e8be40d701864c42a72767ed9c64b823e43e5,Mirai,x86
0d6c72d0e3843ac9dc8e7d950dd81e23d42c445b88445739d5ad6f7af32f2f15,Mirai,x86
0d8340eb0c75c2ee68cf38ab830bb7499e646ca600374207a27238b22bae27ae,Mirai,x86
0da0bfc132868460d3276c76e1dd631a4174070fd2fe52baa43fc30eac5126c3,Mirai,x86
0dd757e4f2af201514a96db97b5f68a847b0eff0f45d79c9ff9be8a719d6e77b,Mirai,x86
0e338b13fe25a3757c4bf0020f0e6f8c70878e54f2605e6e492aae22428773bf,Mirai,x86
0e7228542f3c4e1ec5c6c90c67a920b5d820158c0a25ffe3df3b832c803ab9d8,Mirai,x86
0e7839cbba3ea06cda468e74052c63e2db7d718954c28f74a81720fedada1dac,Mirai,x86
0ec276759995912eaf14acb0ecda05c35a5c468a87a123383fa8ff893ad22672,Mirai,x86
0ed825ad5f4c9a44cba4092ea0d086ea94dd8f7662c4143e3bfb87c5d9ac6545,Mirai,x86
0ee6ca9dcaea2447f810692c1bdc1d1fbadb556c669b847e5936f9c165fa45a8,Mirai,x86
0ee7c071190358c441273f8bf149040ce28eff3329202a30cf42b2dc60da0165,Mirai,x86
0f3873c48bb5d3e2ab700ca690a1cae0433386f687d813a2d6b223150c1b7198,Mirai,x86
0f8b4c75fdd5c4cb67a358335debba558765d34c4b72ed6bc1bdc398f1db3009,Mirai,x86
1013343e1f685634049d6da2868f57218e6279c86d1565cb31d962f99eed0132,Mirai,x86
101be3feef695a7d65703d9028a14f4c79a9dfbd3fbdaec74a4dc5ce0fcb7e0d,Mirai,x86
1026fbb04397138377c538094369ab9166dbb0859f4717e433a0d476c8f6e583,Mirai,x86
10336a93fb29b96ad3a5e0d2278b0c111dae8bb1452a6ff6e09b4e3fae4af847,Mirai,x86
104f7d888084130b142e37e276769a1ca209e9ea827ceafe28066024458b259d,Mirai,x86
1053541d3c25d34fbda0bfea9b0ab517cf997d60d0cfb85fcd78cbf00cbc4ee1,Mirai,x86
108e23f09433e4ca0e88e884c1eb3a101febf9ec1cb3db47084ac3cc5489bfec,Mirai,x86
109bfa411488f3de57a0c1767c19ab19b8afeb3408401a932d01e2d202d1286d,Mirai,x86
10bc060a106c7f98addaad362d39f7392abe06912346350d75cc763b9f8df682,Mirai,x86
10d62d7a98ed12dfa42e47501a51029ecfba3ac868b9aac5ba8ab2bb2cc28be1,Mirai,x86
10da38a20f3b6bad185f489693370917a6ee80126eaa0a42c0946508a86cb58a,Mirai,x86
10e8cafb42fa0b49d383d602a3599c03f080816f6e8afa82a712d6f1bfdfb91e,Mirai,x86
1100fb280e32a66cf06adcd0f1f736ac17994a353ff78ccdd94403d24617516b,Mirai,x86
12045b0cb71084420b86b317fea293801e0a290dff8200e2089ba09a3ef687cd,Mirai,x86
12056d6ef7694ea361c58ad8985c4f0a0d0afd21d1489d033b71e59761b3835d,Mirai,x86
1254cbd7eae12863ae587fab1ec44ef66643df08a73019517fc70aeed8c6aa14,Mirai,x86
1261a511c75e8cc1caef404537381edc476d0fa18466ce7d0b9a021f14004952,Mirai,x86
128d1e2464ca4fdcb30a865f9e2fb6b4e601abe4b35cb753983603e4631ed5d8,Mirai,x86
12b5c98a2ca2f8e7b38d2e693ecf01318dbc7b62be3d098b9cb24ffea525ce43,Mirai,x86
138896312410b0fa4c84cd61070f364f7379a792dba85f5556abe18ed147346d,Mirai,x86
139a863ba88bf8ec7e55bd56d9c742da7440c44c260454d9c34d52e050761591,Mirai,x86
13bc97f25c884af0d69a234b083332075eb49123b4c85124e9674334eebbc979,Mirai,x86
13f824fc6d7d7bdfcd4b22cf599f6ba9f7439119d7dcd8ade735ffbe4aa70fa8,Mirai,x86
140cc4ab2bdefe1fa100b500b3b1a787f0e08555dbb3345c944337fe1dd91b40,Mirai,x86
1418302103c8b172ce8777504ed18c8509ee3f9ef7902767c68b601ef49f4568,Mirai,x86
1437775b3efa37d87df948ecce084013b24c1698d25dac19b35fcdc31259d177,Mirai,x86
14622c96d19d0bb5e95c59acc228820c6d9084f497bfea5648cb18719cb549cc,Mirai,x86
146ce300419273093ac79a742790458414fa6d06bc9a26bd3b7ebb6f0090bc0d,Mirai,x86
147a1b9704a7d95ae3950f3b50425001abaa408d95e32b6ae2b7189855a7b830,Mirai,x86
14aab1fdb2190fc89de8f2cfe4f2df32f9ff8818cf4b05ba1eda50ddd6f052a5,Mirai,x86
14bad674a79163a3244e9bdc2f7c7af76ef8086dcc685e39387f68f9b9a246c5,Mirai,x86
14c9cb5ea81a725ddc34671c79e9db4ca7f8c62650068c8788133a76663c87f5,Mirai,x86
14ef0122e410a8ed1182caf276ca5a3b92c65085879b142c845ca4d67677f371,Mirai,x86
153d2fb9112b2316228d88f2b463cd534e12ff561ec847d8a5bea3b8404f9e15,Mirai,x86
1584dfde7bd0095c726c23790b6d98126a4fcbf1fd2e81ba2cd57d6be6f7461f,Mirai,x86
15d081125988fd0fbc3a94072247bc629b69e1ce9d402a3c20db4d1b2583f6c4,Mirai,x86
1606fb384f6539fcfd40fb8a5a39ab43efea8cc1c9c76668732ff25f96e4b089,Mirai,x86
165f635955ed84dc00213916eeac15e5f53f1d276e2177511f5f6911964d8929,Mirai,x86
167efe997b40c9a89975982a16d8e1a3b582733eca165edeeba6a2d39ffadd78,Mirai,x86
16a34c280945671d98effdcc0ead2d0502c92b67254af582e49c7764771a9c7f,Mirai,x86
16f8bcc4bf8338293d45afc77c24ac86a00eab6657f2d97b68381edd9eb0ec4d,Mirai,x86
17039646612f66fd0d1829e29ac872e029d2a7423ad4d22717327fce9dcf597a,Mirai,x86
1741bfb511b6bfd6d23a92979e59dae3edc513731d7d995a2d4a9d213e66d68a,Mirai,x86
178da0358b4b16b37abcf33b3c0f74664c16338a20da1a5fa5015fb69a147902,Mirai,x86
1799df24bd65116af63441f18062caf7654296eee8db878f774d51e25be43c3b,Mirai,x86
179b689efb7e163ea2b6dc6967e37300bbae60d99d0a700f57cebd24cb7d2789,Mirai,x86
17a29e15adc5a554c22b6223543459b45c0fecf90ecfc66c76f6cc1099b732ff,Mirai,x86
17f02a69af614781044bf96af20b4ebf6161e0fa3e2eeeb979c5e9c0cae65c5a,Mirai,x86
180a6e7c87439c14d0557741ac8acea78adab0303b17c701f2634c531dc36ace,Mirai,x86
181d7269562e166bc978a44ba56669de066cf137e2ed9cf9be0c2d654c0c4cf9,Mirai,x86
18222c09a6a2d2373204a968967872b0ffa8addcfa76fcc027c81757aa8dddc0,Mirai,x86
184726be4b13d36e7e5101009cdcd2ba59a63aa782ffec6cc2fe93419df7d838,Mirai,x86
18800c3016debba4e18ce5d73984d6aa0c45962f8967cc9bd7df611d51a5be1c,Mirai,x86
18936aa8f1cbd182bdbeac3b4f40692ae38adf3b153576a2c241fbb7c3f8404c,Mirai,x86
18cd8c67494fd0312b00952819f97e7e3a196ea0a7030f28204f63b014d67212,Mirai,x86
18dfb6f719506c38f7175ff30e14780739250fa29514ea95201e2fa8c721445b,Mirai,x86
18f7e121445981762556e611ab39ebdd256d28a8081b619bd4c5a7f39aff5fff,Mirai,x86
194d4510e4715bccfa78c6d2753fdefd63a0ffb00f45af3a4055c48b7bde865d,Mirai,x86
1994afa4d4cf0b91df8ff8be5e3bd724106f420b944fdde720e66117cb7ce82c,Mirai,x86
19a0bce7afb07ad82f07f13ff1465559569178fed06fcdc426188a55a4e85d9c,Mirai,x86
19e030edf5b121d1e6117d08270e55cace2c88e12d2e63d80d855e9b7fe30cb3,Mirai,x86
1a0e5c4d6def5c4596fc63b17a8b154d39b616fe1c644ee6d1c340b1218be162,Mirai,x86
1a416e101896519d8d21f40d40b421a506ce8c654c270e29f2d6cd8bfa1e5090,Mirai,x86
1a4eadbdf5887d73133db17f481ae21c01a18edc6a1b289ff2d420a2bc40e17e,Mirai,x86
1a58110f6cc0684dcdbf066e3a844bc2220fb3ee5961deed9878fe25b1295b52,Mirai,x86
1a5acfbd8486b2ea3355ddaee653f3844e7d82bd338fcd993fb7fd1ba4a93ad5,Mirai,x86
1a79f1f690223855394be9e6041b6570f0cd897788845dc1deb92260c9439c22,Mirai,x86
1aa3174d988b4c088cc875cbe367f5dafdc5c50fcba42133be15a819d3b856b1,Mirai,x86
1ad3551fa4a539ece195798413a4b59c6e0ad649a571354c5ba3b2dcf0c925b8,Mirai,x86
1ae125f5d1f6476f7154cf51878a87eadf2d5ae34186eb85142cf6bf153f745d,Mirai,x86
1af81f587f1682b72cbf4f3fd5bb1b7858f16de523231d8205581915dbd470be,Mirai,x86
1b22055384ada420a22e849da7da5890a2da1c43db0a1530d42723582a27886a,Mirai,x86
1b582fc629a583dc1f78aef3354111930748d1663335c58243c47febffcaa1f2,Mirai,x86
1b6b0675b41f94dc06a247135d8d9580978eab6130495f0ee78c66fcac889ef9,Mirai,x86
1b8fdb405e15e741b1a58ff291ff9544dea579c36d7170af51f7476be7309a72,Mirai,x86
1b9973792137befeb44ebbeb9d32c29a9da574553ede580fa71ac7fedeac27d9,Mirai,x86
1bb1b84b17e603aed1aff09a69e1eb9a18e51bdd966737087e151e9d26c79e87,Mirai,x86
1c06008acfe34b4f990fac92d82a7ec0a26703443adee63b73c257955bb22f24,Mirai,x86
1c2eb00c72a7a3ba6ded342cedd728ea45cb8102c503b5b0bab80551bbc5db12,Mirai,x86
1c408cb20b128eac2bd2df69fed3d8ea01147df905f1052e8200181f7b95f498,Mirai,x86
1c54061d9c780828b385a810aacae4ab8477fdaa0195758c261b6a66140b5fae,Mirai,x86
1c5590f1fc32fe443f981e119dbde036e39c398180af986e8b8859fe51d35560,Mirai,x86
1c5e4e8b200997d7dddd0a5faea70ac947f5dc94ad2ec0ee501f91eb30bc7392,Mirai,x86
1c61febe869be06a07203b6e4171aaccf8eb9b1b8398c3800a217fe320d2ae7f,Mirai,x86
1c7289e8d036aed307cb0e61af48e0a641530130f313251b84582406acf78d39,Mirai,x86
1c9730d359631686ddfecd4479f26bf6ff96daa1e956558906f69bcf81eb40ca,Mirai,x86
1cbe0cf088463bdee5c670150b5a33ce07b8083c14b3f8276ec57268a32210f8,Mirai,x86
1ccbeafb9066275d4637e1801e036bbb2bb18c376c5d6edf08423b36508ec315,Mirai,x86
1cf06deb3e424544f069d100d77ad6f3446c31980bad3b9d94e49d3af5d24775,Mirai,x86
1cf84f01c554b262cdca72fd7bf9a244dfbb20dc16e1768b662444a6ececc7fc,Mirai,x86
1d3a1d733e419679b61da6059bccc93b431266c65ed6870d2933056669c34a57,Mirai,x86
1d9bed16115cf2bd6a2dc68afca14662ce1132f7f55dd9ed4a0fc709b63fcc6c,Mirai,x86
1dc4f0e30ecc4855a5876dc892ff863f633c2ae046cf73e254ba6b8567da56fe,Mirai,x86
1dcc3ec08a52befab9b122cfc1b721cd43b8761e799381c78719e8d32d186c47,Mirai,x86
1deaf1b6ef9a663d24bcd826d02c91a04dfd528bcdd9693398db11852de0286c,Mirai,x86
1debeafd3aa2a777626fcbdfdc14a9e59fba6b111237fa9dd616e114f5fad89e,Mirai,x86
1dfc919fc21267bced38b74e67df86214127dc4f35ddc67bd473d9c4384ef6c2,Mirai,x86
1e10025f946c0fad3eac3127b454960ccd0eaa90319548329bec3aaedbe503a7,Mirai,x86
1e481186201e0ad4f37f036976ecbb924d615dae5e8815b259cf5284791e3350,Mirai,x86
1e6b60051613a7e97579ba332b81c8da68db32a90004674a3c6c9028ad18867f,Mirai,x86
1e6b913617a300dbb6eb6d1318f8309bc539f789b1c9b0c0c3c92b4340daa229,Mirai,x86
1e77a4ebebf865f4f3453a99e6beea36973f53e8b7995a135ea7c8ab149b8eb5,Mirai,x86
1e79557487fcd029fdd9911101fcb54a849cfdd7244d4e223657ce10ab02c2ca,Mirai,x86
1ebe7739a9873874d9aa28d9996ce980d1b295c9ae6cec0e5b97d5312f54b589,Mirai,x86
1ef35cf4d385f2b4ae890dfa21ff6aea2b6d629e1bc50e10dcd994941a2ab592,Mirai,x86
1f2f6e1d3daa5ef0cbec03509b36d8d8a76ebf1ced457a3e6766e58c54866fa7,Mirai,x86
1f5bb83c45877db53246eebee04397061194996e88a1e8dc49c002840a7d0598,Mirai,x86
1fec75788a1b066c5e622aa342344337e4429e0e3f6fd0e01ac5deddcecb99ec,Mirai,x86
204ba80ec389dadfe00dff7bc55c54e20c63c0b397b918c65348313f37584755,Mirai,x86
2078fd236fade0ab38c2ccba99fe34bbce650895cd8cba8c34e0f8487837b2b6,Mirai,x86
208abe3307c0d8bd3bb043920f4df506c9c0faabaefd93aa4856f2f6b9bff22c,Mirai,x86
20a07b4db22ce817475a493304c43ce11da00b3fb44df1e6a3aab9bf4286d0f4,Mirai,x86
20aca8860ff4f20615f140a2e453844fc9fba8ffa09947210a652f5b31728ab1,Mirai,x86
20bd898068299724cfbdf2d8449b0b3d973481bd1b1ff1e19c93a423a7fe0cb5,Mirai,x86
20d756ab900f0ea74171e1e45ba34563cd1c5412d297066c1c49c6a514d6d90a,Mirai,x86
20f01da74c4603c3393d07406ed176ca86ef41553367ff04c8b8e7a679773c48,Mirai,x86
210bace2e314c5adb8ce9f354a22951249fd250896dde200da27d00b4e8c5008,Mirai,x86
216381543849d4297fb99314dd7b3fc99a334cedf7c50bef85f52aff5df5e211,Mirai,x86
2177b3f3f5e36facfda426ff825c2ab69782cc0ebdf9f401190180ca28b3e8f4,Mirai,x86
2212f90549226b12ea3f904b203aa9d2b401d5c36e38aaa84590b19e72c35515,Mirai,x86
2217605be74d68d37dd68fc7b1b594c80ef7573e62a859e3524e4695beae882a,Mirai,x86
2243519315b67ece4532963a7a560392ae45fa69dc792dfa95b6770ee8db6758,Mirai,x86
22683da7608d29e64abb59d3eb730ed279629827fde8f03a86fa1e87f467b26a,Mirai,x86
226e4b2af28bb788ff0ff2f9eb81c29746d76710c626c7af2c75c4bc31528b76,Mirai,x86
22a909e1b1eb508534035e9b609783b6af359a7452000f604481bab06332b8a4,Mirai,x86
22f0673d132a12d784c7b9ddc20d2e7ed71c00f0f1bbcf434dc5df0e38185a1e,Mirai,x86
22fce76cd352ec3e6e5d18a778924b1bffc344c90ba61860dfc670b10cbdd584,Mirai,x86
2345df689e8902322ec6bc295edf6269f090e3475bae6596abd4f8753729718a,Mirai,x86
2349ce98c9932371bc75486342356d567aa5a65befb8fa0a007f4499ae451efb,Mirai,x86
235982f56750c7314514d688c965a77e5b6a91a029512a96941c8effa8c6ce7c,Mirai,x86
23661070ca42fa314e6159a1e95e097806f79ee47cb300f2bd54cfa62c7363f0,Mirai,x86
23c9d6a32e626c3c6d9302d7effa55fcda26d016c9577f9bf758b0350fd6207b,Mirai,x86
23d349e5a7c77e67c062c0e90c7754317bada96ac41bf292a230c8962613e67f,Mirai,x86
2415de77a9d41f5e1697c02a92c5319c985df61af9874210460af5e6c5f69b33,Mirai,x86
244b14c0a569f951b0679c889e239e37d2bafc89eb3fb574487459b2cd85bfed,Mirai,x86
2470524ff2a40a1eaf9ead78edda6f13a8ffeddb3ff7e3894bd8cfaebf9ef9f9,Mirai,x86
249399f5675bfe30a9336957886a75c2dc243ce4d25d15a58c7307d5e3f2bf7c,Mirai,x86
249715a305fb6d2dac0533dc71dc0aa2fe8f1063c56d07984f80996d9c9c5ba2,Mirai,x86
24ace2fab38d5705a8203eddac267f530e0b5533891fe09f4b7d47ae7b457d07,Mirai,x86
2507d16b798ee17b42c12225e5db971a01dcb72f3a5002b82be643d76f60f117,Mirai,x86
2582ba2958ec54c81f1dd5cd02238e47a06e974b92bb874fac9f92fd1ef35338,Mirai,x86
259038e525331fb9efb73f8fa3eb3c155eb04d187afcea54d8394f6b38ac32d6,Mirai,x86
2592038fc98c1980e79ea74ee92446e136f0dc0cc72c3cb08a942e929e52273b,Mirai,x86
259d7deb1c3b836653faf66821497289581f5e89e60daa7aaf385203bb9515b6,Mirai,x86
26097af26e52d8a004ded2c684a071391637ee85fd8fcb647e45f41c292285f0,Mirai,x86
26755a6f086b269ed1883fbe69f4c293692f83fdef18d7fbcdc863c52068aa6f,Mirai,x86
26ecdaea03dc5c56f795a97b141b1a152957bbf3dca05dcb8c5d8ae4e07574f2,Mirai,x86
26f99e13fce8e5723314a20d952437dc20f82ecf611adc63be669e67875c2375,Mirai,x86
2745276e271b2bafbd55742e217887bea8bbec92b7081e6ca6e11548209ba469,Mirai,x86
274c8dcc073a1e559082ba8dff71752a561019658c97676731938ac333e9bb2e,Mirai,x86
2764dba078e08010005a8ee8fd9c3fafd2662b03e8e897cb4679e1bb526d307c,Mirai,x86
2775bb25dd0c43cfd0a173ad7838024910a474d3ac7f372166bca76a5c07c84a,Mirai,x86
27b34bd433ce81803e36197da77076c1bd79646d4355aeadcd7230bf72e0c48e,Mirai,x86
2833c76a6dc1e149cfaddf79bb4b08322eb4cbda38b8a0091cbf6817f540870b,Mirai,x86
2857989b9a85f9381e1424e4bf1785a8338d1aaed97c94d9889b28a93a955fa6,Mirai,x86
28a0f184cbc516c66f224dfe11a4848fdd9f9715de822ff9079e1e9d6d97cc89,Mirai,x86
28f0f136c56edce1e78ece0a0b264ca4bcb8b6390e7e72682c1c4e0ef964ef77,Mirai,x86
291122390c1ca7a565b1dacd14f9d3dcd899dcf3af74016212bbfc05185c291b,Mirai,x86
2990dde2dbaec4042e0f1dc5f78b3ab59399a0bb0e10df285db40c4a13fb4df3,Mirai,x86
29b5030fcdc937d161d8fda4f74615e3868a71d42a83ce6c95a777776ebc3100,Mirai,x86
29e3f500778a946a57484afaafbe8a7b9b2a25d63816413e3e0e0e9152d740fa,Mirai,x86
29e5e0c24e60d11975dab5e0670a169274e6b936aed1e9cb1f2d8ba00fea2c90,Mirai,x86
29e9569a888b4d75d2fec639dd35edd3b2c8df2deb241f8f4ff8a4ffdfd76bb4,Mirai,x86
29fd0b97659f8df18b820df959fb7b42801b02c7492994f66899c2e5e73b6b1b,Mirai,x86
2a025bc398c7b3281e26afa6a4d0bfb93c627df94577872c3b7b82a179ee524a,Mirai,x86
2a6ae8c2320484d53685a090c016f7a25a829dd15b5958bce55e212349fd04cb,Mirai,x86
2aa43e9cd0e7b4fa2a120249afaf0e79456c64c21ef21a2dafb5fbc503120fb7,Mirai,x86
2adfb632fc699bab053112cc73bc25bf3641e03d2998c72133482672c8cd931f,Mirai,x86
2b86c85b871abaf88ca2dd4926bd8eb9a6f195fcb1073fbdd3fc47437e01fdd5,Mirai,x86
2ba934c64f7e9f5372d0874cdda8fc11b8d358c9f27e286a0b05b2c7fa1bfb46,Mirai,x86
2bff5c1b592119551bea8e692aa76a362a286dc6c547c26e5c6d02ffa6b8f01b,Mirai,x86
2c0fa9e3ca64821f47e5bff3299c61e2fdf47b7aafd1ef89d04c6f027f3553f4,Mirai,x86
2c2ba81ccf3b8f4a0e5b21a238bf762b4618af48250425dfaaf4a831d338db4b,Mirai,x86
2c7bfdab0538228a01a0d1dc476c3ced8a2d349f9a3f6b048046352b232b7798,Mirai,x86
2cc555ac12501c6ecfc64defc5d4fb946b2efeb021ee8db6d8d2d2ac4d09ae18,Mirai,x86
2cc559558030f01e203257f1b8f9aff1dd968f1e116fbedba30be92c051fc96f,Mirai,x86
2cc69be871495144c40119e659f13bf330e5ad02599a6753901795a04b2b8fe4,Mirai,x86
2ce87596b5c0f79d86cec293e9eb06726cb40e7ad55e0c78083e359bc99417c4,Mirai,x86
2ceda4b8d41b0e0066a795cf772f0122be3a31b0a35a6b18482f9a2c04581653,Mirai,x86
2cfa39c417e648445aeb33c87d3919ee247156ee5970410b3ebc01a658d3a724,Mirai,x86
2cfad9418c8558f2ea91abfacf2bded666f225d6ac96c0bb8b309518e07a9d16,Mirai,x86
2d0c0ca87280914b7ca8ebf181c1a5367f55042f85295b9462687dabc313ff44,Mirai,x86
2d1bc818fed8f12883f7f227d96586f874131bdf0a4269ad9100a16500bab634,Mirai,x86
2d26f1d80a742a0393f0b72dff1d32314562c17fadeb4a3462e94436cb61089c,Mirai,x86
2d51fc2f6c10e84b971aba86ed2c462ad54d78739348590f0b6bce2467362dc6,Mirai,x86
2d69eb378f6fad313fe43c3784fe2a9986bb9d1bd55e329fa87f307984a7dee7,Mirai,x86
2d70932de67e41da2b818de7a81005d070539d7b32d6a84c554b37455e3ef6c0,Mirai,x86
2d99bd55e214072de89be737ca7eb0970afe377cee91474e3b5b7ebc3b1d1d8e,Mirai,x86
2da28a4a1d4c015ee0eb9f6bb4f7b8210a03c5b94138c95baba9e4e2a777704e,Mirai,x86
2dc043ba8de75bc6b06ff4d6f61f4be099b868d854f927d0692456a1ccc12631,Mirai,x86
2dd0031b3e81b218624c3e7fca488c4ae94c9760d46969981a4422d572681353,Mirai,x86
2deed69532acff58cbd817333eefabfcc0b80b6a84c7920c0efd389ba76c36e8,Mirai,x86
2e09290b419a44782b9c389000c7ac6a95602253af16173d87b30e4e30a82201,Mirai,x86
2e2e417f823ebd786ca87faa223bb96494f590608fa99826ef3e408728affc8b,Mirai,x86
2e4f0116e8ac6b77a36a94727e6d7d0f96ac436b4e3cb7022752fef1516c5d33,Mirai,x86
2e514b73ced641aab2657f69d255f1fb1bab91bec0e7b8b183ffb18c1f219312,Mirai,x86
2e6601482514f6997caa9df3a406106960571022293b095f5c3dc597df97b7a5,Mirai,x86
2e8b5e0bb22c5bf3f61ef64d96c5fa2bd37b905346ed6e4ea580f75cd08f0c38,Mirai,x86
2ea0111f2c15673578f12a65755a41871e1a6dc53ed8b437cd3322a02f99b133,Mirai,x86
2ead80e78ecb75f706458a3a16a2f207911cf388de3c4b5feee596ec082b45ed,Mirai,x86
2ee03e53c79e6be9066325c0061965e24de4317c933c7bed5cc852e27d11ed20,Mirai,x86
2f634299e554ebb416255a1b1fc61f275eb4ff9c626e14c79709f39d9d0806e0,Mirai,x86
2f88ddb1e9ee5831f7ff01f9058d0e6a26765c3f46628c80d246e6da8615d998,Mirai,x86
2f94299173f09d037c39c4407faf234e249a9ee69849019660911e80a17a6c5f,Mirai,x86
2ff5f731e4aeaf4997e63982da6045de5e9f4ec363f9dd04f7e7ffa90f14657f,Mirai,x86
30265541cc66b82a1b795d3a76c7e75b22407936232e1a8f9f1cd3468a536871,Mirai,x86
302d47a448b2f83f5cfc73f9c08625da04a45978266504082ca72d06ff506da3,Mirai,x86
3045c3e2f09de325b63caa01f7c08e5662a909c8324dc79d0c1e10e3bd9a3b67,Mirai,x86
310264926a09027b668268fa0c418801e4828e92a6438a13bcab192a460b36f7,Mirai,x86
313cc9721952a8d8f54f94b10ebae9028ad98c3df872bb46b3732853ea154964,Mirai,x86
3156e07aa90d0bb8e467ad6dc1c5ac00cfc36b7134b1fc56df6bb1c4a72764fb,Mirai,x86
31935481ce3c69f7c275222efa5d8ea97a32337c851229020452804a6adba769,Mirai,x86
31c5ffca4eb495f9f3673e1a3a2a6373e872d6b825de70012794330f12190abf,Mirai,x86
31c8b46354df03310f0cafef45fbb2f8fb741a10f98c9aebcd52321b729b5623,Mirai,x86
31c9a78388989b23eca1b623b9b9c96488a3478a816f0c0f26c983984ab5d497,Mirai,x86
31cdc3d1acce7dee143ea0070c62eeca3c4dfee9164e0e5b883e552ee70a457f,Mirai,x86
31dbbd3ab63ecaf9dc043662ea1949f6b264f23038661ab25b2471a8b535213f,Mirai,x86
31ea16ea8f0dff42c66b60821689d659aeef0df7f9939c130b8ebf8a33759cf7,Mirai,x86
31edae86917f0025d18fde843dc6f5573b2a496ddefa4ec7b287c19a15d3bb97,Mirai,x86
325601878f349c2f0a8cb2bd40d8e59904452dee7023de132c5a21eff33e2d5f,Mirai,x86
32c2880b821f9ab4cc9e4d42bc411661adbb8c0c29ea44d4e3f814a4fc783f8f,Mirai,x86
334846387f1d45dbeb6c7b43957fe0abaab03bc98894a271191ada55ebb4946a,Mirai,x86
339f295a76b1dba49782c01baa54ac1af7986cf00a380133a4cf4b88c0e81abb,Mirai,x86
33e36c9deee4bceab045d77c57314b1853d3b53ce55a1af3e62a34a59e1de17e,Mirai,x86
34414b16efb9315daf4cb742ad3f6a163aad53d0110c7c4946a27053b182fd0b,Mirai,x86
3448f121a598c0fc1eca412782337ef1fbdf8eecfd8369adc444ea910b8c5592,Mirai,x86
345251267d03985a91e62e48fdb2364d6c00b83ef813311fefd1201a059d4367,Mirai,x86
3498fbc888f9ef8c6146ab869b4d38340c209f2817dc4bbbf932e37d772d7b5b,Mirai,x86
34b5e36f680ff915361ccd3a6ad8c7a8d4f9abe79be4550bbb1d2ed3fd6e1377,Mirai,x86
34bf0c7b0e18999f520afb8b1b9bdea77d8146d5654b404b6ffa4b20c16443c8,Mirai,x86
34c08f667cf72d1e57ccce5063ae89e426db8c2d8dbecd78b6f1f02073ea1eba,Mirai,x86
34e7056ef1d1cc0c6f32aac935134593c575177e3c3ccc5237b38373436c85c6,Mirai,x86
35100e9d0fe047cdeb556c5470b2bd861c365fcb0ceb3fe9ce9488611e8300d4,Mirai,x86
352ea81fa250c1fdfcd078cd840b0cdee86551c38a7b18b4d627d7c0162b758d,Mirai,x86
353f5501fbc547fb8d4559272bfb81379c10d4a6204ad0a47b06d6ef4395416a,Mirai,x86
355e1a82312848a300bc0d6e01330b030371b458a54b74be669e334fda8617a4,Mirai,x86
357c8ffab55a213f710d0ac1474a6a6e9bdf36f9d6a392f64c66bf9baaa9d0d8,Mirai,x86
35b89e7d362e83bc76061216a61e6491c4bdc9d83430c49660a2c1579b7dbe6f,Mirai,x86
35cd2674a0abd29d139167d776946b923e9d3552ecc26ee0467c97f6b1cabc6a,Mirai,x86
35f971dc0aabdfd6018a5bce9302a65f76f47a8171839c5ef74b245952b63ba2,Mirai,x86
361bb6d70bcf51a9c377dcb5231719368d26060ed31da366835f3829f06acb0c,Mirai,x86
362107bb7ed2d14beea7647aa561b485a1d7e47fffd5a483570b38aad29929d4,Mirai,x86
3647dc8bb26d5bbf995b44b4c95ef38cd4a39ba582107dbb44dc5f0a45f84ab5,Mirai,x86
371638a0806a11c0bb94da0ec6243ed614e1defc438739a157289bc103c24436,Mirai,x86
373694afdc7b078245dbd7a7a84f926e0bb47b3bd2eb4453b91b0c1cd0ecf127,Mirai,x86
3736fd93d1fdc34a48d0c8c2a4ef2047944ac7e855ea312fa79c8c03c2e31e7d,Mirai,x86
37373cfe73cc0457548b4d6e0f90949981c4feba45595784de871a1898761b75,Mirai,x86
37451a463f9cf8dbcb22655921f67f5fb733987924caa6db1b0f3792db2eb773,Mirai,x86
37859c672588959e32d40be264ea00d50fa02e7b951ea8077fe76ab133be951b,Mirai,x86
37c313f71d47db522fca07883a4c469e11792e70b6db2d5991ac1ce6d6c0d06b,Mirai,x86
37c86a63067a1b8c5651b1328f1d9b8254967d782a3c7293b9e2e3e183097e51,Mirai,x86
37e5b44e690d4b0428dd7aec74c8438322c31eda92b3f655d4e5ef459e11a3f2,Mirai,x86
3803bbe38f4de6dff69a4acf08870f2be4a46ad361257161e3a8b280c670666a,Mirai,x86
3856d6e93239640a00ec246c54d62b8e496712c3d4315a082a0d9e8047a0b800,Mirai,x86
386ea627a5811b8de9a283a21abe092ca1bf5e14b4faa13cb2fa170d7c0e28b5,Mirai,x86
38887dcc26bb8f519dec2b6e1f267a1fdba380b37284b8121cf03096d5278cd6,Mirai,x86
38ac2d61d034610fa7f3f3d03e8bfd6094cb2eb176581835051650dbe2133ea9,Mirai,x86
38b2f7cabb3eff70fb94538b152f8008657b9b23f71d0b327d3ffb57bb08f324,Mirai,x86
38f154373f342cc7042ef8fcbc4a2276d8afe7cfda016a7f5abc85df0e479cdb,Mirai,x86
38fb0d94f0ca060b71cd234a6280ed33234eeec3ea2a60db1b9f80f2a61dd468,Mirai,x86
390d728ce68a2cd0d1f93bd24293215b45a34a5940390138d8a746de3a93bcb4,Mirai,x86
391edf72fa5617bc7e600c541e395b680922b9b255006d504174bea929049aca,Mirai,x86
3947c284fc822c824fb6efe8eeca338f096d62b96cc1b447708df115965e8ef1,Mirai,x86
3949c46488bce6a7934ff020ff1bb3b7977654f0f268a2dec92a66b341065e7f,Mirai,x86
3959fc4923bebeec0098554bfa675cd5ad99f5c7be62f4756fa72922547c226d,Mirai,x86
3967a75a30f1e3714be2341fcc38e0e2e0e9d5326e69c4e54ad882c54b3d030b,Mirai,x86
399cea62c467a952043a3e4256cc2c76e93fc2cd76be70064e964ee4d124e729,Mirai,x86
3a05e71ddd236d436ef19f7bfb41e2de437018dfd55f5c107def45f4e24e9455,Mirai,x86
3a3da274c151de8ddf0bcb8dfb236619b8aa57d1d3cb11024007c2a205caaf4f,Mirai,x86
3a4f9adb49abc9b8ddc4c721388c667d505e306796fb91c57f40582cebcffe04,Mirai,x86
3a5a46c8742fbc8979745c9ce1f7d5047a8e00775f346b1cd5dc22f1557373a6,Mirai,x86
3a5c3f03c1c54ed04d990474e5a71ad90a9229905ec2be2a1dfe0bfed3443cb1,Mirai,x86
3a731e1bba73bf584cc2c8aefef29864b9bdc6179c31d4fb9732896c23523fb6,Mirai,x86
3aac21df29a042b93b5bd4ed88b035cfe1be62bf94af59336a562f797869751b,Mirai,x86
3aae11f772590dcb9576756aefe16d3ed2d7a0d0515503fc4d7fe65be3239e03,Mirai,x86
3ab7c0ec15b1162e830591f009e8bce6e4e472832975e3cee6b3baf7350b15f2,Mirai,x86
3b397fcf8f3568dd303efd217f87a291e672e63987f024062457ca707eb347e9,Mirai,x86
3b4e8677d2c14b21c16528567c4b474977783151ebaf988ed6e475c164c27a0b,Mirai,x86
3b60119b192b69cc62660ee3c3a62701f1ee00f23a9cdd1a3b9596e53c8ae53f,Mirai,x86
3bd36893ab1c64252203e31a629f93e92f2668fe92ce7c14681b1f7a6d440070,Mirai,x86
3c1047f8fd5f5cf6b786ba15e5ec87885fdd9cb2d9f7638b81fe93e49540375f,Mirai,x86
3c27eb1588b728ee09d8e129cbca81d2d66de806e9f0e411b0c977c96fd39cae,Mirai,x86
3c3187c90c7f06ec6f2034a81876cefb51bf3809ad7c14cd4420f52259518bd4,Mirai,x86
3c5c71eb6ef7216b2026bd1da2cb4d8af4234606bcf66d84ff367b126dac88a3,Mirai,x86
3c61b65550aa0d5c4075568766686640cff114725ca4cbf02c4a40e33e17e654,Mirai,x86
3c7c1a454c8c895f2193ed71947aaa2d48213f090b9318d4f45bae9e4dd11113,Mirai,x86
3ca1d6b3387601cc6330858515598b74cbd81c20b99059241b0631f75da725c4,Mirai,x86
3cb2640faacd14993f02396f6bbbc26839c538440cbeb3c2a8cdb7640e0f8e66,Mirai,x86
3cbe4e07b86d274531c60621f8540781939966d203f7fba6bce27e8e9712f50a,Mirai,x86
3cc13b53490267c9a18c74956bc0f95ae9ca59b06b390996ffa35961501282c2,Mirai,x86
3cdb04fb3492d30352c4a9b3f7613f7fca45c99bfad663e5653cc1e617165cb7,Mirai,x86
3d1abd6c5b8ecf77f7a89ec236c7d6e4c04832babacbf6ddfff0ba664a5a22fe,Mirai,x86
3d2864d05276ea6ff311c00d17b969c02d135590c8d7b854a8c285df4cba0a80,Mirai,x86
3d3e2067e0fd77b26034f526aac2f785e8f8efcdf2bf4b6135c1d8bb194da479,Mirai,x86
3d49f0373052b75db92569d5035e2c3eba5ecaae9817908186dac19ce745e309,Mirai,x86
3d8a0fb591d09f2dc4e2bf34c5ed8b1c291593bdde4540ed0d5c950f6926d67b,Mirai,x86
3dc2e7e14144e6bc991e39ad5804fe91bc8fc8315744535d1c825ab247463bf1,Mirai,x86
3dc9c8cd547675155f2b91458330a32ad87e013237710949c69c185ba3f72ddc,Mirai,x86
3ddbced313a4f1c9874a62a84741b446de1590ece58bf50c06e791c9fc65c18d,Mirai,x86
3e3a1a1559bdda8c6a8b5ea460b6a915a93dc70409d98e87347b11a03439a7c9,Mirai,x86
3ed2ac2a2d464c635326d74f3bb7a775f8404f343fe48f02a269121fcdfb1963,Mirai,x86
3ed703cc409092bacdf34cc1d8a12bb422f552106e8152ce9020f4efa7cc02fb,Mirai,x86
3f68e7bfb4439ee182b90b9c1353dbdf8f02ffc6a233efa35224304652d6534f,Mirai,x86
3f71d9fb3919ca76e7828f8c1acdb171b80289bca1b4e65ba7aa00a41e793789,Mirai,x86
3f7b419946b32ce5f4f3f2e85cdbc4d19e002f7b7acc5abd5bc08ab4167838bc,Mirai,x86
3fa8fa57134878f65d70b91a1d02cd4428adbbc0bed2504ae551e2dc8921749a,Mirai,x86
3faf53d37b908370311f6adc19c682eb4067d2fcd151388ff828f2dfc8889f1c,Mirai,x86
3fca05ed2f27583e1606451a192f4839f156bdefaf132f1afd80b4684a8ea225,Mirai,x86
3fd093486351fa5c1aec70cc7407214d15e2beddf538cfd5e030461d23913544,Mirai,x86
40065348adf6a16aaac9fd40135258c4087b4e25bf86552c9c1cbd22fe21ea40,Mirai,x86
401057304bdd4b7e0446a4a34102228f4e17634e6ce2e4b78de19a52a831246c,Mirai,x86
401cf02655b6ff1a0550d4ada3951f33a5bcbf18d030df7574e671e83a665dfe,Mirai,x86
403e603ffe0f76049c124c4801a94ebf3df092a151be1ddfd7436b25b1e6aaf5,Mirai,x86
40616e2f590162b347ec169dc783f79ec751dc61ef8db62ba985e3cc04a6c965,Mirai,x86
4090fcab845b8024b631c2256d2855327165465ea2f8d55bee12b0977c23b342,Mirai,x86
40c9166c81110cc3d65cb07a02887716393cfbf39fe82f94ffdb0bac5a48b01b,Mirai,x86
40da82983d464fc757533e71dd91e1b3be2c218076c80c705e5dccdf77802e74,Mirai,x86
40f9579120acd30103a187e0b6e9a571b1339df3c597fb78ec381acb11d83623,Mirai,x86
4197e1ead545b7629a6cab4ebc62253d04046931ffcdf830ddf6436473ed8fd4,Mirai,x86
41ea0345e50a9d08c1425aadcad5dfcaa663188482eff285336bc44518cce218,Mirai,x86
420657a81018b6006e5fc7208e9d4c7b69b1f03a627a2f4ed45a350bced33f34,Mirai,x86
42167631875c96e78ba6658f0b1de7c1b742e731a6bd4872513c80b9a290b616,Mirai,x86
422c0efc3359da55a76f1e3026da33b4989396dac7e60969998f4bbfe48ea57d,Mirai,x86
427f0fa1cf062f84064ae2cb64473e24aafcfb8f4ea9a661a67bd354e9c13ab8,Mirai,x86
4291410a9f5ab2261a71884bb0090eb8f74df32f7b1747fa1c58a3ede7d39a68,Mirai,x86
42d4ee033b9eec6fc9f1d4d08e76d789afe0c64279f39e6543a1b51985c0b4c2,Mirai,x86
43008772cbd2ffe4ea5078667ea69244cfad6b20ce3b25a3faa54aed32e40e76,Mirai,x86
4302f53098717105d8c579f167ac3d859ff7f08aff299b1c2bfdfe00d7df6cbd,Mirai,x86
431803b110784e965eb6a185534be9cb8e334679643945f0f535ec41dac9bf46,Mirai,x86
434796c435671353e68190d4a2ff944102829a3988f8905ec928c6d6409ad13a,Mirai,x86
4347d33007feabbb8432d9e5874b05e26c1420a92d758180d27f1fed49ce661b,Mirai,x86
434dc19c8510f6073e4b3c50ca2a53f5e922b1649eb49044bec9cf64caae8774,Mirai,x86
438dfcaf48e1fd8fe44d994b137dab0b3b82b86231c0bc95f2f344b0fdb8d9f8,Mirai,x86
43b25a69f2004a8e2638a7039bb87d18e459c1f547fad940487bde431839f2d9,Mirai,x86
43ef3259539d01bd20c308c5445b5061f34d7ae2793f88ab4909369ec7c3919b,Mirai,x86
4420cb5ede680f6beebe2c7d8c43fd0e1a85a2f0b5d3f30adc652d8c0cbe82a2,Mirai,x86
4430e37aa8b0f5733e2b44991b58742aabf158d531a5104a42c5f4160cd1bb8a,Mirai,x86
443d5e6de7351af30757e0f595e43fc6f06e3b2d5e973e748462bde9edbe9af3,Mirai,x86
446c50fbabc7dfbf986234eda10166eff67e71a234a208ee3fa9f72cf897cd18,Mirai,x86
44e2801423dc2cef95553238860e881f5b8a212aad55d725aa73e2fb1be00c5a,Mirai,x86
44e3a5743acdd666e75eac76726c7e667bf04119f2a153b0b4eeed680de3055b,Mirai,x86
44eabd7dd90315af68a8b940a09cbcbb2b35b149bcd832a7f49dc8088c2024aa,Mirai,x86
452e5cef022103681133816389969aee981c135214da32684799ce209fb66a56,Mirai,x86
454814e635d321fea4649698600691e4ee880e8ed1c38238eb0507b24bc13c15,Mirai,x86
456c45d637096f3715ac2313886c205e9fa902dddf0a08c366c9f4fd1c313f87,Mirai,x86
45980c7d2337156b29fdcc651a148beadc30e23a4ccbf96af6c691a5112aa2a7,Mirai,x86
45b53c05cdd6927eedef6fc92f9f251fb6652ed9d6b975c7033acb6b95762f51,Mirai,x86
45b97ceefea098006ddae7533a1f0268d3895a777c90be5881c6391c1f265ac5,Mirai,x86
45bd32a843326e0b984a666ed05a5056673dcfb437d91326e43562e6a7242f3e,Mirai,x86
45d0a5cdf179c4b15268058c851427320277b83ea6fa1e94790d44c766719710,Mirai,x86
46b4ba4f585c2954b84bb4bb85d85456164dce5ccf8a886a3096a42800bf0ddb,Mirai,x86
46fad879cbebb5dff433f674e6fb591ea92e2594c2e08f5c6141739fcb049fb1,Mirai,x86
473ef36072e249c2176dc845e404a9c33a621fcb8dca9a2d76d94bc939723e59,Mirai,x86
476415f93a9d26b76859cf9f3773be2e7c87ab46742c5c6a0a308e6dfc728573,Mirai,x86
476f7fbc925dd845e66e567bb6af396fad88f207eb88dacf0d14bf7edc18f12c,Mirai,x86
48065417aa4bca576754a45cfa44bad1be50d8ecba6bfd7cc9909b9ec7d39ec1,Mirai,x86
48375e9d21f1ea03a3a1cee83766b49bdd5ffbea762382bb18a89835f35ac651,Mirai,x86
489ea72f88af19a27a0d5fd340ee057fe3f4c877bbd759df6c4ef362de39ef22,Mirai,x86
48ed9d5e32d207ee9d516378584ef9232e10d37ed9db11fa6446be9ba307f868,Mirai,x86
492b52c5f09f7ffe7064e617b6648d3c81acb5fd122d889f14bc1bdd7a2cbaec,Mirai,x86
496f03313c3ed4fdd303398b8c3afb6db1a348279c87d275312bceee04388e88,Mirai,x86
49857a089e2b131bf84a403648886647585acf450068c0aec7de4d5c1cadcde3,Mirai,x86
49a041451db08df4706a486990e3ffb2ea5fb69205e56396078f745ace2ea1b9,Mirai,x86
49a24a51d754d4ff9d08767fdf2a0ec1f38a3b369868ef616c67c63aaa5745cf,Mirai,x86
49eec25465984e9e9370f5975d7bc02a49ab46d0b5fbbac46347034692e69767,Mirai,x86
4a252dd0c659bef4f015e83859f90e8b87d97f11d0a5b171047851acd6b35901,Mirai,x86
4a2b1152615bd42c72bef7c06a91ba582dd6116036aad739743fbf8390bf7534,Mirai,x86
4a3f38efa662b472b7e54496753deb8b06d1dcddd11b16c5a9129f1aaf75883c,Mirai,x86
4a960818cfbd106c037353c86ac0b02e4d6c7104c09521c0663183ae5fc9a6a4,Mirai,x86
4ab4fe63ed3d0b58f074c1517aae490ae58d1186b1e7907ae30b7428e567e5f7,Mirai,x86
4ada1844ff996d8c0e60a1719a53280562a0e003a946932dbb87bddd3c5e4047,Mirai,x86
4afef0edf5d0876984e73db4dd2a72e9d0b7459a9bbd2367b2e2dbfd78fde032,Mirai,x86
4b0a6eb051da32a646cbe21a0e2f76d14234746a92a40d927c500360d6aa803b,Mirai,x86
4b20c384bac27eb26929009591372267dfc5d2e4db1674d6178ee81731651b8e,Mirai,x86
4b223326181a66dd7005164faaf79fc60de9c282b5ebcbc9b5a0c5b835090cb3,Mirai,x86
4b4f335d86770cbb34a35e0d2a5d60567ca1f9180f7c87b5d24394692002f11d,Mirai,x86
4b92e18fe6828fba1d3c25c2624287ca2caab43705616c90abc80d4877f32654,Mirai,x86
4beb12afef07d5bbe0049879a09a72309e63f75cf8f3d11bb9f092f7c56b0982,Mirai,x86
4c2c15b731985d9fe4d8e487a7e6f25d8bd69c38baecc8bb852d7597f97af1b6,Mirai,x86
4c3f37dcb6e7333cc30d182e67c1ea5ba0464d3c8262a12dfbdaccf4bdb4b050,Mirai,x86
4c5329b081d59807742a6ab6015f3b6b78afef4632eb7dca99535ec08e56283b,Mirai,x86
4c66dbf58786cc22407081551384ea7c711c3f53acb8209e27c32472ff108d14,Mirai,x86
4c8aa6ab13ce7519aa1c1e051290d410e0bfa941bb70bfb949c7229ebdf5df27,Mirai,x86
4c98c47aa739899dd11603e9c77d09f675679953e91f8552b7858f5bfb369771,Mirai,x86
4cb95a0413f00cef7a7f48ff69fbf8cb11cd897e90b59050d526eb29c729e98d,Mirai,x86
4cfe6226fb317364dcb6c68f116fefacbff0ff2eb54f980422055627e6ab884a,Mirai,x86
4d19c58de175b57e1488693c96b58bac7b8237cb4fb53a576d84b21ae5206bd7,Mirai,x86
4d4e0a3510a288f8c86fa3a30dcfa8ddecda76d2dd4bb8589dad7783317189be,Mirai,x86
4ddc2d62daec52f9ab852501d7b409ccd9885470a8fe96e2302a6b0a942a1d00,Mirai,x86
4de2b00e462c9e62ec1bffc4fe2c61e01827bf4be7c7b4bb39c107b25119af9a,Mirai,x86
4e0f0c56b933e54b4851add5572d805cba771f744d23021769e24e27d091576d,Mirai,x86
4e1a2f9c7c083195dbe9474a04425784bc008292b7fed58578306acf833e9992,Mirai,x86
4e24af4de31bfbe75270e63c9602bab113e961aea763137bedc0bca5c0f66527,Mirai,x86
4e279498d1670b4a468e98926f3956a927c23428da0a7ffd3ae38e15810aeaaa,Mirai,x86
4e5367501ca7924acb2eb9bef9a91bc982f1d2e95e26c056e73eb9ee1f2182ee,Mirai,x86
4e8ad59b6fe4e7d8127d9885ee19cadc8bba51886f51aeba8f5c4a441d2c752e,Mirai,x86
4e9dd3d7c4cd56b64d842a833280ff1149078bcce0a89abbde732bff065d5f0f,Mirai,x86
4e9e4ed690f2729404552d032c5e3543d5431e175e90190ba31d281b4b69951e,Mirai,x86
4ebbd7701968c8772eacd8407998c4be35a6d486636e18488984d98c648a2de2,Mirai,x86
4f2e751d36fe933c45b39a747099012d151d5e6710bc5052bdf44b1b56c59e01,Mirai,x86
4f4147ae4db53f87d12b221c98a91323fbf9c88550189bb4176248de878fb237,Mirai,x86
4f483ba395bf1b6989401f9efcd2d4d24ef881cb8edc74bf351db2e406b896a5,Mirai,x86
4f689bb3ec56d8c1e0697bfefa1ee3434eb2a49e12d7ffd2eaab26f926ad50aa,Mirai,x86
4f75a1d3f49dc2c02f336c2058c39edda1fda9e6f71f1b8855b581460ab69a06,Mirai,x86
4f8222c38768f5098e434af80040c7c35bb53a22501c23e0081f064ceedcbb29,Mirai,x86
4fbd09df25a5ecf7898f6c8541cbb44d6486b76dd172b978fe93d063f4241cdd,Mirai,x86
4feb3712bd67a39f26035a1b276e473ad148a507cfe9118ec8e9541986e0496f,Mirai,x86
50211696477d9f84c4700b551322c71096d6cffa681e377527115323248cb1ea,Mirai,x86
5036306bec00688444e999ecd02c1d49064f0804d8ef5e08ef1bac2f8ff36064,Mirai,x86
504f2ddd8f273e4833a0449a45c3de5d12f055a6db6ee9f46d85ca42001fd3fe,Mirai,x86
5086c3f18a75fe0343e31340fcace60f323051b031080bf5beea002d6639e569,Mirai,x86
50c705779d4bc53067ecd9eac912b69176579b5799177ca9fd8226a7102e80d8,Mirai,x86
511963cc4dcb881c42dc09f307ac7afb376c781f1ee62bfd011e700e2c4795de,Mirai,x86
517b6ac67b75849c7e0e4d76175c997611e25fc01ed0d25fe92907ce8dcb17a3,Mirai,x86
519588dd279a8d0340eb7d1ecbb30b87a722398f69af59ea09b7bc00dc6b7e30,Mirai,x86
51a7bb74444c5d9e38890cf86fa90cb4e07f3417d6905ba1c965b0331947729d,Mirai,x86
51aa03bec163636a14866c3892e67d50b490ab180142630bf293965af4918db5,Mirai,x86
51aea98164354dce25d4445ab58f22abde320a919dcda3415caa122ef627c6df,Mirai,x86
52c30e3ac169f2269aa0adaa28233e9fe2b65295bbd435435f25757d4df24d6a,Mirai,x86
52dddb367ab06c91d65688d72b43bb5773c5594b9b64b93db44d2ceca5dbb1a9,Mirai,x86
52fed1aa1a044e30344cb5b4a6a810be5e4a5b9dc45a01f4cefc62af8b3fb992,Mirai,x86
532c67ca0c1d5a703542c845a8d7dbdd3c46264253dba0cc8ff63eab5ef54b6e,Mirai,x86
5334733d35efec464a2567ad896085715b6bdb1c1a21d7752431befc4f60f265,Mirai,x86
53396d6dde590edd75eaca76ff2613a7c44a59fbb21e762538faa8ebce0abe65,Mirai,x86
533e99b122dceb1f28219973dec275cc7a9ecdb5e00fda17bb89ae30f144329b,Mirai,x86
5359dcc13dad63f34f26640e8a7830c334d833f8f9bfef1374d136a12cdda529,Mirai,x86
538e6325d9a8373d4ec2bf62cb59bb48723f8c797d363375e3bd571cd4a75398,Mirai,x86
53bbadbc6380ada3fa577b0ed305c1766cf6d06047919dd1cb8072df10dd1def,Mirai,x86
53cd2656f4caf3dbdf415819e1732165062f126fc88ac73c57ef2d8f4ad9a943,Mirai,x86
53e8d3bec0f47f300b79d9f1e9445402c0a875460f0b50b724c2f70891d9526a,Mirai,x86
5405e5fa050611196830904233c563ba888a76bf3b19796c46534c6cdd03c01c,Mirai,x86
540c27e61f1eb3f9737f9b2673ade0d0b92039c025800b71e66b91bee55b9e0b,Mirai,x86
545d656bc451fc73d1de1449030cbe06a18a6c970e240aa043d786f587f3677e,Mirai,x86
547da149020e17583da3857b4f2fb8de1be4d1109b73daf6ede6a5635aeeb9c7,Mirai,x86
54bb2281735759a64512fa923924b7c2333d9b5a76b53fdd5eb6522fa0c54332,Mirai,x86
54bc6dc9682e2e9195c7d46c4c1bb06ae96a4df6ccd0ccb722a5e9885d17955b,Mirai,x86
554365af7e94a804fb57fd6b68f0303def8f69d6b5efa833d758950dde33c041,Mirai,x86
554a4a8ee48669b70d4af016d330739c387c5d850fdbdc331e55b69a1af11b64,Mirai,x86
55767fd0641c5790c8465ca57ef034e0c04634cb23a456bf34f53853173be8c0,Mirai,x86
55a99395dc2a7526b5c528e4a7db631132cf2ea4455733ed042db6870dbc8650,Mirai,x86
55b8b5dcb99ee7d28ddd68b27ade8f29b5e61903f4cb2c04758b6fc1e9377206,Mirai,x86
561432dd418f72dd5c1edfcb3046a79f8fe3dc069ca5afbcdfaa41c3a861958f,Mirai,x86
561ca3c6b6ff6de3e2af5a4a3a73ee9d96993074467ff5f2ea6afb0c10e980ff,Mirai,x86
5675748992cf1019fb692c3a3daa9958375bdab984472408959805e5c58b01e8,Mirai,x86
567af1bc5b4e12af1fb08763bc3080ca720c062556a1f165d981f70e41876a05,Mirai,x86
569420b63be67dda8f5553bec273e5da9875022db6853cc83e7d8ea97fc734e9,Mirai,x86
56a118bb912b25560b86d086452e83f5fdf24f81e8b8c9629fc0e3c8ebb25c83,Mirai,x86
56db6eaa2bca413b222fbf922effa3a84f54bab6f6fc26f36b98f2b66999b79a,Mirai,x86
571e6d7d43628da2db49b3bd5946f5d1a19bb70f4d7e9cddfb7d191ece347e22,Mirai,x86
5752b22d33818e99787506f744e0d713c512539362db6cb40203295cc6ede2f1,Mirai,x86
576638bde56c98ed0965a3d186e67f648cb2a23e669da3ec208e907204e4a031,Mirai,x86
5773936b717255c3c4e4c7b94c8ff6447eba88cc5e2390461cd39f5522257902,Mirai,x86
577e7c4f9c508c5625c60fc6fdfd21cfb0f94414aaf662ebf0c053581ee5a478,Mirai,x86
58b904fd149887a0dbfb69dac2eb1b8a0daa50e2d2a03a028e05202c4b398bba,Mirai,x86
58bc695c8e281addbc9fbc1bd05997b3ed5168c985a57b0fc24280140f1d2114,Mirai,x86
592ccb7e353cba4a892d30b9ebba87df2e955772af96878745024289ac1e3ab6,Mirai,x86
5960101c01b220489adadc4a798a32c07c6f690067821fc124ef1a45c4ce949d,Mirai,x86
59657b3f1a5936cf1079a2c227fb65fd465631e8ed6756ba4b3e9206b237f6f2,Mirai,x86
598805f2e9b3813a6116a0f4ef29a67564f5ca9a6565367d0d37b69bc36e108c,Mirai,x86
59abcdf3664cd8f462fd83f5bf9b4f864475e77d76e92bb641f4760ec98a3e95,Mirai,x86
59bcca2037e7f55f5fff9ff02ea3d4f5cc296ca73d4f3a16ace511c3d988d0cb,Mirai,x86
5a3e46f9db972197170b9a65105aa2f8dbf4a61564edfc9bfdf670d5f464a058,Mirai,x86
5a56e8031d31c3a0ab3471f5e69fdd29dcdb49f69a9e05d21c6f2963e887241d,Mirai,x86
5a7890282dc0cb13c926a805fa12bd1a659d733dc3b48b7b0afb786e8bee97e7,Mirai,x86
5a8fdef5be9bf7ba7a1f0ea0d3ee39adbdd350746f07cb2fe699ba4af89ae5d5,Mirai,x86
5ac4ab712ed1d7d6a8bfb03f28ee12d11d67d1ea7320737d64c8359ba16c6716,Mirai,x86
5b07446bd852df7f55a55ca0fde084b73cafbcd6c89f560b6b9e6072794af1f4,Mirai,x86
5b59caf9adf20142588d11a9c8999b8088f843fd9e92a8adbc000b79c9be9815,Mirai,x86
5b7df9147daaf481b04bd9dba6861529cbab67cf89bfbc21624c89d843929985,Mirai,x86
5b803feaf354dafb07ad09a82b76b5e8ae688a6416f00e42616ac6bf085c4c12,Mirai,x86
5bcc9adcedba532df714ac41d6a4b26786f95ad36d6c0fba3144fc29a4933040,Mirai,x86
5bf02c125cc209f369b30f28f87dcaf158ee4bb843d2565067c93ab2c519624a,Mirai,x86
5c363b01db15de5c79c38661ddf962fd57db4b31a33e9a4fcd3d0173fb399c5f,Mirai,x86
5c407b8e9da33e10258fd817232c078c8f27e2ac3c41f325582439e1d144cb4c,Mirai,x86
5c7bb83410654db6d21d34f9d86e73c8249a68aa04955f15102931f61d035df9,Mirai,x86
5c9c9e46589a52fedd55e14248cb792ac5a809b3855a1e4c656c4f4edd1fd2bd,Mirai,x86
5cb09d88287a137a7c14902bbcf288e2a307614f83545e0f8bb09689d7b03043,Mirai,x86
5cbae9914884c821feedb29fb1cc834266bf2f859954d18ec33a20441b16dddf,Mirai,x86
5ccacbc2fa7d85f6f437a31779db4b56d3b478960ee51bbfd617d3fea4511782,Mirai,x86
5d0ff57f70498ac12c276308e6d06f474a7107f5024d0c113c6e8b3d1bdc2d4f,Mirai,x86
5d3d9bdf75bdbf784cda0315c5416f287bbc5bbe304573f4c6968a249df8a2d2,Mirai,x86
5d63fdc66b0137c2b86de8bbd00df54f23d3eebd4ffcfc17a27f1fdc62070cad,Mirai,x86
5d6e890a7912d2cf1b05680c5984dd1444ac879459102bf6c6215e1515b26af9,Mirai,x86
5d762438462031a665b9bc3fae47d460abc4ee0abd98790ac57d8ba2d55b71b2,Mirai,x86
5da5141d44ea155e87f23b4cc7f332c38eab652e9faec87c7d874f2c87990117,Mirai,x86
5dab5367adf55ed226de2b33e3f9c7c6eb3d8e4644caf4f5146b3fb4b40368da,Mirai,x86
5dc1493dbcc7eb5fa6f0f8572d391c036680a0d260f0567d86f22e75df308ba2,Mirai,x86
5ddebe07832286999de9fcb5599584bd1984b114095270f9c89fae0abaddaf7c,Mirai,x86
5e06141a73c2ee9bc347002d61f4048c77165df2a177fdfd0ca28e6b7327dfc3,Mirai,x86
5e12c037c49aa193556ab4c8ec310f917255df71c9b2cdcdaec3e4d3717baa91,Mirai,x86
5e48c71f08950ee58086522a5fcfb8a5a6b774ca598a327e24389f0410ce1ce3,Mirai,x86
5e6c8dae1314ee1eb2cb772fd11e8cc9e51e63e7c8d950063aa7f9c2a12d3108,Mirai,x86
5e85f4e634f0b1ca7b9d65274a811d394f9351fe8b5bb6c82ed76901542b558c,Mirai,x86
5ea5e3fe3dafc8cb114852808b5fbbbb09702f7f0da04da82cbb8ce464d1d62e,Mirai,x86
5eb2ea89d21175eefc7911aa614f10b459d8f7d175f24be27ecef6d1b659dd55,Mirai,x86
5edf1c67e8e0de3a5c9c7e08ad82dd861d2ad1f2f5fe7e10eaa118a3614d973e,Mirai,x86
5ee802976cbd837a05490d17fad75401ae130f9ab7afbd4e3ab4cee027c0a4dc,Mirai,x86
5ef2b41d430d86ad7bd83c737f36ea3747ca9a7ec58d0b375db2c7f4f6e10486,Mirai,x86
5eff3f094d95b0bb54875d966d53e0ecdd306e6e4d915d9c99bd901f4c4cb4bb,Mirai,x86
5f061bc54ca28b4f28c0b1a84041d9a61597fc71fddfc12537fcf372303f30df,Mirai,x86
5f234c385e0e6ff4b084fe65904324dfda127d4f7fd87dbc0cb480892036fd3a,Mirai,x86
5f5c1b9314a6d162f4b5dd020a17d3fa807f3ab4a61270082506663af46de0c2,Mirai,x86
5f6f82faa6494e90a52c274d63b5006487883cf1cc1e3cd0af9a0946f80bff58,Mirai,x86
5f7ba5c47ff8d70a421e0013f916dac2d40a98f84b7390f54330fa62ef9204b0,Mirai,x86
5f9867baac0b1032298cbccb3a34dc825b7597a2921733ad656529a9d39a6672,Mirai,x86
5fb33fe3469d12a0ff4a4eaf19c78e00f82634012e3d72a600fb7516c47d1c72,Mirai,x86
5fc163c4f4571d5bc6fedd738cd24b803185f9126beff0316e9d69e1c3120c7a,Mirai,x86
5ff9d5ac4d59d23bbf48f9b5adfc9db86682c300d0572b9fc05943d00bf4b445,Mirai,x86
6040a7843e23ede23a3cad7cf2467fcbe7696535f3360d412e63aee68e90e62a,Mirai,x86
60835efb1eaef2e82c9f1baec798b9adf91970d3f0d9d42479a356be8d7a0890,Mirai,x86
6114ad023792f1117bddbba675868f524415a50546083a1cdbc8200b4aa68b1c,Mirai,x86
61809476d73635c072c614ab25082fa7ca3d167571c29cf7babd404aaceb1762,Mirai,x86
61881c491edf41da27ea209b4100d66c58ecd85621677758f607136be32b9bea,Mirai,x86
61aa71150cd4ae70c19fbb4d96b8f5f102631a61c38ddbb067ee3badbc155a8b,Mirai,x86
61ed24244fca4dfbdee062685d9b7a05cd097cd00a89422e1a9c2e6f90beac06,Mirai,x86
61f52f5a69229125eb14c3e4e34caae2aaed3b4e1b939bac39f595416023c845,Mirai,x86
620fdf8c1be24608014455e5b9cbdbd9267461ce63712eaf3ff876fe012813bb,Mirai,x86
6224b89d1f378177e48c0ce15db505c2508f21bf25726cba9945f2256e32e9f9,Mirai,x86
6258ec7e53e6e75e84f6b1de6f7fcc4cc4cec695dadf54217768f7566bf98b14,Mirai,x86
62643c5fb4d0c0c0f4ad6b0dc93ee77ba6f2925cfd8a8e1e5d9d76d01c751ab4,Mirai,x86
6277486c3d220eb36364f7d54576754f8a90df537fb60c182460bf53fb0dba8e,Mirai,x86
62a7a6a6df69df6abdff07d631260a0ce6053ba70483880e42c0b32a8fa8d963,Mirai,x86
62fe078211affd2fb56d33100adfa21b876efa5636388260be08b2c6154d54cc,Mirai,x86
63147f5222051ac43e263a1e444813ad29b50dbb00e66971b73065facaf39d11,Mirai,x86
635e96731079b73449876cc5cb72149321dac4649733c42e635544b7a8494a5a,Mirai,x86
645d611cff582f9fd66186ddc8326af81e2140a5189db99a69e1db90dc3120e1,Mirai,x86
6490d18daad2d6a284cd7b01039fe4eeb8f05596770d2e6b238443c34a186597,Mirai,x86
64c0909c9ec8547928dc5484561fc1965b5e2d7b135272598cc76882947c381e,Mirai,x86
64f74d94636aacdc1718a5ffdebc077d888c67d9a3f21d1c6b93fa36a72d4a69,Mirai,x86
64f9934d3a419cf3c4414a415ba75e7dbc8acabe096dfb682df798a9c92107d1,Mirai,x86
65242f01751e0cd61b966ec46da3001945e7738c4f14d7f31faaf0445aa2db22,Mirai,x86
65703e38b482033606407b43552533bc7ef3b142c9ea5041d8ba586fc06aabe8,Mirai,x86
657cedccc391eb29849155cb24ecd75531263f5338bc455c4bddf854fd597fbc,Mirai,x86
65d8e100ef23141b8cf296fb3d2b294900bbdfca6ae8081b9b55b849725a7edc,Mirai,x86
65db64681cc5928b41d766328c9bf89e220062a7268c98d8d58a49e34e8d9bce,Mirai,x86
6642b74677e4a53159906d25af494b5349e97f32f12a0137b1d71de05a8dc055,Mirai,x86
6675afcb5598bdafa184356db63d38d3dbb14b07ff84f68432f3eb55f67f3554,Mirai,x86
6679d2c4b4c6053823c0b67347fde76bc5e0ace444fb5c7969e074d744f5c251,Mirai,x86
66bcb813c824e770c402e01e703fe4821bbdf8d52dd86a6ba5548f8baee202e6,Mirai,x86
66d50ace612c557441f7f2a5b7adb3ec349e00ae3a0a047af6ae506d5ff25c46,Mirai,x86
66dccdec81b69c25ccfa292d8281a9715a640e45ae0989502190fbcbdcc19658,Mirai,x86
671607a6f6d82b1c70ad4c1d6d9ccee7d62412d974cb8a0a8ecdc66aa187a991,Mirai,x86
672afcf36a0cd8e625edd84b2558fe0cd5847039631c06fca15935f267977acf,Mirai,x86
6763783f6869a927687fa58d9251126600fa84b827e5da8fa23d4a7c61adf093,Mirai,x86
67adae29bd97965781b1d39a4e69ea8fd142c1100360e03b46286be97d97cb9f,Mirai,x86
67be7a73a5b3fb264925ed226d97909688c0f8f8806f7ea668dc655ab03de14f,Mirai,x86
684a51f4274918956cadec170d00d1ab9627326b8ce565b833e21d6c8d1e3a57,Mirai,x86
6850d617c81ac84d05bef2944a5c50f223e0b8d2281146150e69703da8eb6662,Mirai,x86
6900549b50623904534c6dc95e8408df52a219d44fcd1c433e5deb2e6f7712e8,Mirai,x86
691b85ece0d0495882650d72b14d032d319e7eef525627bf403f7bf6d39bcf9a,Mirai,x86
69670a0cd38fa18ed4af631702b32d2d7471d3b8ccac02eeeb34a621946334c1,Mirai,x86
69845ea299df146eddfa8b0d62e9c51915b5f61bff5a060d4b6181fb5cb721d6,Mirai,x86
698ad3cf447ed2c0110f86c62e869549a38928119723a378b265aa6e7e7913ad,Mirai,x86
69981247209ab756d7320f944cb15396b6818ad413930897369912982dd1e883,Mirai,x86
69b0b32c8d77891487528963e2b50aa616f257350816af8b367a6b118e67d7d0,Mirai,x86
69c7472dd630cc5819b735a2691e075c0e4d61e0800fe5fc628148ec0e4bb8d2,Mirai,x86
69f353e3236cc8c9688849c7afece719bf936042b0e65b3083e0c0dab65ef409,Mirai,x86
6a8f5009498f86897e1e9d4bbd13d9ae9fbb5a75ab2906dabbe11d9b54166886,Mirai,x86
6a9503cce99eded0e15e83923f65fdbc7d8e5de36cb6f1bd295090eb797bd56a,Mirai,x86
6abb61b704e804c5c6124603172effbf8d36e2480620a666d0062825be7263fe,Mirai,x86
6abb8bd573541b17548efcbc89ed0cee11783e58cfda85186f4c775fb8d6763d,Mirai,x86
6ac64635b08f309fbcd4f9c719d6e96d0da423bf52a0eb39515b95897567c105,Mirai,x86
6ad0841c0d9c6e5ed81b72c81df4a60c28fb190de3e0b4652ed13f9deedc2369,Mirai,x86
6ad54dfd6689c99811f80f1b1813005969bc177e500c61a7b8581d443e2d8e80,Mirai,x86
6b3a17134cc6a8510fefc4c121e3a5ad61409a4e9cf0f9b7b7eda7ae9e7eca88,Mirai,x86
6b4b4672fb821209f9008e736e2d4ccfef5f96d65716964d8a1dbb208a798e1e,Mirai,x86
6b507407fa37fc8029bbd9387a7aed31759426b6c54f64a49fcd5148837bafb1,Mirai,x86
6b6174ed4cff796d1482804ff92b75f9733d3230329ac4c2d27446695b436ca4,Mirai,x86
6b7326b4d2d3c6639529d35b086f95e61578cba65adfe8fb4f95e54fd628ff50,Mirai,x86
6b82b1d7c2e4321623d027f9dd3296eb8e5bf1434aae5f93f873b7720bf1fe29,Mirai,x86
6b9759e9d4b81e8c08ddaf3da743c5247053d37b18ab58b74e26fc1ce6744893,Mirai,x86
6b9c05094289580103578a9df0eacd8fae0c3936f9cc51ea274397f13f9c3f60,Mirai,x86
6bb34aea056245c6c9a5022478cab362050bd1556060e5df7c35665b94c059d3,Mirai,x86
6bcaf7a284061e74c05ad3f886efee8fca03479ed86f8b7976ac9943b85dc172,Mirai,x86
6c42ece61019283ac814ea32a9837968baba5d5e3323b834e9a27dbe502649da,Mirai,x86
6c67400a28e3546e91d77a352f972003e175cb794ca78472cc4556f9131e6703,Mirai,x86
6c7ea44a7a879579176864f6ffee26fd7947e180ff8263ed1958eec7d1e52844,Mirai,x86
6cafd0b11082ce6e5194670d0977dbd3b1e73758425534998fe7ae2c996a8ac0,Mirai,x86
6ccc69015c06c14cc66b27d02a5bab710ec19698ef94791a8b9ddc2590dad013,Mirai,x86
6cee27c4dac8166016bcf18bf06d5a9d2efcc75a2e089b3cfda3543fcc58bd24,Mirai,x86
6cf297ad37776102807774a0ecd070127a3f157dcfc4e0f79987816f24368429,Mirai,x86
6d0e04858fa357676690ed101828c7bc2992e28d9ec49038f55a39d6875577a0,Mirai,x86
6d286829e590a7f0191b53c2149493f650794acd1f944babf5f8daf21bdd33a4,Mirai,x86
6d90167b13a74aa44bab85f6d2fb1dde33694ae2257cae1daf35792b6057ed97,Mirai,x86
6daf385994f4cd0642d4708b425a8fdfd99fa3ebc65fe1e12d4980223b29fc56,Mirai,x86
6dc6c54fc2e5af95a96084c2e13071fa2667aa37f72d1f45b1ed6db3300d0ff5,Mirai,x86
6ddbc1e555ae5bf87edcc114d535fce8229299bd36d5f94476cc09332a547ba8,Mirai,x86
6df6c292bc0935e9f340a4ebc229b9acfeeaec81fce2bb92997c3ee8dd8754f5,Mirai,x86
6e02641edf122345f9facd17a964d2032f03f078d242cef5ec56caf8620af754,Mirai,x86
6e03ca3a91a1e42615dbe5e2c5b6bfe8e853c3351c677a67af04a43bfe300172,Mirai,x86
6e064b3a75b9e697d404447514a0816e4d687a7e17b9dd272e5912bcba22b00e,Mirai,x86
6e3162428acf62b07d22d825a23443188b3140d07a832085411aa06aa06f7b93,Mirai,x86
6e5b6b188c9a7425684da193f2f99e26264055e4512f0977b89247f2f0ec1cd6,Mirai,x86
6e837269eab1d838330a67d9b47b8124efc634e89df798dc8ebf359fb7bf08f3,Mirai,x86
6f18387f32ba1f8d6efc61e430a640cefa571fa0a74192ad68f636acf76702c0,Mirai,x86
6f43711578c1bbc224b25a79b50a10d33848b8064e2e9370c034fabb2d03f368,Mirai,x86
6f5cc3862d85f6df19e1f27a926943d7eaef174a7ce7a9e625d94a9f73cf6d51,Mirai,x86
6fa3968224c3b54c49b1f73f2a614c6b2819455bedbfbc8e65a25f5b8286d9f1,Mirai,x86
6fbfb4350010b009de8cab6b6d385f159c97ff9fb33777cc2f68dd4a3f0e56b7,Mirai,x86
6fee24bc23f4cc049f49578bff72986da251eca8412efb83b89694e925c55a32,Mirai,x86
6ff3a7500869fddac5834b493ea6e9cba4e1edc6ed21f26352a99d01be48d3e8,Mirai,x86
70364cf8d6a747700f5c6850693cfd18e9a75d5dccd42aeec23b0e789bed0067,Mirai,x86
7046847a4b8cc27532b91e7abb7616502d2d66434ffd368c87b11480c7dd0a11,Mirai,x86
706915ba45d6d78a92880212aabaa2c222d3b4a8259d3ed3dda357b62333c57f,Mirai,x86
710cc1ef01b59732c53b2a1166f0ae1e0b2031636b478977585f1ddc1d6191ad,Mirai,x86
714e3ecd2c27573c69bc9bc1928e4c3550a30c3bdaadf95cc63097903c0120a6,Mirai,x86
71505bb5cd586868fba5c564a3c16a1669de296c0e9aaabd3836ac9235de42a0,Mirai,x86
715dbef49c458a2cd0bf0fb5dde4e958cb416bcbbde1f16bad8c6f4904872161,Mirai,x86
71967594daf582a64a47b2864fbda0464965936337579c894920aec646345c96,Mirai,x86
719bc5ef1902097fa57d5c9f4e3147f518a3a360bcce34b0064a33ad52b5b623,Mirai,x86
71cce74fae87605e03e4c843e7219dd946e5c577a7db730e9f8f44720f8aeebb,Mirai,x86
72d5cf3f8dcfdcbcaceed6cf6426569b2e899819401a299548be69033d94db49,Mirai,x86
72e24dafc2bc9d0a0e06eac37d34a37835868b1e69a00b64483e313979b5d437,Mirai,x86
72eb29c051f66407e2e08ef8a76863443e6c033d6c9f0596235d3579562d108a,Mirai,x86
732e8daca7e84a277a4cf9eb2de029b6298f0801fa8f8cfdb6484c781c760bab,Mirai,x86
73618a35f44e26bc9befa104bf9e22161b3dffeca612b0b2e695b8797196213a,Mirai,x86
73eb5c9dc4991129b7e74b13912a3571bd58184ebcd60b2a15693dcbca381f97,Mirai,x86
73f17a55b8d0793cbd7e508a1c6b2d0c36f0569481dbc3f7b8fccd6032732fcf,Mirai,x86
7410c32f9d9e247b0c5bc373ce6999f261fd7adec092bae503b2a4ecec62f4aa,Mirai,x86
743f35d0ccfc2b86dab9e1594334342a8c47ed5595781c560fc947aefe0b2b7d,Mirai,x86
744647865b183f61311846578f1386bc88c84ae491762ef10f7343bd22474fd9,Mirai,x86
744c4cc7205e8cdfcde2059da19dae67d9e03ef7fdb5be5888a377c3f7d8e97f,Mirai,x86
7488d7df54ef208079feae909f497c9ea80c43435918d59a7a2a82ea5ffe9f61,Mirai,x86
7499e0cbd1746ac9bdffa9cd1bc2c4fefe9e0e6c789649d365a6208049e9aede,Mirai,x86
74c361584f948b4bdb9bd5b8c8dc82707e446808dc4203bb0f953deecc805158,Mirai,x86
74fe36808bf82ce726c183c51580eaaf2e670319248f36c02230ca5c751800f4,Mirai,x86
7503ca339a45eb13549a9af56e19e3ca5a0cc59939a0f5aa7ae7d9bf74d97274,Mirai,x86
7505491eb0d0850faf2bf41a334eeeb26d34c2474e59959f32b5392babb98a6c,Mirai,x86
751d2f6569ca9275eb29e750169e8687b5b48abad1e899a1457e4dec45e64db9,Mirai,x86
752393d42689c1633d1fc07692a420694a4e3fceea17ea86e5da22e7db5bbfc4,Mirai,x86
75361e330b858cee417696228ead5ca9ee7af70499769f7c6fac512d89f2fe65,Mirai,x86
75918300d12d8b674cafb867e031e42a4667c0b43dc30c6bb104b1dea1b0081d,Mirai,x86
75b76b1e7aa76fd30e8582484f74b0f8ec02385a2c7f143879928b2de4564c16,Mirai,x86
75d36be4cec7128662a714ed4cb4b7c3ec1936b9edd1c2a79c08c671b4190570,Mirai,x86
75ea6ca560935039327d1ef0d72d248265048833b3ec78e5ad72926c93f13b58,Mirai,x86
75eadbe8c2530acc8d218fd33d6876b836e26e8573a17c7de508b43cb70a9f6f,Mirai,x86
75fa8b4b08b0af365bedf1690c5beac4e5c743fffb829133b1a04bfddd67bd40,Mirai,x86
7633dbcb3b05107346e76239ebd28351130d45a0e65167a682b1f22b39de425f,Mirai,x86
763aebaea67f0732309fa81df3aec237ffca51bc91891aec9169f2b82f4d3f17,Mirai,x86
763e1b16e9e61b172cfef2d0a84069e613e706b5d91b72a7bde1199f210be30d,Mirai,x86
764d0e7d45ee788875a67652088a708d02c910628ae3ddd007f2a91965371b8e,Mirai,x86
76755d0148d09fbf842298533cad5448364776a38b9b8fe47741dd030f0236a3,Mirai,x86
767f4ee645c42fb377cb03c8dfdf5c3495a65428467cb5d7feb5e2153d92ef27,Mirai,x86
76ea725566c1a7f80e2f133fdc8e1a3a12da76fdf34ec13d3a15de90c89eaa77,Mirai,x86
76ee48891edf285f3e506d0cbb43cb3d02b8b36fbbe4fbf3c42ba06925b335ad,Mirai,x86
77564e20e68b757dc29f2d6f3e0c96c7471c4bf40ce53bd6df79de47ce828f6b,Mirai,x86
776214da5c7665916fe7e162f69bef370c807ff031d9b4079bd5c681e57b3195,Mirai,x86
77895382a63ce1d51f3be7c94500948a88aa07efe3d5548b3fd037fc7f8d8ac4,Mirai,x86
77941869784efb48fe7edb0dc2fe93c37052a4a0ec4d990dcccff9bda38bb6cc,Mirai,x86
77f0b6816a3541a86b9e927d80c65da5848ace9d30bea60a13a3185d287ebe71,Mirai,x86
78098a7cadc5e236e0a82f9a0e6c8301b9d9895a0b295c4eafc6059ddf73b087,Mirai,x86
780a084b9e37034ca4243095e722b9cfcc87a4216c62f583327d84e53f279f3a,Mirai,x86
7819e2587042248922606a5c24f728e643d83876b328f07bbf5998fc392e7d8f,Mirai,x86
784775d14014e3839e03cf7179916d8fe7d2994d4c6e84fad7f17dd17fe3ea56,Mirai,x86
7864f99081f38cf9c5adda1b49a9af7fd9a38be54af0b6d871b9bd1b4aa3c4cc,Mirai,x86
787454e3cb4e489f5fc14ce46314ad455a2fd225266269cbb0ef3b09a8d2bc68,Mirai,x86
78a3f76c966a07394fd3ae04efeb3c341db16c847dab7c800054362f9161e128,Mirai,x86
78a9fac8c390c1f016ea8ef75f960ab0fc44e6c114a1b3281f322fa0f044a47c,Mirai,x86
78f96468806ad9ba2aab18bd2fe6ea9f8fc14f38de48a021874512a9f5f2d546,Mirai,x86
795444cedf657f1d7286dd07e82bcebca7783cfb200c76ab7a8ae69e289c4b74,Mirai,x86
7986113c8d1054f182fe632f1d58834de2753650bca3660f259ba68806babd44,Mirai,x86
79f5331c37c4519233a2512adc6cfab4619de50ecdf37de631b578b002ea818e,Mirai,x86
7a038d5d4a9cb193e847bea1ee20ceae92e75723b74584a44f6785dc8ced6ab4,Mirai,x86
7a4d6353d563972786a0c49cb57f5c57df315326be528b3f987b862b3a746b3d,Mirai,x86
7a64860666cd02306481641d0e7331452cfb444e104938b182e698b4e6bc19aa,Mirai,x86
7a679ff1ebd276febbcb71b269f61c6278847fb8591170a5dd1f1e45163f5440,Mirai,x86
7a7744311bad110de6452a8d10c96eb2dc6c02e933f55e9d2750bfb05475b5fc,Mirai,x86
7a7dd3aa45b667563973fb07950a4610bfa8cdceb61598286a6a80773e119eef,Mirai,x86
7a858c4e29e8aa215d08af1d9540b21d52dc7651e51f6735049622e56fcba5fd,Mirai,x86
7a97bea960bc2d0873cf4eaca99b94b32c1ba2a4a5d0f623694c900926f97def,Mirai,x86
7aa6f51ec451a6443ce2e4070839e930fc58e28baf0d9baa830486f0639d55c3,Mirai,x86
7aa6f76c375c3adb6d42a21427325add09f5dec8ae4ad121482bc62647c8306f,Mirai,x86
7ab2e79dbec043ca04cab4e0b5937e434548f65cd7dc894f281adf99f9be6ea3,Mirai,x86
7acf46e76776b8a625ea0bac9e2ff54514b3103c095ee3a14e6fe18dced2c4b4,Mirai,x86
7ad76589ea5037884f5fb62171d614933c8fa87c508d500af2948a39599079b3,Mirai,x86
7adf4681d8a21a6c42c5685edabb40916b89c0cb54f151a766b4d7c9ed511a56,Mirai,x86
7b40dd6fd6a6e536ef51819230207466d6e478cdd8876007e557b28640fd8274,Mirai,x86
7bcc128e58561999a02f6f0248c5e700c0be8df4d0e4ac1dff0334a2d2e0cdd0,Mirai,x86
7c1acc0d102464f9a115ff702b793570398de6532544a644b3a9c8f67f31470d,Mirai,x86
7c3805d823b9a6335cceba9079905f814aab5d6f873d3da08f9c1fd367333c39,Mirai,x86
7c4075075717feaabafdafd5dd0fafa706facb061733e5f206de7d71cacb2828,Mirai,x86
7c698e4aa4593ac4e70e0c0029f11b40d9a8019ba6f4f481702781e9ba1f0674,Mirai,x86
7c899953bee8ed739a1199c9b2da12fd13d3798d2b3b469da3624d971c0af503,Mirai,x86
7c9b48ac8c25e12cecb2fac128048867f02715a9beefb0807b751a8736eb61f7,Mirai,x86
7c9db96702a706cd8b39431cc6ed8baebcde3324e479496f835019e9927eaaf6,Mirai,x86
7caed1d339624651718c18f63b00a8ed96b6e079b21346e89d99eb23229cd843,Mirai,x86
7cb609162ee5df14f214c3431a40441237b70cbd2949bb2381d387c92de052ca,Mirai,x86
7ce0ad2e954c1ecd34be318466b5670637d79472adaf32859703f8d2b0f47094,Mirai,x86
7d1f3d449b5a8289cab962df0933b70f1a53df69729a2b000c254fbcd88299cc,Mirai,x86
7d7925100ca05624e037d4f8e2d12dc22278290a5b61b771a376c10ccbe6af15,Mirai,x86
7d7afaf283bea1f5886b32afc89141919e1f94288be1755104bda1de9b7c672c,Mirai,x86
7deb27fbfa5f600b1415c601a377ffdde65094373656a8744272b9cf8bb345f8,Mirai,x86
7e1e27dd5cd774fd1e2ae7ad25c64c3148900db7ac4c63402fbd4aa2a74b77b1,Mirai,x86
7e446fd82045eea5c497ae36457a9d936ec7d9d0fc6600f03c9837d1c22ded1d,Mirai,x86
7e7439ebeb2e36d9a18dd9fc6c5bf61f7628e5e59c820a4853796eb1675e8d95,Mirai,x86
7e7cc80f8056d8e29405ba899d47de0a6fef826bc2ba663a4daaca97b56841f9,Mirai,x86
7ea1fe6afda8deecae4a9e5fa029b59d638983bd472d31e33bfe1c7aeeb4cc2b,Mirai,x86
7ee59b129aa8927fc6b3616c0b573dfe28f1e4940ba2e04d9a0f758e5725ebc3,Mirai,x86
7eeb9c9f8f265a159c7db34a9592679b3dd4eed11eea6576611102d3c3507bf1,Mirai,x86
7efb133d16c26d02804fb6f534cb8325541eeda5461fe527b356b1b2acb2d115,Mirai,x86
7f135704ba10115a962343dbca6d46b5fbc9605ee3aad07b15c26f796d2b9794,Mirai,x86
7f31db6f539f23bae6252393ed95b8e54d2bd84b30cf10df3e32285250b84376,Mirai,x86
7f5a83d4d72dae423154f76fb04b45f49e4c41bfe6788d02e81b99e241d4e7c4,Mirai,x86
7f82d0556923c5b7fe21325b7f275d89db8f7d4d50038344cc8849e44ba0a10e,Mirai,x86
7fbb48c63c4f37f04051c93c9fafe0d79fd50e22635aa40bcf6c3c9cd9d2ede1,Mirai,x86
801d1fa3d9764d8104221ffab5a985b3c90285b51d9ff7b3ae5ee8f9fa3437c6,Mirai,x86
801d2dcb8d65b40a243be92d7d379201dbaffdddd627111a1269735191b39728,Mirai,x86
8063d7eb1023d31f7da5234ba3f419629e5e8504abf20349984c7ab8000d1ab8,Mirai,x86
806ae17587646e4130a54fe20a14811e3e8f9d151495346c313dd0f2732b25ee,Mirai,x86
809ba7b33b393b6f60f4800f9cef4f596d1ecfacbbc8182c2729c4b0e75e585b,Mirai,x86
80a0420ecd344275720a31f7d3d7fd2046661b1fc1cb8dc37bf6930ff7501818,Mirai,x86
80dfdb571b930dfed5b82e07c73399e8d773443d69a7840a48dad038b3947a43,Mirai,x86
8110f28433e856b3faaa06f1467a7caf92839cdd5c9c7b20a67f3f1eb7f4895f,Mirai,x86
8122984b8957119c1e89a6fcd3f67130c57a51e45ed9683d60631d9dff890b69,Mirai,x86
8152cfed02cd36353b48a2d8c8878b260bf64dbc47c454eba4b53309e4ba7847,Mirai,x86
815dfe99e48db273a056dc14cf845213ed0cd1ba6383868aebe291bf490f2e0d,Mirai,x86
81635b31dae2afb9cda71ed8f83c4d39d59a4ad3e2aa7b6c1c8baa32490d73ca,Mirai,x86
8182100e7f447e61b1fbe121c783f3d71814c2080b2de25cf55ed534f80cea3f,Mirai,x86
81d5a1198fa2562349a4f5a207de439a4800dec4a49ae6e9ca1fc742e59f6347,Mirai,x86
820d0a994787beb28b9c57abb128888aea0b11e8f82e6fb2418f5c11434f7950,Mirai,x86
8217e1fec370553a41fe957db85118c07135e81bee65350b0e73ac50dc8df0b5,Mirai,x86
82331f1c58eff7731799d292f0066dc865803ae2035c6146d33d9fbb56313f39,Mirai,x86
823bc44739df6118448c792945d3c01250785ac67bbd6de695eacbe7c19ae7df,Mirai,x86
82686d896809a60c3779e0bf649daf472a452faad6ed19601d251bbfc03fa7ee,Mirai,x86
834592cd6d3186bbd6f5992bf39ef82e45a5ebc799cf3c17890b2128b67bfcb9,Mirai,x86
83672bdd7846c60f2e72572490af6686d861aed0e63a25e987268cfb740ca936,Mirai,x86
838afcdef529749516a7ec8880f332335dabaca15337fecb571241192b328eff,Mirai,x86
838dd88916781bd034e7875f90be55c56b07e182d6af84603e6f20172e3e8f7a,Mirai,x86
84111a28d2abdc36d471d4df81c0ca74030e19c97d8074c7154fb808859dfaaf,Mirai,x86
84478fd3db8096bf7a91c9a2e86f8387fdfab3eba62348c8977486ff7c008986,Mirai,x86
84a3af54eb9ea190a59c4c7465e16b5ac662bd6fb2e088273023155fb756afd3,Mirai,x86
84aed3438cc9126d50c145714b0d2903550aafcfb9c58d8f25cc79598195d1a5,Mirai,x86
84e2b03c53cd46d945814cd42e91390313e73e621053a4acddf175dc4abc6b87,Mirai,x86
850e40dd4062e2ac0a637051eab49e057227b9df50f15b250e7dc3d66c6f5c79,Mirai,x86
850e521298d2805d9b867a5bc65c3c0cf0d4f62918c2fb7c1596e72e3cb40615,Mirai,x86
851d5320e08bdaa1b9d6c6c093466498450b361361e930c26008f3a19adfeff5,Mirai,x86
85908a8d442c294ebb47dd9077af10b8fc2f5862cbaef9b69f1d2599357d2e7e,Mirai,x86
8599a85590a654fd655e9310e9d2c9dc09d8a1923e6b21df6ac187be17a8a864,Mirai,x86
85c1bc3cca0b02038e711dc8085872e3ac795e57fa19a5f60b0e16de3c6958cf,Mirai,x86
85e54df07c8a8ddda9628e8878d8c7aec536e61fdd8e744cea32cabadad2d769,Mirai,x86
85f3b6c63d16784141632602be6c9933176ab7a09db060700bce7fdf2b702886,Mirai,x86
85f750fb63a7be481ad177ff1b32d20afbd5c84a8e8914b73d8f5ff9a28b4a2e,Mirai,x86
8610271d44d091b4f8154d6034d9641038d884573eb2b3c71a87dd6fe78a263c,Mirai,x86
86d45f7ba39985abe1ec98479e23d906ee49d7364b667b02783a74085b34058c,Mirai,x86
86d83c7fde77249562dc13350c69e16648e09f55e75fafcc3e3ab43f29a3d69e,Mirai,x86
87055a7dac61399b9987eaf06f32161a51ecf55569f9fa3814c6e43d5dee886a,Mirai,x86
873d9033cd8d02baf0d738bcc4a28407d54a1a44da6fb67e9193d0109b5afdff,Mirai,x86
875046ca63d526d11f1f8dea289ce4650442f6c48e4cda4fbd7a9b27fcb486c0,Mirai,x86
876bf53ca6414ceaa51e05e4639ac1fb21bc322beb7a2bcadfcf34c251036e6c,Mirai,x86
87a670e2d3a215ecbaaa5bb65b920e49a99066a16a1171fbbfbb6025fc9b3ccd,Mirai,x86
87b038cc583d55b1512839a048598f588ed808e38081695475f44be31bd4c3c7,Mirai,x86
87c3cd5b1a0bb7848a1900ba2043d226eb3fab1f578b68ade2f2ff5cb9647d38,Mirai,x86
87c527c2226af2e7f62bcf56cd09f9173ffe7fd4d5028eb6550db1219187b83f,Mirai,x86
87f30900e392649f4d9a833766f01b3a4aa838f45310a19446886829be18c72b,Mirai,x86
87f4f40f5b545fdaeef47067cc8fc252637d5111c29abc7306763ea980c0c25f,Mirai,x86
883ebb6d820b2f829061a26c804baac9b2da01e139daccaf8035c0d95ea93780,Mirai,x86
884699a3a29e3e214f587b55849ad3447eaa6a7737050036afb75dd2600ab53d,Mirai,x86
88613a252f56ee859fe796d627c5a45dbf761ebd13c283d0da16cdc106aa1bb7,Mirai,x86
886b2131e49b217bf63b09dd685fec991e2d3da51d78dd92204dfb28f1af37f8,Mirai,x86
8877cd822c3b97bf5b29b0c3a55cbc99be60716ef501e4327006c45ae1fa43fe,Mirai,x86
8897cce99122376a3988fda2ffeef01884daf000f62f7ebfcfd496e06cd64b4a,Mirai,x86
88a38fee5d86bccd5774d892f10a20f6e072c177bfaa70e150aa68daf4af0e69,Mirai,x86
88ab4238c46f2841e442782430d1166d206b9e8c6fe056d10fcf21864e1f1c2d,Mirai,x86
88deff8553b1b7b6dff7afb8c9bc53f4c2ed392b530ac72f79ef7c82b28c03bb,Mirai,x86
88f929c2ebcee35ccba5f524fa1abda3f2e3eced94f189b5839a8938b86c51c0,Mirai,x86
88fc38818a0b0e00c74129139dcb1a5cfc0bd04eaf042069781e5745db974896,Mirai,x86
8949141e86a58ef6a0f2b866b95a3b056c0c5738399d8dc15f97166751d92e4f,Mirai,x86
899366573e547e47c0a243b18f15c4ce9699146b956cbf77e5c285be7d68d5f5,Mirai,x86
89d0bf6d2460f3e0b79a5a5face9433144c26983b60ec648ea2ddbf43d492f17,Mirai,x86
89e4e2399bc7dd0bee5d8c912cbe2a6e6be410138ed53b6e0da815d71c866d86,Mirai,x86
8a209384c895970d435da724ddd6cd44a50e1127251ab74fcc6d424b72626311,Mirai,x86
8a40a8a80ccc1155bee32a45bd38c27a31d4f66763f4fc7b74b5ef96289dfa7b,Mirai,x86
8a47041486bf35ea6f294e9a28333dccc4a064697d425c8474598982735734f3,Mirai,x86
8a7bb78648dd52e21303d7032780e2c09ea9bc5e36232f8c78034a83a2db76ac,Mirai,x86
8aa7b3adfc3dc98f77fbe593ac92a5ae9e1a105912f54162749652d88f4544f7,Mirai,x86
8accf7224127019926b7a2a67e7ebbeced64113eed562762ee4d2c7949bbdc4b,Mirai,x86
8acd1c0c847bc860b5af22ebf33d8c627d872aba2a7caf3cbfba4dac61e0616c,Mirai,x86
8b364199768f325a3dc30b4c222a43fbaa656e49492fde0cebd6cdf63eadd77d,Mirai,x86
8b3b4c2149eff516e61b1b4a46fe604061f8a419d3af0892e2cacf5bae0016ea,Mirai,x86
8b3ccf42bb1e07019c5e66db9111ab3fd077254e51a24361e5f75fa0f25b5af2,Mirai,x86
8b409d5bbf1dfef04108ce307dbba3bccff1573cd287e12732bf6b9d576af893,Mirai,x86
8b6f78786358c5eea3399f1419d9b7633e34d6f8fccf51f6f0803e8b9cc4be53,Mirai,x86
8b753870628a57337306088cdaaebffcfd0e0a2178b455cee03a12d2008bf21f,Mirai,x86
8b890d2536673ecae9a01a9562327e0982eeb1288624a90feb764e178c516606,Mirai,x86
8b94690adc011173c596a8e6dc72ef951d2b2181118f17825a2a8349a2d9969e,Mirai,x86
8bc5a4f77a4a511847e34f0e4c029001377c72f37e5000f90ac1c6a58fdb081d,Mirai,x86
8bf8f18b932fc24bb5131073760e0eb2a1ad639ffaf38d8b011d3e7a1ad22ad2,Mirai,x86
8c3b96c7a0cc2135993c8b02d60f019295200f98e36c69af350ff51c74188622,Mirai,x86
8c3ec91ebc17f9cffdee8e220d8cd807550a4fab3b60cc06ceeabde140966da3,Mirai,x86
8c44f68d3d44eba2167436bce8c8f785f9549951fa6ecc760cbe6ce06768ce70,Mirai,x86
8c5483626960e59af5606cfaa7314a9113b9e6c007a321bd54aeefddb6529ea6,Mirai,x86
8c74f03850dcbd4e415e05675b6e48a7c4400151576e7a322d1e7bd306595aa4,Mirai,x86
8ca9ba5d490139f8faf2f80779933058c9957b9392ef17e7793e21ba87f7fe1c,Mirai,x86
8caa475329d1ddc8f1fea10370489fcdc38f0cb716a10ad1d068f5c0376f061d,Mirai,x86
8cc1048be834f8370a0c3129486b43da0d94c4de271afe60c1efe3baf764529d,Mirai,x86
8cf1aaa7c6c4d27d0d7ab3d47505031e599c8a47feb3d6e3152a86dc6b4431e9,Mirai,x86
8cf6098b96a3c36775c06c96c3ea2f1b81a27b44f9cf8d1c380ff6af58b377d1,Mirai,x86
8d1c1ee8c1ff44350625b978781d5bbe5014f22522908fb465615a4f8f9e6b34,Mirai,x86
8d507e5358049fac355f4c51ff18178bb5847f8e008da6897f8d1643e681f922,Mirai,x86
8d7af93fbefc300b2662999a26d9c5d13af8eb87d12fa5b1d386c86fe670dd6e,Mirai,x86
8d8a09235be71bc2bc5d792dd621fc8cec019dab5b7897ba4ceff30899f1919a,Mirai,x86
8d913cc0e5aa2abe1f9bf0acd5fd44ac415dcc8ea045781019897cdb6fb2d417,Mirai,x86
8e0b47ac4c4570a649fc4e788aca3cdcbca090b2ebb8a6e12efa06e826b9df4f,Mirai,x86
8e29c091667d2552c0277f7c80ed84d5f6ae92c518c336a6c80d1ec69f5f3976,Mirai,x86
8e4cac22414859b0efafd672a73d023fe6f68c56eb7adde830a45a0383786a58,Mirai,x86
8ed5f16e6c19b867e0b1f6d395b337a6ee89538cb1b78c488f5839c311aaa41c,Mirai,x86
8ef70eb578bf29a8ef4aa48bc4aefb700f0586b4973f09a3b184eadc31020a54,Mirai,x86
8f4c3ce858086da6017a3084bacd7f8164e706528883b1bd35375405a4bf3cf9,Mirai,x86
8f5d60f0e71b599b733a27d5a5ba0ff91206f3e75eba8bd385ab825e714e7958,Mirai,x86
8fba8433b39be1b1f42dac86a484f4a751cede995651428b13844ee0682dab43,Mirai,x86
8fbc13b42b3298fc99ca7a9d37f9470f9eb9dc005dbd459b2cc374678ead7574,Mirai,x86
90106ee6acc4da83ba44ebabd75c5cb7afffc53e4c9aaa37580df8ce38d4ebc6,Mirai,x86
907d758914146479d938c1a8a7366a5ae6e4f07f827b878062b39658ecb41bc1,Mirai,x86
909df48d42585c9fd60a0712f14ffd28db1bb89e7d93eeacca3fd67443811e91,Mirai,x86
90adf9ebbc00bafc7ab286961803b8d99bb16bec99d114446cfc1306bd759520,Mirai,x86
90bd21babccc5d79447b0cd94d7b0c3d06d47faae37a97f1bdad7a059af752a2,Mirai,x86
90c45f1e71158108a155fcdb148a9946a868a873bac9bb104aec6b20067ab535,Mirai,x86
90e19556fa68ebf7fdd99fded94f4f8b663a075ae6a7752ff29fac43f6a2c6ad,Mirai,x86
9124e804cf89cec46d49a52b086f46e0a9f0171de24042436846ff9bd643e3b7,Mirai,x86
912c7c72ff916b7435c638e8c2406b90afde23125a3cfe910434ef4b0ccb334f,Mirai,x86
913834e8cd31ea4bea91e774c635fe641bca9875cb12e9e5f778578915c1e21e,Mirai,x86
914b1fd396717b02ad84afc8e3e9753a60d158f2961c7eefaa2a3954b51c77c1,Mirai,x86
91eee1c9a34ace7e5d8f42a0595de415bb191e467e8da08a89f1e3d1b0b49ff9,Mirai,x86
920d8ba367f6c5db37da7c27329f83b6e63b426fa73d28c6edda9e7c7b9314ff,Mirai,x86
923c530ec9a49e5515b8d03146d8a76e927354fe6f37bb5650bba7861daf288f,Mirai,x86
923c6640f70a7fd19e2f00471f354973740bff758df3b489a8f050fff625b3d0,Mirai,x86
926afbfd63a4d0d0f6a90c346ff1239afbca854f3c510ee6278e727b7862730f,Mirai,x86
9270c25784311409d5d476c116247c4e84cad67ce17a0cf7ff894f930eba732a,Mirai,x86
92b6e466d5e497bfa6c692b78ad4088ca2ddd2ac9eeda050d9a2b2379e2721f2,Mirai,x86
92c6bfc9abafe4c195afe34b777404046cd001f563d9d29e3582e26a9edf7cb7,Mirai,x86
92f4737f3122b72208590ac976c2cd0eefcf073f9697245e74db0742e8fe7c11,Mirai,x86
92f6cd19e82f97da06c91716d5ddd969d44ee69a4ecbf3a12bb897050e19cba5,Mirai,x86
92fc3a92f97add75f4c09066c9bc8bfd5524384b6d8e2ae1eaf71ff9f32e60e4,Mirai,x86
932f37e14d95a292b6dd2f140dd052ce1e697f7f16ce282aeefe527488b7b2a3,Mirai,x86
937a89f93d97b6660e3252ce97a3eb8756c1de75a675f29213962a2ecca0dffc,Mirai,x86
9396c24246b7105866feb042857e015d6faad9c2cdf973ca33b54bc03ad004d7,Mirai,x86
940254023092ace6dc627e84b173f19091b2307fde534a1674a375ac5d4d981a,Mirai,x86
940d5e58989045b050b85f26e643a169640c5e78492a2f6bc7efe3489474d512,Mirai,x86
9432f9dbe68b7c57c71bece4db450c5b9ede78510fc0a8d11d7ca766e0b19290,Mirai,x86
9439e335e34cc8df36975030d5914d7c3bc9c25e4b06a11abdb65d8a2061014c,Mirai,x86
94ac4d74f8a85873ed1f6ecfa5665a219c9ae86419dc4d5c057a10f676516838,Mirai,x86
94b835d37e32a72c22006aaa55b9a6f231bc776f695118b8d6976c321086f907,Mirai,x86
94cd662560827c7c3048e4832791910195d3d00838c2feadf7f614a0cb6c377a,Mirai,x86
94ce2f39043c9d7d163545a94fd4ddaf061e5075c04206c763e9aad453c26ee1,Mirai,x86
94d19158410b48b10fd6b9a782ea78bc0b8b55dd581e1cd51a0adaeeceed7287,Mirai,x86
94df6553776a848578faaba38ee5eda95f4a7735c807801b89f1eea784d94797,Mirai,x86
9530f887d9cf7e67c0f9397a053b54378340baea0f3343906fdee38750134c44,Mirai,x86
95bf502f3515249d2d97e09c13b473dda917de48e61bb2ba6b0eea5ca1754819,Mirai,x86
95d3c9a9f00090666a72d2ea8acef37adc2b5d8576e042e719d97013d809a642,Mirai,x86
95d46525f69cfadd4830742ec5f4b4ac6bb2f232e751753313daaacf3a2e1aa2,Mirai,x86
95ecc67054acbc666da5f7b9357c959da743328d046edd16978f88c704f83c74,Mirai,x86
9603840df81840d9fe0d695f1a7aae3988619d808878b33edfb9f2d7afe044fc,Mirai,x86
960db5c4c6561d9328279279ec910e0f8c4f6ede02d026ae8f785bb036b1ee60,Mirai,x86
9628f98bece476fa2df5cacee49958a19ffbdb1a72256d49d16e536797082752,Mirai,x86
9654409b9f0cb056d54e2704ab9dd960e86292ae2a98308441568684ab09b29b,Mirai,x86
96816791a349f64039f75dc9e657f4959b39fbcac2494fc4ba6b205ea6863748,Mirai,x86
96eb38ac51493a20e0f8309dc02fdb2543a1bd1d71c03ed823918f73b17f0604,Mirai,x86
9710f0317d5884fe29ee262b859442280f0aa797e3c57ce693b9573aff1e1b2d,Mirai,x86
9738258c0f0bb456e410d7586364b349c14e90f353eb16607899f0d6334ab119,Mirai,x86
973a0deb8f724f96a75585e0e75a9d015c94315c2dc52d567ea98093fd552d21,Mirai,x86
9756db0e7e057b7df777c9942055fd7cf59010d96af9637bfb35c193aad31940,Mirai,x86
9765b18df48c14e7625ddfe4db477a89cd0975091ca4367ba74d6966ebc01e69,Mirai,x86
978176f8510996377a23a0881b0f1b645c8b133a2a6282380be1e16e048c6817,Mirai,x86
980034a70ee6dcca2f625a509c824e8653b87c74dffa116119232f64490adf75,Mirai,x86
9814b74e5fd84fa4fab4d4ab0037d3cc3ca0105598e3d5003b58f313e13d608b,Mirai,x86
981858f0341e6d2ac8b30216c75272c8b696fae760fd3a70d33b45928b8008c0,Mirai,x86
988bcd7df97906d0912043ef704158a54cffa9ba624bec1ed0c91be4ace45edb,Mirai,x86
9891becc5077af6f6fa3f9de6acca8f6c6c8facc234664b9f846a2fea9a057f0,Mirai,x86
989853c03e1591eddf0515f5f94ac06784805a0a1cd1cfd2e08dd2fa2aaee50d,Mirai,x86
98b27e609186032ceb75f10d589d80fb12405a2f690c0437d9d65de77bfacbc9,Mirai,x86
98e0c4825759779d585a5d772f7679a8b842c7d1e08e1b580841df57de0da77d,Mirai,x86
99188362471cb324a94175d6d0bc5b85e554b541870a98a52cec554be4e74190,Mirai,x86
99365207b4f5b2cea1e71647642d768a96e8e859d868895e40fabf2218480257,Mirai,x86
996b5c2cb38272be410a56438a5a1af51c2ca132d8da466412d63000e8ce9393,Mirai,x86
99823157d4749a98be58309ea5776e35c3caed4a672bcd841e7c4e6aa1cb8f2b,Mirai,x86
9982aed9e6bbc48bf99287e08813e1c77c479e6ddc26bfc70942193a20fca99f,Mirai,x86
9a067dbc8c337b414c02e590dab79f332d0f1e9bb522ca863ff6afa0837d9532,Mirai,x86
9a08111d85f726243561f457a80fd2758c45701a67903bd7b50c6d7c07826c92,Mirai,x86
9a2399175aee94f641d7ff8249ebf2d154a7925e5a4c2523e367149f4a3fb844,Mirai,x86
9a2984b87ff7a4b18510a894d1d56977a23edcf346adc5e35bf8093c779eb0f9,Mirai,x86
9aabedeb93d07ab4c583ef000dd2dac5178ba964816e1fb658fd1cb04df3c3bd,Mirai,x86
9ac28b862a6c3d155696b6602360047291c539d0d546662f29592e05aa1ec787,Mirai,x86
9b5ab0c4a0d0feda07e16107396f798e8d59ac0adb887e701c52027518b578b7,Mirai,x86
9b683ebe3a969c7ef96600053af49b69cf3894958302f51e564e2d072dc17605,Mirai,x86
9b7bfac717bdf629f613acdc9685ca2d1632c8f215a187de73de18af74b1ab0d,Mirai,x86
9bdec01d0697f6e2b42d7f6ff19f6fd93a17e4c3bf46bb527c64261312dbd2b3,Mirai,x86
9c12459f08b5cdcd16ce7e7d5b6fcfcd7973892051d690ce13080f91cf996e63,Mirai,x86
9c49bcb6c04a04f9b187f069a0fae4ddf974f54dbd8e7dd780684d6602ceeeb8,Mirai,x86
9c617a842401c27d921dde4938863199a03ed299d1c15d521588057cedb78572,Mirai,x86
9c674eb2993f2a3bf1f1ea9b0ef7131879a035a0902d5f77cdb2afdf05e1ffcb,Mirai,x86
9cd382ddc13f227c375b4b42fd8e375ca034a3d7551e2d6101d979420c19ab4e,Mirai,x86
9d2e6bfe384c1deb59e1974e712bece2b8e3424261f94075d81aaeb0b6bb747c,Mirai,x86
9d5b74b837f6974411792505b92d67f7d6b0bfee10e4d9714445f78cd58970fc,Mirai,x86
9d8de0b80cae8a8e06baf04922b173e40031da545eebf059709f2e25c926b490,Mirai,x86
9d9d0e5a9aff239951a7c0725e37034292b1df078343029c5a3e7f5579701c21,Mirai,x86
9dc3d0c60cf1ab6fd9a5d58879026503171204464e0e14a5f41806b3e0d805f4,Mirai,x86
9dc3d8494a54127914c83159dbc9b2c81913c0ef89a49939adc07d5b3ec13c82,Mirai,x86
9e143f2cdbe7d14f593af538ba492f8718d5d3580f8f57bec0bcaea3863b155d,Mirai,x86
9e1b367b0fe9330def0926940a927504c18eb9dbe208b3e7ff2b05ff0d59ca1b,Mirai,x86
9e27136ce5a7a2b44825536d893ad52447ffcb14b45f6e650b13ade7308211a5,Mirai,x86
9e2c603dd04942a9af0499887d6a7e74f4ed8d346b2eea565ec27135be7a0d80,Mirai,x86
9e2f77b55579f95ee53df72ab8f3ad7d88f8d90c74ab5bc269d571e85543bc66,Mirai,x86
9e563786af545daab812cde19262228745c0d21a548d163b53e0a37459e43e19,Mirai,x86
9e8065d23f446949faf79012f628be980a37d67c656822d6e21cc7bb31cc298d,Mirai,x86
9eb46b0b8658356bfdd7f6dd69a02f98d8b0bb051c8e0883cf79d7082ada2b84,Mirai,x86
9ed4cd0e9283c968f3c9a7704a3c66d2a8622e17d57c73e2a22ed6594e145c8c,Mirai,x86
9ed75805eb8caf40d01909b531f9d84f91e49d2a766dccfcf0d58f4298f7887f,Mirai,x86
9eebd58ed9e7d2673b9705d28d868c032cba2084a7c4722a6ca7f9952530e6d5,Mirai,x86
9efb70d5d5aeb2ff4c0ab5e31cd8cc045c099b3e7a68e6ce8ca10f92cd27cf37,Mirai,x86
9f335d1c754ea93ab9864aa862852cf58c15109afca64f850ca6b3108a1e4fe9,Mirai,x86
9f3bafefa88f2f641dcd2c96ec87d3c4bb3eab5fc1ae6e8f0441542203febb75,Mirai,x86
9f525188b0da1bd351f39cfce150d209dd8c8ccf745b52234de1bf3669c370fd,Mirai,x86
9f52a66df9c91596a94850c03b596beb07cbb549a6957a5893d2122eadc17d3b,Mirai,x86
9f959ecf362732376af9c86cd996cb3cfca977c9b295f46be062784f4bfd8f66,Mirai,x86
9fd6895c150b19e9e71b6c844a5c7f83b173f3fae5911ca5fb8ca5b8e2b986b7,Mirai,x86
a01b79daa8f27a006a869c0d5562179840c52a0a03fad5a84b13c6fcd29ad36c,Mirai,x86
a07e83007ab1dad2271467ebe7c9810a28c851444a14d3f4e08432bbae4200a2,Mirai,x86
a0b4515fe1aeced3d387e143d384efcb3e750706519f11e853eac2e27cb39afc,Mirai,x86
a0b468eaf927a77107ee15feff31abfe0a7097b3e6361e226c1b3d29ed5575d4,Mirai,x86
a16aed6e7eec9b9a47ec80a1385528ef7445b3824dcccdd7e527cafda7c370b1,Mirai,x86
a1c73f65c8bfd7fe6378012a9cfa88d42b0d5913e8bc58004890d71ff31d1672,Mirai,x86
a1cc37c19473bbe08e34ffde3cff181e8e26cdf1809201e3de10d780ec41102c,Mirai,x86
a1ef52ab4aa5e3b2919e3bcdc50bde31b91afa28e694f16659cc1f2ebe0b1dd2,Mirai,x86
a1f14a74ff34ef92d00903bbda3ad1bb7502628248e44f30e63e0df868fc3ba0,Mirai,x86
a20fbc61a376a0321b85340ed66aa72b07fa3a2abbfee0d257c4514f5d7a8b52,Mirai,x86
a24b4c90614941cfddd20c4ca67532165b60aa56f3b1a1ad8e819dd452e2e6b2,Mirai,x86
a292233d4be0b39886ac1d48617f9835e89408fc361b071aaa32148b537e8078,Mirai,x86
a2a3c5b508cf62ec3621406c85618875a0ce23c3e4376414077d910a4ff1e282,Mirai,x86
a2af81a2bb2668a51756e621540f5bb1837d1746c828db5de382ef111b678d8a,Mirai,x86
a2bd1387f9019577d0d8c8ec2ad46806075f200fc5910dc0094c9e2b47366927,Mirai,x86
a2c77006437ea862762d490f244c38f1cefe7c5e458bcea6fc64b005a7a61430,Mirai,x86
a2d9fcb6a2dc5f7764e7392df8424363bfb7117a0430a46d6b6f56496232ae91,Mirai,x86
a2f4d05727c056b4221fdaa90065911fe7981116eab1b2426c70b30dbfae665b,Mirai,x86
a2f84d2e19bf844f03cfe2c056bb10fa2502d7ec92385818205e389bc1fc572a,Mirai,x86
a2fdad39ea6983aa64d289ab3d49227774621f7567e5213596bac80e3fa66d4b,Mirai,x86
a32f3740d39d725af3612112b6740147a10e19a0b14cb90d72972c61e87a15db,Mirai,x86
a3816f5a99876219d1cdd3cd235c911e94ee94317a7a723e59631a99935e32b7,Mirai,x86
a382c53e45b14ac05c60b7876ad6b595af5426b6c241a20b6a71b4f0aba53821,Mirai,x86
a386ffa7e747b07735ea494f9b8d4905133fee1a5938b0123c0956800bf6d379,Mirai,x86
a39e9d6b7c3eff24818cb5c16294717b55eb463961ab1f14cfd6750f39e0a6fe,Mirai,x86
a3bc00992c0312c615e9848d0702cbd22a05864c00af84047a476712e15facac,Mirai,x86
a3bc1ca38a90ff5a3146dcd4152652a0c623260a44eaec7dec849d2a949229a9,Mirai,x86
a3d0a411d1c3509552684413e83622cff89c1f4fcd57b75509336e5f02f1637b,Mirai,x86
a3f8f798f52a4363c10d9eb260a6162c099a359cb27f72932e09af3aad583d01,Mirai,x86
a401e3eed236c71a308717da85fb33e619b4ca1a279ace6814e1dbdfcebd99f4,Mirai,x86
a42b5c1d1cf6126f40b5b6017147f9effbb09e56fac94f366bf84edfffa2adbe,Mirai,x86
a42d74aea16c6a983ba80b4a5d557a15f9945c83fe147450528c9f4680a42e58,Mirai,x86
a45ba7be1c031660f89ad94272e74fe40d6ab00333a1477e31e9f912069de0c6,Mirai,x86
a4632ab3f36e4f059b9b14e2709596d5ad428e08aad39b50e5c68419fd09cad2,Mirai,x86
a4c2ebf90f20ede8fe63baacfc644282c6215e045839179c68e78747ffdc63e9,Mirai,x86
a4d1464834b796a811023c08226763f89be122f10baf892e4ddee65745697419,Mirai,x86
a50bae0d0751bfe9541f550625deaf0341f1b46b6fee403f65e2959c02304896,Mirai,x86
a51047b29bc62d28ea28e7ca1f07c3c3d3d853ad2dcfe905c4007ed37d06f80f,Mirai,x86
a5347396212c4ea4f146995cff0012e7162407bda031024e2e871b8211857d9a,Mirai,x86
a54a4d0662ffb14d642b726631221b9fd293fc888ed33907c1a0b6a5663b039f,Mirai,x86
a58d4e03559c1ca999508a0d521b0969da74f7d1c3c2986c383aeb81a9235c50,Mirai,x86
a59f6fa6e246f3945e5852f7193d4b83674cef4104ff4feb36ba922021bcefe1,Mirai,x86
a61f7a11cc7ede851eec34410fba716eae62d149b7e617b241ceceeec3396162,Mirai,x86
a61fcb90f79e59ae84f64a35e694d3e902b3082ba909e6df45d90adddd368e2d,Mirai,x86
a65057de2c7d3967842f60d88581c7e33785de1212d5484e4f91e5b2b11f7f48,Mirai,x86
a65a175e97dc5e7bf83e1fa55ccda89ff27904a852e9086618dc5e08fce37cb7,Mirai,x86
a68c97cf5efbc03a1ce5a52c925b743c46d9fecb620ad657abfeb06fa076e2dc,Mirai,x86
a6ab4c09226ef0ebdbff8e595864399e00f69f4882131f769e08b126a097df21,Mirai,x86
a6e984ecc3459be60d40075de45e304ed9af672a44ccfdb82164ac3fd463fe10,Mirai,x86
a727f93caf31506be923067a5cfc885f5a6ea442916df13a15cbab321c6e161b,Mirai,x86
a72ff45b5d33ae5cf878a0ee3e5a88c8780ced70c63307f4f4d3be968adaa3b3,Mirai,x86
a76bd6c99f64b3b5a778acba628c7e6f784cd3e0ed87c190d55d08d61d6a5b33,Mirai,x86
a7917b6b82eb8ce96283c855ab04ced4779f4bb90452c0424b6325a6386b0f57,Mirai,x86
a7b6fe9527200e1e660313c498aa02c9a548ae1763f5aead33a5359d70caa279,Mirai,x86
a7bc4ad32d89e95b15a9c159885dd88dec12d875e7191f6117977ca5ecab3abf,Mirai,x86
a7f40fc90b5de513301ca672cc0e5c1bcb0808120574340520c37bb9b4be3aef,Mirai,x86
a7f9789eef0fd6dd0648a08caada89516eb2a4af07d11b4b70c455f9eb283c2c,Mirai,x86
a86a698c0ac9d755095e84a8c89596991017d496ca14c34ca5de80355eda1c3a,Mirai,x86
a881885d10b1f27973393709065691076b3b61393cc493d8ffb7c66c784f31bf,Mirai,x86
a8a7e9780d0562c9f8e5bdf3ff8ea5136435ab0c7c928dfb7acfe6c87e13072e,Mirai,x86
a8ad7406a1180f61e0c962141de8b63f8e90970c443c9173abd134a22cac47e8,Mirai,x86
a8d29a8e33c09bc4b624fe383192e240f9bf4636a5b6f98f9a4945b843af6b0b,Mirai,x86
a8efecb386e7c83db96c6e639b767833305016aff62405a3545d8b0585b4cc99,Mirai,x86
a8f54e6d4c7c1e5318aaf711ee8e9f5e30bac3944cb32b379e9bd49d2ed3c705,Mirai,x86
a9000bfec9654f3a4eb4d89ff0541799f129ac1937d2cf0000ec072a0e783aee,Mirai,x86
a9390fe65ba8d645add9061a5493d0c811cfd0563c70e75c605a7ab628d09dca,Mirai,x86
a93dd26d4d478c01f1bea0617d63c8a82d0f158d6f31c4f2c53fc04b5f32ce89,Mirai,x86
a9407c98e03a2f6b3a82203b33b5dab9db0c2b2d9fbf824a60a9737434ba3223,Mirai,x86
a967ee5869b7b59eef9518bb2ea2ed30f2df2b69c328b747ca68f366ba2ac5ac,Mirai,x86
a96a95b62a21313d12602c53357855b7ee1ebf0ec09d96bc3ff203152497838f,Mirai,x86
a97e08b2b6d19c8a2562f4908b090013123b57ef333616f706469c2480c16b46,Mirai,x86
a9d02fabfb1b23ea6c8de933dabfd058182f280e84ba4786fba79d9d11e1da3e,Mirai,x86
a9d989783c4ac648e00f3221d22552cecac99110e8b8dfdd355ec0a0c3429634,Mirai,x86
a9e76fd0b12c5f07592523fc2a1e62d3bf013a3a3d2e70b4833925429b9d69d3,Mirai,x86
aa2a2c6a64e09640f4154bd3822505e722df32269ce93a5acbd899eb04da0b1a,Mirai,x86
aa46ffabd5834ff8fec3f0495abae24cc6503602474c974fa6c09e228d6f2789,Mirai,x86
aa89124b654d7abecfb02f940de5fad2f2c7b889290633bc4df79e417667c478,Mirai,x86
aaf6f70cbb76e2fc2b3b3a2b7a3ec33d9778a868f51f747588c6fe9707697568,Mirai,x86
ab5ad58e703c13350f62e329a3b1215265b7c33d4be28356f298f9b9b84f9d8a,Mirai,x86
ab84d6acd1081948b00148efc74da399f93385f9769fc7394a4a4b0107f9f685,Mirai,x86
abad4dd7cb27d17eeb4cf69d97b6ae72ce9fcf5c17a7335bd157e4066a7030fc,Mirai,x86
ac39e336287be9fd226fb0d9557593d44f667bb3c39caaa85bd84ff062f06f16,Mirai,x86
ac47d117f2b2aa4eef0fd4bac74e990493826fe2b7ccd136e3e77d9846a839be,Mirai,x86
ac5eb77560288723d3306789ac7d02bea8f5a733ae4e8b087c49554aa1df25ce,Mirai,x86
ac83a457a36512e1ce26c4c53785fd91e22fc4d792468ef900f12281af738e7c,Mirai,x86
ac90b5f319e129c8232e33cd3fbcdf8d143d8483e59e97f4ffe35678f8ed9632,Mirai,x86
ac9ba77046c82d6ecbb8cf959f1ccb00375081cca57fbe6abbd314f3d7e1afde,Mirai,x86
accf92b6c4c77b61e4c23798af45eefa69d43e79ce5b470a066190d711e9b9d4,Mirai,x86
acf6b7b3fb8aa2b3070e1c724810075b1cb4c1354b0462ff2f70cf085e34511f,Mirai,x86
ad0c39dff07834a302dd1f44bb682e26ceebcc77f31f124e955e7fc1f6d12bda,Mirai,x86
ad197157a4244e4e3f1035c6586a5a760da4226522d8775054641d73da174683,Mirai,x86
ad24cdde1d1d3f29a05c1deadf56d9eb9a289beccfb1ae42025f14542ad0f32f,Mirai,x86
ad277b4ef7732a9cdb3e8ed1d89e486d60318b81adb265ff784ca77fa36d18ff,Mirai,x86
ad3b2103fc3004e03de713ff1b1c15db3f1ed69347858cf9b08a6300c65f2f7f,Mirai,x86
ad4bb0bf029565009f7dcd847502967c9451f9053c731919d754dc476a42409c,Mirai,x86
ad676ce45ef608d02745870c16925e52e5c7012a62d56d2588ef86fda785a021,Mirai,x86
adc3a24adb354fe8b857cbef75eed077ecc237a3fe816beb6ad2e574d1920bbc,Mirai,x86
adf066e65544bfb83f7be05f1ad04a3606632dd319db0287e0aabdfd56a37c57,Mirai,x86
ae0b495b71d583fb126859044476a6f05a92d59af66270f837cf38a337b41769,Mirai,x86
aead09b5ee2ad8095cb4a5dbd965b9a4b5a537b8d27a74961dc59557146cff71,Mirai,x86
aebc9b9549956c4a04df4dafec3a03852cd9e02dcf36284e703df64cc0966f4a,Mirai,x86
aee92b81bbb1d0e6e5262166fdcc06bf7b468d3422369dd91823426ac6dbd18b,Mirai,x86
af11578d69ac263db6057fb459411093515f443ee37e413f6c45d53603d58492,Mirai,x86
af2eef1348106365f9ff3f3653e476b7dfe774b06c107d11521fbc20f5a760cc,Mirai,x86
af95f72ecac3691f68e14b44f9d27ec9f265ea9027b494b524555dd832715d51,Mirai,x86
b00ad8b90eebf7107effe9b6588576d10c11ae708c225b45315415072b23aa70,Mirai,x86
b00c8a10423a88eeb959975bfc7796f341c136731cfc343a28f582b02d2a8616,Mirai,x86
b01104e8e333a0b0e5e1e1ee3eaadac71ca674fe8aa32b77e061d601c220d140,Mirai,x86
b027460581afa1f811c6825c439141de5827755de60799d33e2c133f0486947b,Mirai,x86
b02e2763a7dbe1c15e2aebde12316c52a881bec18be29e5d1299ea1abf8c32af,Mirai,x86
b02fc515fc2d189d9871851daf8ec566001b1a1ad54a07281cb4d51f4ebf4a41,Mirai,x86
b0400c5baefe323f97b6059bc820c3eb7eefa3afa00a76d9a61c13a46312fc5e,Mirai,x86
b06fd6af7bfab631c101e53c3bcf89b09a6e52f3203732c550ead9ae4795d31e,Mirai,x86
b096008cbfb19e2947a0fb7c653ea571493a73e321ee82ff27849627cfb20ea5,Mirai,x86
b0a217a3385075c4af8fe6f905d67059163aed481c09930d9f00b2b0b3274262,Mirai,x86
b1a581867e3feace3da80c1b926143ca78f1a2869f3355d2c4f6c77ce15dcbc1,Mirai,x86
b1ed7315020291732c7971adae824ed020802fcfb06bf100c03ed1979e973077,Mirai,x86
b2023db89fe219f3fc0ba8ae0abc51737d86d11c9c147447c01a41fd33dbff2c,Mirai,x86
b22a755c282ccc9dd808bd15d3d7c8bfb0b65c974ac1cdb04b45fa891b6d5f31,Mirai,x86
b28e503890153a10dbaf704e3143563d163fc812e9c459bde369fb12d0572da1,Mirai,x86
b2d238d6d6ba2560daaadc3e3bf7f6ecdd32f002056557b6c5156037815656c7,Mirai,x86
b2ec0f00accecddf1db446b3c98b8e168871c20ef739ed89468c6e26d905a452,Mirai,x86
b2ff78122a3dcafc3a4ee676cce88708b1a55b440eadae35ffdc1ff62c6a8f36,Mirai,x86
b321443ec6fd6b9385590cff08edf179cd3f653f9a6b991d2b17ed5c8c320d76,Mirai,x86
b327504540f49c0fcb2fc2b5ee100974459d8b1178598defa4f80715f3601722,Mirai,x86
b36dda3b46785795f64eb0fab6f90b453fc674122381efd55820a000e80f15b8,Mirai,x86
b3877d41aecce2189a626df4fc10cc59ecc957a877873094d405d2902bffd659,Mirai,x86
b398aa391c7f254bf6fe3a3043517db41552c9e7d57ec70910b2f823122acc4e,Mirai,x86
b3c672e26f6474dc11473a30811005500f498070c3f2d4d0bdf4d0b5bd0f0bd7,Mirai,x86
b40af6501c5892a189859da292a0d118b5da31ca31b2c11478cc64c403cf84ed,Mirai,x86
b41d61b2bb61b63f9004e1d19d8a85b9361f9fdaa23f3a39ebc1f4f9f57e8809,Mirai,x86
b43b0b150b8ad189de31ecbca7891b16572bddfc5f6acb46c3c3258341d6e478,Mirai,x86
b442329b7a529f7ee1b614675fe75e061fe83379a3667b27f8593cca5c9f5084,Mirai,x86
b485e38c915750861da5ca6390fef1d7c9187af946156b15cf1edf0824d74124,Mirai,x86
b49567626ccd8750cc7433b5e751fc52ace5132cf11474eb04e07ad88e53e531,Mirai,x86
b4b573c2ead4ee6682048ab263bcc8ae7132081a190a711d5b24e7eee59fa3df,Mirai,x86
b4caf92e6f1337942749b2ac68e6b4b0a0d34f503ded723afcd54809035f35c3,Mirai,x86
b4d748d75cb427fa5e9c5978be1aed117de78e013040231ff17a35eba61f09a6,Mirai,x86
b50b7a8055d0be4e0ce82a1d2e4a51aeb347c926f95575c23edf39a8e995e9d2,Mirai,x86
b556bc3be8a182129d7abfb4e11181a94d491189436e7dac4326f9b6b49005a8,Mirai,x86
b5622ac07b3d98d4c40d079976c331d9815b645fc525a68675f8fb6678bb85b5,Mirai,x86
b57cc19a99a04556887ace33280b3500d12a75cae1924d4deed8e489a4d2cfed,Mirai,x86
b5c694cae8c520822a6476d8e54812876d6ab2d3035449f833a96d1b9d55586d,Mirai,x86
b5e8cc9e8a661d38267e4cd7d09faef8df92ce76d11a2d6917a34ddf7c21dc83,Mirai,x86
b63112e3d65f9b74fcf75b47a959f59e9a4e508b64975dccfd0f38c7d7dbbf2e,Mirai,x86
b63db435dea1f6cbceb29d94d1f446fc9ec7ab7a0713f39ec2ad89c4ac4a4fe3,Mirai,x86
b65335325f00afb328e0769025651ddb10cf3adc96b0ec4671c7c4c5b7224ab2,Mirai,x86
b67ec731bb8efe3d536b89206c088a198b35cb9302da011106e9e011c42b80b0,Mirai,x86
b68df19704b095296983f05893f42f0fafb0e83b24fb93a3c9244253692ff8bd,Mirai,x86
b6a5f4cc6e65ea5bd482cf7877757be9bcd4e6491710c64111ea3bdfe8d619fd,Mirai,x86
b6c075cf7afb6189764c59ed02dfa9b520127adcda048964c0985f451b84dc0a,Mirai,x86
b6c6338cc2db546f8b02f768447a693e802054986dfc837554de0c8ca6384cb0,Mirai,x86
b6cb09d8edbf6993437c82fafbb84279a8ad80b665f1efa2c7e830dac63f3cf6,Mirai,x86
b6f0bfccf826d2be620f5639befa23dc104d2b028a08a9b8494bd354adb597d7,Mirai,x86
b70380afb55cdcb40a48d5e837409c4254e587822cf3fac82580700d5a952df0,Mirai,x86
b7097dfb54a088afe8f6b402647e501eaa250a9415782d494dfd682906c6bbfe,Mirai,x86
b73f40cc1c02e4f9a92b1d2d146b839a7ed753e80d3d3eca5ee87b7db596c862,Mirai,x86
b7a3a8556adc1a4f412d7f04a497bc85130940e8fa15a507d50a8e933b5b9b15,Mirai,x86
b81bb34c7f6040ee5264c66198735cf19ae38ed6a17cda8f861924d4d246ddbb,Mirai,x86
b823e4e3dcc66d7e40a28628685b413b27f0f2f483894bdc2bc146676573616e,Mirai,x86
b83f1a2a3e279af0960a71672d39719b6711398e6f74b99fd88d0738c061ea82,Mirai,x86
b878fabe2a0661d67446febf42282d74431a37a6356b9f733c67a8dcc6720da3,Mirai,x86
b878ff857c0bdd4ab27238895ff33ed29d8aa16437f6a8afcc1d03be81c75b1d,Mirai,x86
b88b5b38feb27729d6f459e242d858362b40bec019df8d528738bba256538371,Mirai,x86
b8bc509f74c96d4e9a2a753e09c412f86ab1a33a07a679cb7fa8165a42d6854f,Mirai,x86
b8bf944c2eb350b766d8576c4d07a223051701318fcbdaede3e97f7868052a8e,Mirai,x86
b8d85a7ccf53fd0a72104569fccdfd65e3ea61cfe5b7ff89c30eeb7287054d9d,Mirai,x86
b8d925cdaee77abd7993e5351fc611a3b3815a67e5c061e88b710a8ad7497bcd,Mirai,x86
b8f63e5fd9021d567c7a5cc5826d432916ea71986dde621cae9423641bd233eb,Mirai,x86
b9042181d0c11607f378014cad3a306cde4befa64f28dc203f72ed758c1bdfca,Mirai,x86
b95c6a314ec7f37de061cc6d16031940a90d181e2150dbe0906a4b6312f4750d,Mirai,x86
b967ec69b200dce32d384236b226e1bfd9e5b445274153f409587e4fadb56761,Mirai,x86
b9851c4a32b3f66f49fb4e8e52ec80c93c7ae54e3c323bb77aab5bb40b476115,Mirai,x86
b99ea0e9117f60d37c811f845e64ae387085fdb4abf133205f008ae31b9c618b,Mirai,x86
b9e36b5031062c2c2b4f0c94d5cb88173167f1e8d0ec802cd13f27d16cc52de4,Mirai,x86
ba039bd1fd227ded1e77fdeed9f2c7815c238ce149fdf73ad231f342472f88d4,Mirai,x86
ba251657417e300db5cb1b478af7fcda3735d330643d5706aacdb05f841c4620,Mirai,x86
ba64434cf59c4748b014d86c80772aeca03c38acb5a5f6554590298c75968264,Mirai,x86
ba6485f044ad2e70db69735ab78172ba0c3964641af35d4ae1920a709dc32d30,Mirai,x86
ba9050cc0e3ea8a328ff401f3b683df4075a403775d48376eb3914931e467fa2,Mirai,x86
ba98e42f111fd93c9bf01bd33edee0aef8e5c1b5276451e8e830acdbf39fd98a,Mirai,x86
babb854fd1922d49a1a3bbedd4eed2834a43a2b280d2b404aad6983974338cd1,Mirai,x86
bacaa90a96ffad4e65d707595733951f99adb1ace1b40c65e9b5f74bdc0f7366,Mirai,x86
bacac5e3fc41b211b2a4817f4b106cb698dc3c8b3f9e13b36f52972b8fe1066b,Mirai,x86
bad38e2250acc16e4418138ec5da474e90c3d802dfdb7d0d6af365f8b2c5b6c0,Mirai,x86
bb3f212f2cab960df4f6ddc10a6af6d00348ecf25387efe993a33ee8e1cc6e76,Mirai,x86
bb4dea924baf7fe3d27ae7aff9af882f3619b08cf0e14d18a5c243ea0f829715,Mirai,x86
bba3069d33bb53fca1f598f481877f3affe38cca2accf17a83c9b6302ad4da40,Mirai,x86
bbd4d2c055bbb2b92edd56385ed4fcb4a2be8cb931701c15816937b08ae2444c,Mirai,x86
bbf0c216168437f85841e8c9882751ec3c4345b60137ad0863226ede13cab06f,Mirai,x86
bbfa89a13a95585f9b1d2430defd72711548d1dd1499eef2bfff9d8ef539f5b6,Mirai,x86
bc5642298b2f34fac2f6101beb47a088f730c61633ae2a0e6721ed082ecab2c0,Mirai,x86
bc69e599037743949fad204aae9e0c52f406a105ae642bf0008949b8e7ef8384,Mirai,x86
bc71a6a8f56bcf9de457bbbcdec9d40fb6f3be4332d8205a1c5733f5e08c2625,Mirai,x86
bc7ef3a55598fa507a3c735ce7ea8f400a043a91744d5fded179851d332ed6e3,Mirai,x86
bc87be9203dbad742f093cd964391f79822ccb78f5deb47637ce861eee14a1b4,Mirai,x86
bc920af57f5d9a8b921231dc1f6672dd45c1bd5371618c9ef40d93e73ee15ff1,Mirai,x86
bc9701bd5d5fa05a0a7a9a7a3b8268ae690bae313069878731e8e69824e06a72,Mirai,x86
bcaf6e33e78769d253a52b88f7e1dbcb53e2479b594a02853366c6527d5f365b,Mirai,x86
bcf40d4bf9e24d1d1549214f92543aea55b4775264dbcbc763da645a436d35b2,Mirai,x86
bd44cdb9b3c850c4c55e8bf586ca550b91138bccefb30ec0c7943168448e3a34,Mirai,x86
bd64e71a1509570fc078a2f91c9344c39074ebec3c692e6993dbffeeee7ca526,Mirai,x86
bdb59a2b72b21410ff251da430045ff2b1cbe6f8378ca1a36cdac5b47b279f63,Mirai,x86
be1983c343cadf31c925ddd1df857ad559eff94fac7c4f2d4c43f4e406aefab1,Mirai,x86
be1c86526f4b269bf80e4b386f85da48619f7799ee0cedba91903585b5617381,Mirai,x86
be3b14c409d4d1ef8db7b16a1c65577074b9e19b23257e800dcbc648c5ebe2ab,Mirai,x86
be4852b39414fd61ae50f607f03d76db652e4de74f0bfe95f84f2b32c4bab195,Mirai,x86
be5aefadcea62c2fc1442eeaf57897d48f9e25aef9dbc21f0078ded194ff27d2,Mirai,x86
be806e33b26f9f23b8f0912dcc833efd117544327b1295661dcc58c5cdbc4e37,Mirai,x86
bf567db59b214df7f9a2d89d687c3ac650c967123927a7d193dd640e39fdbdb8,Mirai,x86
bf9f2fb431699238a451210829632a49bed4641e00593f57d5a598052638700a,Mirai,x86
bfb880395013eed330974655b9334ff69e0a74bbe7ccf0687560b411e18ca8f7,Mirai,x86
bfc5830c92c53e81ebc6180ed20831deba5a41e84556315e9831669a1fc4cc9d,Mirai,x86
bff0edfaf668ff060dad3462b062af755692ade980989ee633fdbc573cbc50a1,Mirai,x86
bff70068990d14bc35504e459b346543c9dda0d143cfc0d57adae861aa9045fb,Mirai,x86
c006037197f3ac249d31304966b78af86c1aa09a8e21d5b0a891b160ce2ac16c,Mirai,x86
c01264a69622c333b2aa9c99b41110cdcb794f588673d33244f2d3bbff64e437,Mirai,x86
c03ff0baa702a6a5f31610bb4270944de99948f330ba00918a4f2708591ee7ce,Mirai,x86
c0549f98fe2ce52c6276f87f751cb6023357ab8c7ebb32ccc0e31343ce62890f,Mirai,x86
c05b5dbc3c86ad8d2be97189ffd8c651473a79f05416fd8cc6b776581678c401,Mirai,x86
c09b416f8de2fae226e61adf890dc2e5f81c608a58e8b632a855c4da7449ec8b,Mirai,x86
c0f5c69156a70da489043197dcbf2c009037b45e63a7238d229b81bc32cc6b4e,Mirai,x86
c1a676f99e3a41e77a502ce8f7cc1b0e1cb23537148af6f1b6f10f3197f20b73,Mirai,x86
c1de712842f39515d7b21ce31e269d7608be37f22f7d3ded9de5f27f925c2b51,Mirai,x86
c26a9c4e83f120f9ee487c4ab9d011fbcf6b5a7dcc633846b6650514c107e7db,Mirai,x86
c274ec6de6d1ed6f455bdda7d423e7adc2c165eb1b91fce9ec4691571bbce340,Mirai,x86
c2a058eee3abbe78fe86203c3a1e6c4396d43273edd1169fc715f85e76eab753,Mirai,x86
c2e280d5b457d08e21fa1df6cc004d9df0d61dd3b937ebf71e0a6ee3ced210ab,Mirai,x86
c2e81c1d7fbec040261b5c3f6fcc09a9f132bbb788529bb069c96ff41affa490,Mirai,x86
c310a54be70f32eddbbdf91be1568d15eb3189b3736672551ee01c27b2308006,Mirai,x86
c31e586ac175fe191c18db62000860b86f2ada0726092bff61e9326311b2ebb6,Mirai,x86
c31f3c3846fee02e696e8ee0ba3745de8463ac1232f4474f852fe47dacd4400c,Mirai,x86
c3285ef68a2709842498267a5af1de7d326e44116850a096a75208ae7ca28529,Mirai,x86
c34942892a9afa45db38759400737e655ba218bdecf526f3b30d3735ebc7a85e,Mirai,x86
c394b830b3f61c8c1c9e3445d1d71a2fe1d832b6ae299f5f8c8d8abc3f9f5819,Mirai,x86
c3d0ccb509e5490673f055c8ee09ce12977a2435ff3788d1fede59b9a6032228,Mirai,x86
c3d429b0a32942e41c8c13bd83cd18be636185544d0442f70d07878ba9411b7e,Mirai,x86
c3f16e35d284dca5dadde47a777d3415c43e2bf6568b79ad8f3df97df43d2061,Mirai,x86
c41e7438481dd76591472241dc04b5724adacdc0a52bd7162a64806d10708a99,Mirai,x86
c423808d5aaa9624f1c6c8b2151936465d560ef9f2ddfd0f1b8d769a29ddaa43,Mirai,x86
c4576b4bcf2a4802621ea6b86493361fde0dba542d709bf4a55ed6c5898a5173,Mirai,x86
c466d7a68fc9bd7cfbef18a99ffe7652ca979b9e45379154891dd6510d008972,Mirai,x86
c46d139f47002273a6a62dceb3dc131b4dedc34c055babb592d4c93966788653,Mirai,x86
c4737e7211b74893c235f5ba2195c4b3f8ceb8a4158fcf4b29a366a74bb0e7d0,Mirai,x86
c479e1f865a9ea99a468de89fb6ff1abd2a1512223e65f181b76ac3872142137,Mirai,x86
c483abd34a0d7284f347f67f672b9d7f991c3fb8a697c5305abee0d1706b6f9f,Mirai,x86
c49f803b258747dd98504cc2200e60aaf9635ec9a7ec25c2602d62af7d304190,Mirai,x86
c4b2b4f8991ad8f4ccef0885b7bf6e3fac4b31b81224f6b092473beb9b715601,Mirai,x86
c4c0c93467f1e7c0f44b38a49bf86f80e4d2693bd85f1903767c336dc5b9e8eb,Mirai,x86
c515cb0d62aa08a0486d0334bfb6407523b469d005f52ea56d66be94490b2885,Mirai,x86
c52b10f0d6bab9cd1df6805379a30866af222ec393c4067653cc91c476b083e1,Mirai,x86
c57cf8cef9236dece6c42e91c32a14c3cc1bc623be79c95b1d8a88a3679b3685,Mirai,x86
c5caee5a1ed073e93a97bfa6f55fd6b5bb56b563a6d7fed80f3f09d709106663,Mirai,x86
c5db1c3367ba1db0d1c35ef5ff0417e9e4c71385086ed8ab06c29a62add8aac2,Mirai,x86
c5f3a5589e59194c7b8e91a205f00195be0fdd9c7661ff73a9133d0bb1d3f884,Mirai,x86
c602b12c7322161483446a761291b6498a2a4c2922cf81547ed3e053acda98f7,Mirai,x86
c629a08fbc14bb147036eeaac96664db65a1cad2a2b40188253874a57aad5efb,Mirai,x86
c6329db058ffa575eaf0433d247a352ce854619fc1d7e69677800e9e4f49469c,Mirai,x86
c6656fcf634bf2be4c509383d9fb84e0a48a53e0a4595f00e4278af429656d44,Mirai,x86
c6cc081b1c5e96b0dda2be7fc405b83e14301cb18b12e207eef246eebe6e9761,Mirai,x86
c6d57c94969c8a6df8d1b6694838d773a0dcc2dd6583268cfd27b0bc2027e0e8,Mirai,x86
c6dd9b0b474e7c94bc6cb34d7138b875e6690ea3c860860239d3701089c7b8c4,Mirai,x86
c7113e01fa907d8df2ef4f32dee66c1736b5b117b728d330a2479f8232de1e56,Mirai,x86
c72c620477b59e428912c057a780add553e955615483dfd8079ea2970afdf518,Mirai,x86
c76e1e8ecb33d22cd9f60f41b573a8becc5473300cb275d92eb7daa05004e463,Mirai,x86
c7adc776da6798f65597faf15ac1b87e1e83a62ec2161288dbdd684b29a0b924,Mirai,x86
c7fd5c17eff75ef28f72b1aa0547def25051f7d64c5711feefbe1e17921f275f,Mirai,x86
c86d39e8b7ea543ab97df45f5ed8cdab54c0ed922eaee53b6190dda47f9eaa95,Mirai,x86
c87763525cebd531d69fb2bc7d548f85df010d85db7bdf1237421c24d072054b,Mirai,x86
c8cd23bc0b65a06c2b3eb6af179d2d6620b1d4e8a1053152ff525d9316e0ebaf,Mirai,x86
c8fda0bfe9f54e46ab153fad1f9bbb364261d9d57ba106e3e86609a597e57ed5,Mirai,x86
c92e14e129e2af54e37c90b225ded304fed40ae186241f6a20d9ee939c8c5dcf,Mirai,x86
c9733ac89fd1a0fbb3f7ff949ee25b62f0b6b86674f19b328170a118a344a221,Mirai,x86
c97b36752b458b985e178fd48a042d72acd0eced40d32d2f7c25734aa4aa9210,Mirai,x86
c98c64f406db3164eb3f97844257d7a69f879f682dc2ab457e91d498ffb9e137,Mirai,x86
c9a65f3bd78d60100eebc231ee54e2be0d66182fd3f230b72e895d0c3bd1254b,Mirai,x86
c9ca7e92d154587e2e668fbe932402334ef5e0e8a6c5a48375492223d70a89e6,Mirai,x86
ca069bbf45904ab6926fc9af9285cffe2f581e2cf0ac072a02530a6b268bf47f,Mirai,x86
ca2d12cf30d5005f6649d14a4c7802a39d85e5886a68d1f98ce46a490cadf022,Mirai,x86
ca4b81b80064b1a6b8a831de4f3ee68fd3176d09f58e6e58cf00ed4092b21b75,Mirai,x86
ca58240400898f8055320c80a96e1437795fc97954120500a4c76781833ad1bc,Mirai,x86
ca920730ae73d757708467164f9ea2eb307e0cf4804eb101b2697594899dc883,Mirai,x86
cafa171e9470d9e21bd575f6ebb70b599376a467d713f286f0ee794c8c376896,Mirai,x86
cb0464f8b4b3b9a4e0296ed880efedebcf2e16522d9b068259691836d23576c2,Mirai,x86
cb3655dc2d1bdbe6ea0ed1f70389e0b986804a7b9d8ed4c07e366f02d71bad1e,Mirai,x86
cba6c1078d50dc3e29abd7cc572a5393ef992d5b46bb5d3d2c70d14d4f8c182a,Mirai,x86
cbc58502d82176e06380439644203241e20b6cd426443652d4ab802c845eac9d,Mirai,x86
cbd4367bff6c30e7037d138ea51a28222292be288fd5a2d8f687bf0e6ca50f86,Mirai,x86
cc12d87da393c6089e528eca40949bbaec9dac38cbbb30cf8daf9e523e94fa61,Mirai,x86
cc22981ceb10ab233504fd8337d5295f5551c0b29d63dc62360c4e65d9e1c556,Mirai,x86
cc4dd8b45f21eb05fc88948235687bceaa59db7cabef0e3e097257d2b3abd472,Mirai,x86
cc61375bd4f8b74460f9f5bdc58ebaddfcceda4c812440ce8f0468b3096c9dfa,Mirai,x86
cc835c2aece0908b6bdde4a05450452c69c20ccd0e30dda2806964b549730e0e,Mirai,x86
cce86038deb7ede9e2da451dd973f9d64bee67ef88bef705f87a1c377ca20e77,Mirai,x86
ccf9d897245c4fc71a724850cb363851c179ec827f0ef9fa1881de34107969e6,Mirai,x86
cd17ca4d21d40fe299277ea28930375aac576b28580bf44416cdcb0a89ee00c9,Mirai,x86
cd3db6cf2c8eb03ee67be6f51e4a14ab887b9c09a8006d3735f870d887f3c1cc,Mirai,x86
cd669a66b8c393d6d988b0ed4abb35629dfbbdc32feb9640c6e56bebe9fe7e7a,Mirai,x86
cd67a9db1c069d8a9ee68a76c68d20c53659d319425ecabf8a0c5b193aeb6fe8,Mirai,x86
cd6c439a3a82210d3333242d19ef65f71bc9d9567802456eb288e3ce9c75ad45,Mirai,x86
cd7c5bf916668cb6e009e93bba92cf83f6507aa1e6ecd000002cd5d0811da3d3,Mirai,x86
cd80caa060b02d952748f3bc9e72eb7a1f1ac2360e787b607bab52e92c41c759,Mirai,x86
cda25073262ea72275a0c53d511876b379077630fbaedeb74a7afbba640c6b4f,Mirai,x86
cdad2a8cd7adc0a91b4a3d1703620181bf912c7c71732da52bd8159ad8473164,Mirai,x86
cdd308609cff06e44f1197c1a6eee16183f9e46dc41e0e0fe094ef160fd8df94,Mirai,x86
ce18cd059b225dab212050e2e042f53333e216b36fd1bf2723db4460e26a3dd6,Mirai,x86
ce7e6df9356d711fb017add31791a813a89b0b8833a48f0825344ddc7853900d,Mirai,x86
ce84515c92df04592fafaff8c5b89118ad1a2f45de09328c2cc4f4ce0c78297c,Mirai,x86
cecdf3374b072c3c50e7b8a5ee8fba19af2fd6adb3e037b675b261dfa0f9357e,Mirai,x86
cf05c4b77cbc4883dc73b7a16b341aeadd2908b1f29cfbe738c8f1005a6647e3,Mirai,x86
cf15ae7df21c780a8209aa9bc7377992da28880c60298f99b580e76dc8787aa7,Mirai,x86
cf1ee93c128155d42262524f600eaddbfe123f831a4431d0dad780f8e257b996,Mirai,x86
cf391cf84d0c491ff38cf59b45d2af74ff1b8f3a7ba8a31f0327b3bee78e6c47,Mirai,x86
cf3a961fd767ef8ed7ae6c9ff48bb499bcf3fcaa16912768a3a54947c5a9594c,Mirai,x86
cf4ccc3fbe2a801d7fac1d84ba2c1e5ea6c4f31086714f76684981dc56f3c15a,Mirai,x86
cfd2342caf8ebfc0e4140b886dd3ce3a121fc6f77b084e3edc2ecdb12797b5c3,Mirai,x86
d04ede7693404fea91524a078e0cf066716da9140b96ce9d6db1e783e75a666d,Mirai,x86
d0567b765efe40b360414d73a7366b0d73277c22ba2387568ded89ccd77568ac,Mirai,x86
d0728f9e98c701cfad8a00dfe863c742e2adeda808d51777c65f177918279add,Mirai,x86
d0a0841d1b84ac2de9e672686ac554c496c939a43189cfb2035762fb2e196343,Mirai,x86
d0bbbbe861b6fbaa50e4b87e9f1400a8fc3691e13b2423e843eb603371832299,Mirai,x86
d0e8ace477b90a9651640847f3392f6f4bfbfd9bee8b839bea42e2828221e8df,Mirai,x86
d0fd4f57b4c478e1a9b4c31ce49f80fe5fd14fb061eddc2d0fd489256a358de3,Mirai,x86
d12598a9f4febac45f9e5048d1388ec1085a5737b58797333dcc8841b0c34294,Mirai,x86
d1aa2188b3b7567b0a4613b56bfd4112a9d4a2a07b56c08dc26689c30d7852d2,Mirai,x86
d1ca6c55440f0dbf052e43e74244a5ace624a8456f92eba0e2682f682987ff6c,Mirai,x86
d215004e0e6af08d741e48276ce6230a906b683f906f437ee222758a316643fe,Mirai,x86
d21c1dc8aca7769b4b3a24253bfcdaf62343ec08544f381425a10ec1143c1098,Mirai,x86
d28462de2d564535f3f5de4ea94502c31a124821814cec46967e4dced2e1f194,Mirai,x86
d2de38b790ba64c96fcd6dad3385e3ef5fce433e6f5180091bdd7a684da73bf2,Mirai,x86
d2ef10378d0678f2749c44a12f0f33572c3d243af15097d9be7aa15b97bcfc0a,Mirai,x86
d31fa85211b1ec3d2747c862f2fca2375184c10e4b89ad87a21439520767690d,Mirai,x86
d3613894cb548aa911be7cb54b81a4be8edb2c9b7ff18893d53d57f91c0d4227,Mirai,x86
d36c20e7a1f543bfec0403462e5ebc1f86488b8043ef166427e30d28215d647d,Mirai,x86
d39e2d2112a763c2cab027c11662287ac3c37061f99cd103de56fd37553669cf,Mirai,x86
d3a2ff4d29ff9161775e337a2cd703c82b22b74076c23cf7c0d3b44c253b5a97,Mirai,x86
d3c8971e0e417ea7956c7b698c1e348299c9cdb7e8d3a3866d400c2aa34f307d,Mirai,x86
d422e584853fad65aad992882a1efb34f4ef8b43219087fb96cc36948c7d7079,Mirai,x86
d42c0f9e6d2e8f7a3587c61f550f177af08ad1d518a1df22bc0e5649738bfbde,Mirai,x86
d4490c751151b9e8704b94e60965bc56f6af6bcab864f6512e95da71d74b747a,Mirai,x86
d468a319df03d8c3e25d1ebfe707276c64227dbd250f1a0579d257fc3e885209,Mirai,x86
d49bdcab07c46a746fda3003bad05c757729618f66a23c523b069115c08abb0d,Mirai,x86
d4a325326c9aa67a7a5860b5317960f3ef371e32cec92a44ade92d392397d270,Mirai,x86
d4c1e67bf96bb1fbc39bdffacfa091b4b1550a1e5fd491cd7839b6d547f8ea24,Mirai,x86
d4c1f9e84e463c10a15a349f7eb00205941828b419f3333d8fbe709ecb1a2616,Mirai,x86
d5642cfa07037769310b4001feabd618783d9c412f66e6a8c5982b553dac8007,Mirai,x86
d5b2bba485370cb15fb8a64934b29d57d24d1ff65e18fc8add9d4a347c7a5655,Mirai,x86
d5ecdf890cde5a95855e2ff8f6e4058c070b47ef10a440908d532ada8677adb6,Mirai,x86
d62da7f96bbbbd650eba1ad67554711882f021a3e4ace5e22431bc1a1a697643,Mirai,x86
d6b1f109ce119291b0bd58d58771388e8c33fea8f21062220a7171a313c8398e,Mirai,x86
d6d19330777a0ece89632b752710b727f0829ecad29a76ea7851b6f7950c0d03,Mirai,x86
d6e0999301e1f57c07baf89be158f8e760ec6a3e6223cf82f37db2ff3eb0feb9,Mirai,x86
d7007dac049001a9ad2a52a8664216dad91d26ed52b65d243e5d1e5125e9e897,Mirai,x86
d712693aa6738604f39852381b15e04198f3e90a0ba648c3ac177208929489b6,Mirai,x86
d736a294d5808924aaa8f57e17f93d3d0cbe114e678d65a86388186f6fd4a426,Mirai,x86
d7c115774ef9c1b949eb88368de45262c825514e5b704199cd75e95f39a92ab5,Mirai,x86
d7c7ea2f9f28c4f1f3d79c81cde9cb19d88208c860b369f1c34477dacaa44fad,Mirai,x86
d7ebd0cfcb2b983852914967819bedd56351ced3116d446f95ac51e4e533d56b,Mirai,x86
d84cbb5fee1c3b62158919a6efabc724898be58fe609630b7018c8bd3f5090bc,Mirai,x86
d86a1f80649355f013b7beaafbde8365c67ed9d1b92bba3543e15ff1d3526c85,Mirai,x86
d873bd982484f5f3e995f98bfef33edfa424ec07c3e688890a7552bcb79a0736,Mirai,x86
d8825909f8d48d054bbc4037b5157da254343c9b3795564b8734373193a176e8,Mirai,x86
d88586ce149d00078e75c99ac5d7e49579e3f3bd23a3d34de15d48e6bb675229,Mirai,x86
d8b55fd18aa6565f991e2b25f82cde847bad070c41a13e199c8ebfd2287525dd,Mirai,x86
d8ec6d6f9fb2e288c8be2ba38b1873f5191daee521237d50f13727f3cd848b7e,Mirai,x86
d8f6258336a3b4b309cf0f9bfceaf75fa929e64b0d782a43834f4f9233bae35b,Mirai,x86
d91e878d0f70497cf620a72e913eb4ed7dced983b0201d0bc675cbb46b758eab,Mirai,x86
d92defb12d06f2b7c8bb644d433459aa81b9f0877dafa3816530693dc1f6ebd0,Mirai,x86
d9311e08fef8bb79974783a22211089c2e7b9ffd9690071c20e17d724298dd52,Mirai,x86
d953496a3f3eea10f0ffd10ca72eb474c0978e6b44bd1afd04a8bb1b2f96ae1e,Mirai,x86
d97bd99da05abe73a8c069ddadf811c72033957b9a69e9b45d9ba15be7bac678,Mirai,x86
d9a24bc2bf175f24c792513e8d7e814f71c6c6e673e32594592bd1950bd7fd7b,Mirai,x86
d9b8a545ec586736f8fa1762dfaeb03394dd4c227d79ea4770597ce6f51da438,Mirai,x86
d9d1ea52fde3a297da8747c5f54b99884fe5440d17d29e23f166d902ed325ebd,Mirai,x86
da107f6f9ecde6eb51cac20a387c45e8c9e5b0e0b39fe1254786bd7fc5cb5a3d,Mirai,x86
da6680caf608d9a5c4b8a7d91a3c445d6ebc88f5820c124f1c65f7a77d7098be,Mirai,x86
da67cbe21b684aad52b0a31e59fdba96d722e937932be4543a2f458c1d5ced74,Mirai,x86
da6d4de9dc5ac43fb272581f4506d62e81783a3583abc34437724a779968ef6c,Mirai,x86
da902e23eff641473e4c2063f16be1ed447900e76a4be325600abdccffece41c,Mirai,x86
da9b1f3abe3db9fcaccdb84d8ad1871b84c1deacf13fc7b1b9f3db0001e99bbe,Mirai,x86
daae9969527719a2d6583f67b27fcd351cf4616977cde45d79b7562644cc61af,Mirai,x86
daaf60156ad58dc0358145ecb013369e477b999d392bb73826da327756125dd5,Mirai,x86
dae392a7deb5a0cfc5fd5a5b02ca41356c6191fb6ac2aa1b1d8336fa4c06e449,Mirai,x86
dae5dd3b29c7758b7b345e117c9f37fe63b89813a135568f3a64e8d030906d76,Mirai,x86
daed45373ff1ea59c02d8d82438db6fe36eaaf64973ae761cd5dd4e553736a35,Mirai,x86
dbbdf52354451795bd0c6e8273213ee2a18de59b5941abacf6363e2753ae97f4,Mirai,x86
dbd428afd8999352831139d1a585226fbf4dba3050c6c279d696107444628b68,Mirai,x86
dc1bc9d1f46905202b804e49d1a0516ceb562fdbd044e15a9873a985234613cc,Mirai,x86
dc424fa276ec32a861362c184bfed5e7bcfd0c543d11cb168f64916112121b82,Mirai,x86
dc43233b2fa152e8b98becc295da40b441f98a52962a35e13c392b790bad7762,Mirai,x86
dc44642ddb899d9c01be23d31b2e969dc9d95d99fee35d89b7f872f4db672c40,Mirai,x86
dca8101546b9e8c1ba49df133591e8ea3ebbfbeeedcf4364595fdc6a00248ad7,Mirai,x86
dcb9ec20516877f25291838d7df77325a051121c8a930179e3aaaa7b8778bfb2,Mirai,x86
dccc2fcb8f29091680efa541059496fab67fa489b1a75d3df9d708612a81112f,Mirai,x86
dcf7daef4e438df0e06ed27dc100b9ea2af77be1964df126d7765e930c8c1a80,Mirai,x86
dd4677e8b077f3c86c120636b79931339b6a5d8a8a9ae07dcdd51ece81bb43b2,Mirai,x86
dd46d07ebf8c7e5793103eec70c7a853ef9bfef496c7f4b22c1d8c79be4a4a46,Mirai,x86
dd56143ad211f0576527ea5058af0f4690cb3cfd1a3647a38c6a79a444a6266e,Mirai,x86
dd7b75f1f6f14a527603f834f12b6290d164f4f8dde51a032d6419d706e14d0c,Mirai,x86
ddb27286ef835c7995594cbfc9a4d0843887c80627f890494394e797b1faed95,Mirai,x86
dde75d7dbb5d9279c93f54bedba6dfe5ae48d30ba3a4ddfef09f6944db7c10c3,Mirai,x86
de0bbf16163e1f6a9b647dba6da11110e38ee5e0e2c2976990985265595eefa7,Mirai,x86
de3a89b2c735f976444313b5821c02cfe8cf266140be75c82c6efc3b6488dca9,Mirai,x86
de7b8114b782c1f30d8dad2b00026f37274d0883a435a14dafe63edd7b104cac,Mirai,x86
de9eb8c83030c2aa09476efc1992afe62849317dd3e0a4f2d056094752dfd8f6,Mirai,x86
dea08ef299820fd622ac3adc193692d281b591d4b62104c65c807183503712c8,Mirai,x86
df003bec986f7c5f53849ad28e960b7b0ae51c7ea831d350f830b71dc76e8ee6,Mirai,x86
df093413e0832692e642021c690e9c8df12f811e79415f340332a87e5964cee1,Mirai,x86
df1eab87645a21ee3602057d9c0e2b05ac337cd03b882c305fcbe6367bc223cb,Mirai,x86
df2c83adaca4b806c10de14ca21202e00dc7ceceb40434160c36f2731cbda5da,Mirai,x86
df4b89e3ff79fb2f83b477ded990dde9b9a556ab29a72ad4f4b86af23acc40f9,Mirai,x86
df9ee47c783fbe8c3301ed519033fc92b05d7fd272d35c64b424a7e46c6da43b,Mirai,x86
dfaf3deb154d36168dd83e9ca1bbce3afff3f3861a49d7d6f12ef6be04f52e28,Mirai,x86
dfbc4869e4ca6bc0849a7a07f87e9f12ee46e084d0a44fc0b0dfcf6eea5036a3,Mirai,x86
dfc382ea3e056db398306b61e5af7737749198a5146de99d7d3b10375f0322cd,Mirai,x86
e00412b46af2bb3f98257746853049e2a4047cb2e50257bdef51c67d73afc38d,Mirai,x86
e0534b50575caa91aea0dfb13dd5010a7b2b6f7f826fd146dbd31822ccf96109,Mirai,x86
e06415dc72ef53afad456714e3705abb55784737492c52cf6fd5a84f40c16d13,Mirai,x86
e070d4dc5169a94f0b555b39ee258d3aafb54e381c488f9b3fc6d2e0ba6452d4,Mirai,x86
e07f2f226a061c6e27fd1f12c426c661a195adf66c0ab4cda803c08d7f6bedce,Mirai,x86
e07f8674cdbb6a4a9cf93328c2a1eadb614884352baaf7d7e3485cc9168844b8,Mirai,x86
e0b581b6de07134d5b2950caf48c9d6b3aacb49a0045c1730c54b977c614752f,Mirai,x86
e0ccd3c907c6078061f6434e10d9028d2ebdf2ffc2493ac2b72bcbb079f403c0,Mirai,x86
e0df5fc0c5a25a8030128e3f03f56ef509f5c9637d0d26c907e59a092be3f1db,Mirai,x86
e0ec895f3f65821c2d77d0337cd8f19cf733c25c3c764e9706b9e66ce54b380b,Mirai,x86
e1a78b711b984ea53b7bd34ce87fbf9fa877ef13e15fcb72d914d6802d825220,Mirai,x86
e1b6a5af7deba9b27b63dea47d2ebb9c5e83f5b774237981ac42b2970d66a8ff,Mirai,x86
e1eb1d1b3c0c7947c3cda800e95981ecf26cfc1c236024ae3df09c7280b6aceb,Mirai,x86
e20d3c720d42d07d3fa3a4e4c42fdffc25abb685ba6bf10ebcdfd4a1e4d8947f,Mirai,x86
e218908ec858f71ec4d14f97c8ef2dfb6b673edb1e0e8bc7b781fe8e5a505e4b,Mirai,x86
e257ab5c12b20e280e44e73f0143b1097e588cd5f1dbe4f493bbea09e0a377ec,Mirai,x86
e26efe8bc1aae97533db7c3c59ab7bb847606513a4b24fcf96889c9365e2f69e,Mirai,x86
e2d82f5d29d608079c842c36e0346300b372fdb4a6ef780e28596b3b177ab154,Mirai,x86
e2da7d06094c9cd6b9e8bcd24cc5cb80affbe80d6311c10f5dd0616a4b157a40,Mirai,x86
e3bf0ce8edb8d6b2a26126ad0fb46c778314962934a8775fd2afd18209a9d483,Mirai,x86
e40c86676ecc2226ef4e7310afaec9eb5a7f2bc6b9694b4e5a7b3a31bcecfb5a,Mirai,x86
e41e86d3b692d8c429d978ce358cc2a4a81d8acf4a78c046d00c8f429af02218,Mirai,x86
e43ae82cc0209f0e1f500f07a862c089af265bf48d776d9313fc393dfff3b353,Mirai,x86
e49659c5aea9a71e0a52c9f42cbac68966b6ad8ec135ea6a3a7f4529b26e0d6e,Mirai,x86
e4f2d18d45e5d6eedf4801d67bd85c56968ebfa8bc20e6721fe01796a69b844f,Mirai,x86
e50b07b8692f1e46f54574a940b873356e93386aee9d45ff81a988376c9ed503,Mirai,x86
e52ac861686e066836f279ae7847a5dce135f371d69f1d64ca4b1246c35b313b,Mirai,x86
e52d3120c6bcf7d43712ae637cd65c94714d0a1138b49ca462087dc56a35f042,Mirai,x86
e57cec83c2a5fad529df693771bea3f5a6ffc4d6af889ef38b2f539519c8c0be,Mirai,x86
e5b607c018729b2741d868247d969fcb6be494aaca40828a946acc4322839cf8,Mirai,x86
e5cf84a7b4782abb49b919390f2be1ec2e2701cc7633ec24362b7dece9dea6d9,Mirai,x86
e6149c4511dbd85727f946db0b835f02ff0ca65f8c0cbb6c77292cc464c4a1b1,Mirai,x86
e627d596fd40bf7c2d3659bf5968ac85d35661e4056aef77fc86a4e659c49011,Mirai,x86
e646c71fa2864ac7a6826a0e8bb526af10badc6e3680dde54b9bc193e2ccb4ef,Mirai,x86
e66910253180a9f12a9a17c003e728321864f9a53bc5f48b68ac7536399638a1,Mirai,x86
e68a42657029c13411f9b5558cd85e57e3e89a595a4483016ec06113f5f10e08,Mirai,x86
e6a2ba498bfccbbf52a253290d7731379aab32878b5750713551f2ed4a3dcb56,Mirai,x86
e6cfc4a896974456dd9b59fe6e8d38feb41dedc4aa95f773ee7b80546a64d54a,Mirai,x86
e6ebd010e235a8ceac08e633d1f0ab888577360876000ff05768af55fa6b46ef,Mirai,x86
e72009a43bc82462b5f0e1e0e32933f95582f35aeb14058cc62137e09ad06cb6,Mirai,x86
e730a2007706ec63b926bb541ad207475bebc136e3392413d6dc467a9e8e0284,Mirai,x86
e773d88e6bde7615c5e22d4d52091ff6648a554dc30bd24913f83e304e6f04de,Mirai,x86
e77cc3683b6dd77bebec28a52033d9ad67bb9a8709d9aa4f6fee8466deac9d5e,Mirai,x86
e78a02821122bb21220c712728f91f41839b883ac78a9624270b9c522de85c54,Mirai,x86
e7be2583819c371d2eb76977cd9e7d6b70a1ece956bbd244c0080ff896592e07,Mirai,x86
e7d4de40209e50f02c611cebc4390d150c3b2f152100be67c51b7badf1ca4aac,Mirai,x86
e7deafec74b0c6c53f60e20d1822398acd7175ed06c52497080a8e3f2a80ea28,Mirai,x86
e7f3ecabad9058fec113f95da927b1d297d1e1d7494d7f1fae9e83427ecd44aa,Mirai,x86
e818de0f0d3f9a641aafc251fb87282b6e1dec523fd1342b57e730a2ea55aa21,Mirai,x86
e8304cf7348daa2ddc4b34b1b73c40b2c28aba291759cdbbf2562aca3090739d,Mirai,x86
e836be0a08d9c02158e65792cff4eaf7c1d722fcc066e1d4ca5bdaf76fcb651f,Mirai,x86
e866c8f6585c217ac813187c90aba5073286c7fb38d70f7a51b4e3ee13ab85ef,Mirai,x86
e8670d4c4a5b42c7dbcffbcef7789abbc2fb78faf7cac74063b11ed1860b21d5,Mirai,x86
e87efe61a84a5cdbf50f744ff64cb1ad04af74666b88f3e15ce8a8ed36964c2f,Mirai,x86
e88d91dd28f12d65303206a881138038a805bd1cd0d323ea91a6267f34420cc4,Mirai,x86
e8b95a2b55379b6dd95e6a8cc22f5db2ec6be4f7618c255994fa89561bd27bab,Mirai,x86
e8dfb7c2643ceae7a139fe3fc5d173117fcae7dbf5f3d55426a3b41402ad82e3,Mirai,x86
e9320bb360e76ffe9b393c30695ca5e2f0cbe4aeaef1ed2df32ac0b820e9fda2,Mirai,x86
e9558ca21cb2ea0ffbcb825c09b68a38fa6fa66bdb08b8f22bfdda5ea62ed35f,Mirai,x86
e95da363718b982e8f2f37554f43714d3c95bf049a1484eb4a9399c07bd6f753,Mirai,x86
ea0053626ed92f500f8039f91a68d21d3526241bb1add3b5978fbd4acb29cdb8,Mirai,x86
eac0b4c89f56005b9582b39de0b2907eaf5f49b895055d29a98dbfe9b735f40e,Mirai,x86
eaf0b8ed3c9685abb96e9bdcaa220a3b80befd4b243b33c67dd9d86e4ee5e652,Mirai,x86
eb16e1783903f172ccf74dc534089d4bbe4e5647cbb3f210d356c27d92ef7247,Mirai,x86
eb582b1cb171f2cae421e6f2739356c6e95fafbf6646cf3293a9fea51d3419cd,Mirai,x86
eb6e874cfb4666e6ef0d625eed95fba8ec35b9fb6703560d1de79cd2be57364e,Mirai,x86
eb812589966f7cde24f0913132ab7d2167d5b0f2f660973584dd8e7bb92941e7,Mirai,x86
eb9fa7eb37f9e37214a0e1ff73cd71b5e3ff55a7c61d189ce6ef4bb5fbc75cbe,Mirai,x86
ebe3c98ae141c93e8c24cddf5454f3081b22cc74e4b328044a288269333c974d,Mirai,x86
ebfa7193d7e1bccb3dd28cb13f1efe73fe0c7366e4dc1412565180bb300d00e7,Mirai,x86
ec4f6da7fe3930949710b8b88ec67cf8be0ee565963c0005174b895cd2cffbaf,Mirai,x86
ec5f700f5a2075a02d6332c2212033ae67db59009520cb5825c20fa098048771,Mirai,x86
ec793798b9618e26b292737f845f74ec12488ec05eb7944cf600a65ce5b9040f,Mirai,x86
ec8a3b5305652eedf20ee347801356d387b9daa397ef1ef0350763290042ec52,Mirai,x86
eccd5b2a7b203397515129290995cdff978d37444c3c32cd8735cb46a68649cf,Mirai,x86
ecee78cd39a265e225f7cd8aae825685f3858692a624463b88f50afd78c7c404,Mirai,x86
ed0871a12e31900299c221f8d9b48ef168912df0421449772d37b39e1a3e2f62,Mirai,x86
ed2441a6714298ff82a644eeba55fed6864c43124ae167463c8c36f0b035d8a9,Mirai,x86
ed2dd45e29cb010b6bb9f8daca34ea78d278c23a7d4e6b923877f932329d055e,Mirai,x86
ed48c3e2181f8112825cee371e98cacf87388c7ca0d8da4fa032a1d0f26ac830,Mirai,x86
eda92248397e890e7172683ffc66acc4fbf97af5b3ec0e6224d187e9a16a8912,Mirai,x86
edf8129f909bd05103b25802a40d867efd8b638ac13a2d266b536c79bd893ccf,Mirai,x86
ee15d18896394bc2ec57f7b25c57dca6efcdead491de3c0d23ed5f76b9f7fba4,Mirai,x86
ee1a5f585d13d7717644691c92f381505b61f1fc00bc26aece1246a6ba043caa,Mirai,x86
ee3538cc8761c87c30f6377daec7a0fd8953c196a1a181286add7ca3c1325ee5,Mirai,x86
ee3f8ad5caad0bf69dad4391948cbd558a3293cf1d253ea2f7f5b8e125e48b7f,Mirai,x86
ee6f6adc5cc92a4ca296f8d7a1782949fb87f41038da0f1a61a9336a79f3bca7,Mirai,x86
ee94a29e921fddfa1074a19d8f17f91a145f09ba6cb2a75cb894e03be74b5b8d,Mirai,x86
efb125512d080c13b0e00e088f82834ff98f6f6aba219a8cf7a58ef91998db93,Mirai,x86
f0148557c079a0f8fd9d779cd9ffc80998713b085ed08180ed184af31f68a044,Mirai,x86
f020d3d29091bcb01a6ce6e79358c807f4febdf80494f6fe3780453477d4c839,Mirai,x86
f05f5a0f3ca5a02d68ad95133959b4ad363d2c45bfd783c70718b438134dcbd9,Mirai,x86
f079bcb5913e12714a26b689d2d3d2ed6381eedcfd89f6f72ac0c00361c2e70e,Mirai,x86
f09612a2cae9f934aefec339f24881002c1f8371484793f53bce2ae825847f75,Mirai,x86
f0a7dbef9be192efc29379a196c195319b7ec0cd9db7b20b84ae24faa38d00ad,Mirai,x86
f1172e18cdf818305e5ebb44cd6cd583a231fc33b0777394b0aa302a97823816,Mirai,x86
f15a473aa2b93c7bdeaf78e64cb4ab501dfabf792739fa9198158ad304b0e81e,Mirai,x86
f167c1bd3f4703c5fb3e02cc41eed567e6d909102c67496dccab8b60ec5a52e2,Mirai,x86
f197a1e6c2e4352eb34f988e86360505b73537160b03bb9a40c6baec830db89a,Mirai,x86
f197b5a88aa716a54cb4bd0b20cb73735e36173cbab13a19dd55232db51770aa,Mirai,x86
f1b1f93883df686d347619b72d379e8bbe1d173a497d05ba31a88c3a6dc03b0d,Mirai,x86
f1c44752f16d34c31d2bf6e522ff081e506415faf45e6c917da33a7a2785b945,Mirai,x86
f1f365482e72786f2c5a9ca5711b3fb8d5bb7210299eff45419b2508b7fd12ab,Mirai,x86
f1f99a1a98e2353260a1b8f5f074175cb43d794ae2a58e6d9d3d24298958cbb7,Mirai,x86
f2197cba3517678bae99f6303c59852f788bec84cd55d5062ac89a4212e59cb3,Mirai,x86
f2245d8202a66ab2f5c9538a4ced4a0fd6fab15ce1ff07b23489ffcbf230b24b,Mirai,x86
f24765153445bc6ae280b345ae9d679abe3d94b0fa2236b2fb0f050ebd46e8d5,Mirai,x86
f2e674392d08722c27f3274509fedc05e57781f91f778e3e600f6ba85afc85f7,Mirai,x86
f2f0624c0455621ff3f122ad24d4993c0843377d7cb81faf635dd49ea6a8d03b,Mirai,x86
f30393a31a62d20de6eec59c3a89dbddabc5995015ef05e08a50611590ae7542,Mirai,x86
f3408d89e567a9d481b08392c34917578362fe7fedefba344d37979e599e1ec3,Mirai,x86
f369b85a1d52527e06e0639864ce4307bc0a64d04ce5de96cde05b808a4d2ec4,Mirai,x86
f3ad08a9ce254f4efaf4299e37ac24151daf1214df67456936e3b73a5ba9ce0c,Mirai,x86
f42d2af00baac02affc7234dfecf4d86926dca430d6af872b23ef5418a12de21,Mirai,x86
f42e25efa95e32287a105cd347ab1e34cad59a4ad590b879716f0b05bc29bd0e,Mirai,x86
f430e3c16555f1c041c4262e9346ccee857d0726fb8671d8e0df8b8ee93a9633,Mirai,x86
f43971e856476cb72ee21aa4f670ba35f532e421d2b041095fe0e3ba2923eea6,Mirai,x86
f476d63c9c685ca86a7ea19b09d4875a0f836089ad5aec53a169e87b32f67cb6,Mirai,x86
f4a89208bc0cfa080f731ee3d1c678216a3e4a6e02702080373689e814477ef6,Mirai,x86
f4ddeb76807845b85d3d3fed3ebccaf5c135bb1fa1278f06388dca8542ef2555,Mirai,x86
f57114cbe43d10c7fb8311a8056738c88501a85aa1df1bbcbecf34e6a74210a5,Mirai,x86
f5900b7029b6c6c461c8c2fc88e03a331354be0986ac33a22d10efb8848cd196,Mirai,x86
f5a08a77086efc8b375f26f2e84cb5b4a8223118892035229e7223cc71c0dbc3,Mirai,x86
f5b1dec14e7a172f7159591f7d93db2b4d6567d318b19eac47411ff0b68d27a9,Mirai,x86
f5da4bcac0cdef97f0172d7a9a4d602ed77e6c9ccf3e72fa499ec5fd8fef1ae0,Mirai,x86
f5e6b3367844ebc39fcb473a54e4deb37f542b5558f99b5d34d9beb48400307c,Mirai,x86
f5f4a33ff3cf8a131a92dc638ea90aa37caabd11cf5a2e59ee1957f3dbbf8c9f,Mirai,x86
f691144f2b5c71b1256d7493a15b75fd4d931ef63485425948667f243c0aac1c,Mirai,x86
f69256157b89ab273ba9cd930388ba9f3df38fdfaa372ae261f27517386ec39d,Mirai,x86
f6e54eefe52c5e874ffd9e454143cb5c70ebe3ebc2cd485bd0b6240030d87a34,Mirai,x86
f6e6922750c52c13a5fa2a08bb481ec8202304a9ff68b459ee2841eaa6c97020,Mirai,x86
f6ffcc8fb83e54f6842e33734f220d8a04ca6b70d46b94d43b27f5ef9f0f1058,Mirai,x86
f75daaaa5f9e3da084c7cdcafc7efd130208f3d790fe741441999ba40e58fd4b,Mirai,x86
f76d1194777af9ae7571529b0c5febdf924ab56536e86b8b3e66fd5cb59c2bec,Mirai,x86
f77112b60f9759b85908b6b3b84d2f99bfabfa31d25bdf134e4673f6173add66,Mirai,x86
f775fbefd700a35a488ba47641ae130aa4e4b4d2e248617227c69bae4b07c876,Mirai,x86
f7d318b7303063ec8b223be6bf3851bbe158b7c730cc34740ed612904c4a42fb,Mirai,x86
f7f258663933f8f9e094b82f7246297763a6b65138ce27327e13a55917224b87,Mirai,x86
f8864a9ea4a6911c55e7ccf07caa18340d9c36bb5d8d56c9e62016546aa83953,Mirai,x86
f88854a759d058b3d871516ede370339ba1a4a08e62054b6c72367eadd1cedbf,Mirai,x86
f89add2b3cc5cb2310aa7b034dd52644ca05d19cde52e03e07c51056e0000a7d,Mirai,x86
f8d638379d495937c3f2448f34a7a2c99c557493b0cf25da8af7a0c35454d231,Mirai,x86
f8f007842f71e53c24c30522774ca1ef6d1d7ed2dc9feb7d8441f419c874cb53,Mirai,x86
f8f7264d7881f823bbbb4872f33929bd1011ee625a1aafa1f015291303f6701d,Mirai,x86
f9108b1f85dd9e98eee02d29e7ef0ac253b852524ba1067901167e0ab9482cf6,Mirai,x86
f91120203b74b43e5dd505b7c35efc40652beae809bb7844b012903bac5c9160,Mirai,x86
f957079f06cabd04fc9cf24ee38314d681b919236efcbf92a6c9af1ede88c07b,Mirai,x86
f993f67a2f2c9c535f4a369719f19ba398a2f6bc13cd39cbe10056695b724a4b,Mirai,x86
f99aaac2fbb07e1ea6dda9999469768ce98e1024e0d5bcfc11cb17e44fc2696b,Mirai,x86
f9b2aa92ed311468d817a5fcb7d30e490dfd9f1e6450d06d272e97babba162d7,Mirai,x86
fa2541dac4f87ab50f1c9f49bf48b9795d56f0da1a06a0df54de40d4a23a9ec7,Mirai,x86
fa2e688bdcd916636afa5d8752df8bd9433c0d60f731bbfeb3cd71d51fd7165e,Mirai,x86
fa31e4b45fd58c6382026b22789d090ba3e99121df213b1da3143b47a11aa274,Mirai,x86
fa4591dc9b6ff30ce62b1325520fb4257cb5c22041cb869c07891f6dbd826510,Mirai,x86
fa5f201ad7bf7e13a9eb92319bd17be36636816a644932358253fcad602b66ea,Mirai,x86
fa74426bf755a453ace0703bdab27e12af077961eb80c1207f6e91ef5e9a41fd,Mirai,x86
fa805d21722324e9ee86195ee16f68ba69828f1c5f08c6aff6eab3e80db2f129,Mirai,x86
fab8e2483767472abd12da04814aebdb363970feaebb6cbd5635b669070f7c76,Mirai,x86
faecf75ffa583cfb554e47ca4426ce34e40511c34800d44f8b4b5f41258bac4c,Mirai,x86
fb32444e8e73bf5c8b9f41dbba7bff0bdfc5a9d8ef9abdc71ed93dd3b8210fcb,Mirai,x86
fb7daad3ea646a226dbfe74d2df0e3f36b4e97595fd1fec2f09272ce80b24ab1,Mirai,x86
fb90450f325ede356632dfab1901634ddd8e1f9f5ef01878c4cc5cfc264beb05,Mirai,x86
fbffe5fed580caee10c3b770ad7001fe0e6ade61967a5f6e0774862743739567,Mirai,x86
fc300b5f6de6eda3b62352d1068e5e4312b33816fea8daa4a45bb618aa66ee00,Mirai,x86
fc33a5e8060b7aa373021a418e0fff934791b9156f1dd15ab147c986c224d847,Mirai,x86
fc4bcc7f704458a849edcfeb9d1fca49d4b875577851c0373f87abeda9f220af,Mirai,x86
fc6df441c4a3446d29ed3932043265d94585f02c1bfb95c07743e2c80b035adc,Mirai,x86
fc7c99049ddaf6556689a542906d155269a3729f09d2a91da1759bc6ab35c18e,Mirai,x86
fc840a85a3ec3f5dd055b9361241b2517c6ef2084e96dd26b4cb1f3a1851d919,Mirai,x86
fca185b5efc7e5df44003d8612f179414eadb71c31386c707a7e6f1f8809790e,Mirai,x86
fca78dd512cdd03cf13c85740364217867190c5c5e67dc8262964a9fcb766bfe,Mirai,x86
fcb7eae70ef67c35e39d7695adc820cc73675eb7254d7326480f4163b40cbc5e,Mirai,x86
fcd716aa491fbb0ca34de6700aeba0dcc3c79e90d9f4701d0537967738e88007,Mirai,x86
fcdfc7569ac0ac423fa8f066f2009879c9a0497540db044aad5df8dd4b9230a7,Mirai,x86
fcebed5e734c487d2a5625f94d5fcb5a914419e0d5735cdce6f7b54c95aa84d3,Mirai,x86
fd7b9c5fcb87c00fc6575541be140906fb5b49f2e955a8f5bf098092af375f6e,Mirai,x86
fd9b50930a533e0203aea548c81b3cdf7423206e787678e3484bb007491097e7,Mirai,x86
fdf1c3f78a7f6ba8a8ac8ed6bd00cc599e43f5428a32373cb8c75a9d3cfd05be,Mirai,x86
fdf2160bd9d4ee27ebc32d2cd19625c5749292da56bc11c0ffb512d1cac2451e,Mirai,x86
fe140c321316abcdf1ec3580b9bfaf25675305e2db9a308dac500730484c817c,Mirai,x86
fe2197e6b4eb6288e64f76ffbb47197f210086a4fd9de75791b0df1f7668c3f2,Mirai,x86
fe24cec406a8e732933cfca53d0e97c2f8d2234ad54dc2995026ed945096d76f,Mirai,x86
fe2d7fab27eff7bc022bcc60cb0ec48e1ef0fe0b6114eeb1795908cf693c547b,Mirai,x86
fe391b02471d4132e77107d93429870356a7301e19ff1327d9c6a9f179ed5ee5,Mirai,x86
fe50f008d93bcc6ec96a6dab9a9e8db57ee2f89d7c85cf119191446af2287628,Mirai,x86
fe635fd6e131451a6ff384ec58362ffca5549a377a095275ef24576fc2981e87,Mirai,x86
fe6b26b8d2b0d26574f2abebcea6d4677d1b26aabdf59302fe4d3a4a5980a09c,Mirai,x86
fea708016b5e264fa5fa0f22ae81440f4fe443eac5317775307fcdb1bc51ba5f,Mirai,x86
feb06403bb225c7f25accbebe4cc073e6cacced9ffa1f2e03ffda01345895672,Mirai,x86
fee146111238834104ff4ebaaa8bbd0a38f22ba65b591a3c4a5ab2737a8a0c14,Mirai,x86
ff036fa7210a84a7e7a75e9bb9d868db18d6cb72b909dc465e107928f92a57a2,Mirai,x86
ff5e7f0752b705531e6b2e3a763232f9b6f93f4eb4458626c6c8d654f33cd005,Mirai,x86
ff94d577bc81eac26d80a452d985378480887c3d44c08e0cd4c784c344f8c4ff,Mirai,x86
ffb7953e0fa3df2fc24a5d46bfb3113608d0fde37f6a83225d16c05a3ff49931,Mirai,x86
ffcbafbee2f5391cf1fa7f9f28cdac58cc4e2e4fb51afbabbb250757984187da,Mirai,x86
fff10c2029353481ec66aea8bda4b3c9277342b0e3df8fc481cba69ebf5ecf9c,Mirai,x86
